movie_id,title,overview,release_date,runtime,original_language,genres,keywords,budget,revenue,popularity,vote_average,vote_count
969681,Spider-Man: Brand New Day,Fighting crime full-time as Spider-Man in a world that doesn't remember him—and the pressure of seeing his old friends move on without him—sparks a change in Peter Parker he may not have the power to control. But that transformation might also be the only thing that can stop a shocking new threat to the city and those he loves - a powerful villain no one can even see.,2026-07-29,145,en,"Science Fiction, Action, Adventure","mind control, new york city, hero, mutation, secret identity, superhero, spider, villain, based on comic, sequel, transhumanism, super power, masked vigilante, spider web, aftercreditsstinger, marvel cinematic universe (mcu), masked superhero, fight for justice, genetic mutation",225000000,2495683000,687.7014,7.865,2923
1423191,Resident Evil,"Medical courier Bryan unwittingly finds himself fighting for survival as one fateful, horrifying night collapses around him in chaos.",2026-09-16,95,en,"Horror, Science Fiction, Adventure","outbreak, survival, zombie, based on video game, survival horror, reboot, zombie apocalypse, courier service, body horror, intense, zombie horror",75000000,196476247,407.7241,7.3,556
1101383,The End of Oak Street,"After a mysterious cosmic event rips Oak Street from suburbia and transports their neighborhood to someplace unknown, the Platt family soon discovers that their very survival depends on them sticking together as they navigate their now unrecognizable surroundings.",2026-08-12,100,en,"Science Fiction, Mystery, Thriller","teleportation, giant snake, time travel, wormhole, family relationships, suburbia, survival, prehistoric creature, dinosaur, survival horror, neighborhood, 1980s, suburban, nuclear family, skeptical, survival adventure, suburbs",80000000,120363694,392.1,7.1,1648
1204680,Coyote vs. Acme,"After Acme products fail him one too many times in his dogged pursuit of the Roadrunner, Wile E. Coyote decides to hire a billboard lawyer to sue the Acme Corporation.",2026-08-17,103,en,"Comedy, Adventure, Family","judge, lawsuit, lawyer, courtroom, unlikely friendship, coyote, live action and animation, based on magazine, newspaper or article, cartoon characters, cgi-live action hybrid, absurd, dramatic, celebratory",72000000,88043208,355.8496,7.6,549
1368337,The Odyssey,"Odysseus, the legendary King of Ithaca, embarks on a long and perilous journey home following the Trojan War. Throughout his voyage, he is forced to confront the whims of gods, mythological monsters, and trials that stretch both his cunning and his humanity to the breaking point.",2026-07-15,173,en,"Adventure, Action, Fantasy","ship, trojan war, greek mythology, historical fiction, ancient world, period drama, based on song, poem or rhyme, greek history, voyage, peplum, ancient, trojan horse, mediterranean sea, bronze age, mythical, odyssey, sword and sandal, epic fantasy",250000000,1751248000,366.2926,8.019,3946
1032863,The Love Hypothesis,"Olive Smith, a biology PhD candidate, and Dr. Adam Carlsen, a hotshot professor and well-known tyrant, enter into a fake relationship, seeing each of their carefully calculated theories on love get thrown into chaos.",2026-09-23,112,en,"Romance, Comedy","based on novel or book, professor, romcom, love, biologist, pretend relationship, asexuality, fake dating, demisexual, phd",0,0,329.2336,8.196,326
1288445,Mutiny,"After witnessing his billionaire boss' murder and being framed for the crime, Cole Reed boards a cargo ship on a one-man crusade to avenge his boss' death only to discover an international conspiracy.",2026-08-19,96,en,"Action, Thriller","revenge, conspiracy, one man army, cargo ship, framed for murder",40000000,20824283,245.3774,7.278,675
1375646,Colony,"Professor Se-jeong is thrust into a bloody nightmare when a rapidly mutating virus is released during a biotech conference causing authorities to seal the facility. Trapped inside with no escape, Se-jeong along with a small group of survivors must fight to stay alive while the infected undergo horrific transformations.",2026-05-21,123,ko,"Action, Horror, Science Fiction","zombie, vaccine, ambivalent",0,0,231.6084,8.054,905
1263337,Heart of the Beast,"After a harrowing plane crash, Special Forces officer James Belmont and his combat dog, Odin, find themselves stranded deep in the Alaskan wilderness. Together, they are forced into a brutal fight for survival against the elements.",2026-09-19,101,en,"Adventure, Thriller","alaska, dog, special forces, military, american wilderness, man vs nature, plane crash, inspirational, survival thriller, extreme conditions",82000000,0,188.6639,7.691,110
1084244,Toy Story 5,"When Bonnie receives a Lilypad tablet as a gift and becomes obsessed, Buzz, Woody, Jessie and the rest of the gang's jobs become exponentially harder when they have to go head to head with the all-new threat to playtime.",2026-06-17,102,en,"Animation, Family, Comedy, Adventure","farm, island, pig, horse, rescue mission, rivalry, sequel, love, stranded, wedding, tire swing, walkie talkie, cowgirl, blunt, cowboy, buddy comedy, duringcreditsstinger, toy comes to life, hippo, abandonment, toilet paper, replacement, toy, frog, 3d animation, tablet, pixar",250000000,1136476240,198.3883,8.319,2389
1492640,UNABOMBER,"Follow Ted Kaczynski's transformation from Harvard prodigy into the infamous Unabomber. Subjected to controversial psychological experiments by Professor Henry Murray, Kaczynski's troubled past resurfaces decades later when his manhunt, led by FBI agent Joanne Miller, brings to light the chilling consequences of ambition and isolation.",2026-09-25,101,en,"Thriller, Drama, Crime","bomb, fbi, based on true story, terrorism, mk ultra, biopic",0,0,180.2172,6.99,150
1607127,One Last Shot,"Navy Seal Jake Harris must stop a team of mercenaries, led by his disillusioned former comrade, from disabling the US missile defense network.",2026-09-22,98,en,"Action, Thriller","betrayal, navy seals, mercenaries, missile defense",0,0,182.4947,7.603,63
1339713,Obsession,"After breaking the mysterious ""One Wish Willow"" to win his crush's heart, a hopeless romantic finds himself getting exactly what he asked for but soon discovers that some desires come at a dark, sinister price.",2026-05-13,109,en,"Horror, Thriller","obsession, supernatural, possession, wish, unrequited love, couple, absurdism, self-harm, supernatural horror, psychological, independent film, psychological horror, cursed object, intense",750000,519413102,168.1108,8.2,5786
1108427,Moana,"Teenage Moana answers the Ocean's call and, for the first time, voyages beyond the reef of her island of Motunui with infamous demigod Maui on an unforgettable journey to restore prosperity to her people.",2026-07-08,115,en,"Family, Fantasy, Comedy, Adventure","sailboat, sea, friendship, ocean, leaving one's family, musical, remake, curse, explorer, based on movie, demigod, polynesia, sea adventure, giant crab, animal sidekick, seafarer, live action remake, female explorer",250000000,308159595,157.8981,7.391,797
1232569,Pinocchio: Unstrung,"Influenced by a sinister Cricket and created by Geppetto, Pinocchio launches a violent crusade to carve himself into a real boy like his brother James, one piece at a time.",2026-07-22,82,en,"Horror, Fantasy, Mystery","lie, puppet, killer doll, dark fantasy, aftercreditsstinger, evil puppet, toy comes to life, mysterious, aggressive, teamwork, absurd, slasher horror, the twisted childhood universe (tcu)",500000,821127,153.1087,6.583,113
299534,Avengers: Endgame,"After the devastating events of Avengers: Infinity War, the universe is in ruins due to the efforts of the Mad Titan, Thanos. With the help of remaining allies, the Avengers must assemble once more in order to undo Thanos' actions and restore order to the universe once and for all, no matter what consequences may be in store.",2019-04-24,181,en,"Adventure, Science Fiction, Action","superhero, time travel, space travel, time machine, based on comic, sequel, alien invasion, superhero team, marvel cinematic universe (mcu), alternate timeline, father daughter relationship, sister sister relationship, teamwork",356000000,2885439100,133.9381,8.245,28824
1440098,Drawn Together,"Marfil, daughter of a powerful Spanish businessman, sees her life in New York turned upside down when she is kidnapped and released without explanation. Her father hires Sebastian Moore as bodyguard and, forced to spend every minute together, an inevitable attraction ignites in a world where nothing is as it seems.",2026-09-09,104,es,"Romance, Thriller","based on novel or book, kidnapping, bodyguard, family secrets, sexual tension, dark romance",0,0,126.7759,6.752,135
1240889,Teenage Sex and Death at Camp Miasma,"After years of slapdash sequels, the Camp Miasma franchise is handed over to an enthusiastic young director for resurrection. But when she visits the original’s star, a now-reclusive actress shrouded in mystery, the two women fall into a blood-soaked world of desire, fear, and delirium.",2026-08-06,112,en,"Comedy, Horror, Romance","sexuality, trauma, satire, casting, loss of virginity, remake, lesbian relationship, marijuana, serial killer, camp, slasher, polyamory, recluse, lgbt, camp counselor, aftercreditsstinger, older woman younger woman relationship, talent agent, transphobia, wonder, meta, zoom call, psychosexual, independent film, transgender, actress, filmmaker, final girl, suspenseful, hilarious, nonbinary director, audacious, bold, comforting, distorted reality",8000000,8525000,130.823,6.33,203
460458,Resident Evil: Welcome to Raccoon City,"Once the booming home of pharmaceutical giant Umbrella Corporation, Raccoon City is now a dying Midwestern town. The company’s exodus left the city a wasteland…with great evil brewing below the surface. When that evil is unleashed, the townspeople are forever…changed…and a small group of survivors must work together to uncover the truth behind Umbrella and make it through the night.",2021-11-24,107,en,"Action, Horror, Science Fiction","biological weapon, orphanage, dystopia, mutant, infection, zombie, mansion, police station, based on video game, reboot, ghost town, duringcreditsstinger, lockdown, 1990s, secret experiment, bitter, disheartening",25000000,41914915,163.1029,5.933,2818
1477712,Ice Cream Man,An idyllic summer town descends into madness when an ice cream man serves kids sweet delights with horrifying results.,2026-08-03,86,en,"Comedy, Horror, Thriller","gore, murder, serial killer, summer, massacre, ice cream, ice cream man  , aftercreditsstinger, killer child, town, independent film, absurd, ai generated",5500000,7788193,144.9434,4.775,91
1315772,Minions & Monsters,"This is the rambunctious, ridiculous and totally true story of how the Minions conquered Hollywood, became movie stars, lost everything, unleashed monsters onto the world and then banded together to try and save the planet from the mayhem they had just created.",2026-06-24,90,en,"Adventure, Animation, Comedy, Family, Fantasy","magic, sequel, alien, prequel, hollywood, spin off, henchman, filmmaking, silent film, framing device, duringcreditsstinger, women's suffrage, 1920s, humanoid robot, 3d animation, monsters, hilarious, vibrant, early sound film",85000000,519033384,116.0834,7.564,1188
1224993,Dark Nuns,"Desperation drives two nuns to perform an exorcism no nun should attempt. With a possessed child at the mercy of evil and the opposition of the Catholic Church, they take on the dangerous forbidden rituals themselves, putting their immortal souls in grave danger. They must confront the terrifying cost of their sacrilegious actions, but one goal remains: the boy must be saved at all costs.",2025-01-24,115,ko,"Horror, Mystery, Thriller, Drama","nun, ritual, supernatural, exorcism, church, catholic, occult, dreary, suspense, apathetic",0,12140335,120.4454,6.2,97
687163,Project Hail Mary,"Science teacher Ryland Grace wakes up on a spaceship light years from home with no recollection of who he is or how he got there. As his memory returns, he begins to uncover his mission: solve the riddle of the mysterious substance causing the sun to die out. He must call on his scientific knowledge and unorthodox ideas to save everything on Earth from extinction.",2026-03-15,157,en,"Science Fiction, Adventure","friendship, coma, based on novel or book, bravery, sun, language barrier, space travel, space mission, alien, space, memory loss, astronaut, scientist, science teacher, save the planet, spaceship, interspecies friendship",200000000,684234722,107.1102,8.643,8017
1377237,Runner,"A former soldier is thrown into a brutal race against time when a critical medical delivery makes him and his unlikely partner the targets of a ruthless cartel. As the mission spirals into a deadly manhunt, every detour, delay, and bullet pushes them closer to failure. With betrayal closing in from every side, they must survive the chase and deliver their cargo to save the life of a little girl.",2026-09-07,97,en,"Action, Comedy","race against time, black market, drug cartel",0,6432956,104.7284,7.613,53
1083381,Backrooms,A strange doorway appears in the basement of a furniture showroom.,2026-05-27,111,en,"Horror, Mystery, Science Fiction","california, monster, therapist, surrealism, childhood trauma, alcoholism, found footage, 1990s, other dimension, based on web series, psychological, liminal, body horror, psychological horror, liminal space, analog horror, sci-fi horror, bewildered, foreboding, liminal horror",10000000,400099619,111.4963,7.024,3472
299536,Avengers: Infinity War,"As the Avengers and their allies have continued to protect the world from threats too large for any one hero to handle, a new danger has emerged from the cosmic shadows: Thanos. A despot of intergalactic infamy, his goal is to collect all six Infinity Stones, artifacts of unimaginable power, and use them to inflict his twisted will on all of reality. Everything the Avengers have fought for has led up to this moment - the fate of Earth and existence itself has never been more uncertain.",2018-04-25,149,en,"Adventure, Action, Science Fiction","sacrifice, magic, superhero, based on comic, space, battlefield, genocide, magical object, super power, superhero team, aftercreditsstinger, marvel cinematic universe (mcu), cosmic",300000000,2052415039,99.5498,8.2,33006
755898,War of the Worlds,"Will Radford is a top analyst for Homeland Security who tracks potential threats through a mass surveillance program, until one day an attack by an unknown entity leads him to question whether the government is hiding something from him... and from the rest of the world.",2025-07-29,91,en,"Science Fiction, Thriller","government, attack, privacy, surveillance, found footage, cybersecurity, district, online privacy, screenlife, war, so bad it’s good",10000000,0,101.3877,4.024,1150
1641629,You+Me - Against the World,"Alma Lancaster, 18, appears to lead a perfect life within a wealthy family who believes she is studying law. In secret, she pursues her true dream: filmmaking. On campus, she meets Vadim Arcadi, 20, a magnetic and solitary rebel with a troubled past. Forced to collaborate on a student film, they clash, grow closer and fall in love — despite themselves. But someone is watching them, determined to tear them apart and expose secrets that could destroy both Alma and Vadim.",2026-09-18,94,fr,"Romance, Drama","based on novel or book, college, love, teenage love, filmmaking",0,0,98.6447,5.881,59
1323244,Rage of Stars,"A story about a woman from the International Special Forces Unit, who has a premonition about the impending end of humanity.",2026-08-06,106,en,"Action, Science Fiction, Thriller","military unit, mysterious, prophetic visions, dark visions",0,0,93.3091,6.6,206
1386315,The Runner,"Maia Marten, a brilliant London lawyer, has her life shattered by a single call on her morning run: her son has been taken. To get him back, she must keep running, obey every ruthless command, and trust no one-each second a test of how far a mother will go to save her child.",2026-09-03,86,en,"Thriller, Action","mother, london, england, kidnapping, son, child kidnapping, nervous, abduction, child rescue, mother son relationship, child abduction, serious, intimate, attorney",0,0,90.1126,6.811,594
1185806,PAW Patrol: The Dino Movie,"The Paw Patrol lands on a mysterious dinosaur island after a storm, where they meet Rex, a stranded pup. When Humdinger's reckless mining triggers a volcano, the team faces their biggest rescue mission yet to save the island.",2026-07-23,88,en,"Animation, Adventure, Family, Fantasy, Comedy","diamond mine, sequel, based on cartoon, based on toy, prehistory, dinosaur, dog, corrupt mayor, children's adventure, talking animal, adventure comedy, based on tv series, illegal mining, awestruck, physically disabled",40000000,138326933,86.3084,8.1,145
335984,Blade Runner 2049,"Thirty years after the events of the first film, a new blade runner, LAPD Officer K, unearths a long-buried secret that has the potential to plunge what's left of society into chaos. K's discovery leads him on a quest to find Rick Deckard, a former LAPD blade runner who has been missing for 30 years.",2017-10-04,164,en,"Science Fiction, Drama","future, android, bounty hunter, artificial intelligence (a.i.), dystopia, sequel, cyberpunk, transhumanism, los angeles, california, las vegas, tech noir, cyber thriller, humanoid robot, blade runner, 2040s, slow burn",150000000,259239658,87.1587,7.608,15747
1621552,Facing El Chapo,Two Mexican officers must survive the final hours of their shift after crossing a ruthless cartel boss.,2026-08-21,91,es,"Crime, Action, Thriller","fast-paced, based on true events",0,0,84.3326,8.797,838
1275779,Disclosure Day,"A cybersecurity expert becomes a whistleblower after uncovering secrets about aliens, putting him on the run from a corporation. Meanwhile, a meteorologist experiencing strange phenomena joins forces with him to prove there's life beyond our understanding.",2026-06-10,146,en,"Science Fiction, Thriller","new york city, childhood trauma, alien, on the run, kansas city, mind reading, alien invasion, meteorologist, mysterious, paranoid, whistleblower, conspiracy thriller, arrogant",115000000,241186430,87.9091,7.467,3472
1228710,The Mandalorian and Grogu,"The evil Empire has fallen, and Imperial warlords remain scattered throughout the galaxy. As the fledgling New Republic works to protect everything the Rebellion fought for, they have enlisted the help of legendary Mandalorian bounty hunter Din Djarin and his young apprentice Grogu.",2026-05-20,132,en,"Action, Adventure, Science Fiction","galaxy, bounty hunter, spin off, space opera, space adventure, based on tv series, master apprentice relationship",165000000,345166617,74.9884,7.464,1740
1130948,Rosebush Pruning,"When an American heir living in a luxurious Spanish villa decides to move in with his girlfriend, his departure triggers a family collapse as his brother uncovers the truth behind their mother's tragic death.",2026-04-23,95,en,"Comedy, Drama, Thriller","based on novel or book, dark comedy, dysfunctional family, catalonia, spain, social satire, family drama, tragicomedy",0,85294,86.1784,6.1,56
1284465,The Death of Robin Hood,"Grappling with his past after a life of crime and murder, Robin Hood finds himself gravely injured after a battle he thought would be his last. In the hands of a mysterious woman, he is offered a chance at salvation.",2026-06-18,123,en,"Adventure, Drama, Action","robin hood, based on myths, legends or folklore, grim, salvation, grimdark",25000000,3200000,77.6066,6.6,439
980431,Avatar Aang: The Last Airbender,"Avatar Aang, the world's last Airbender, learns of an ancient power that could save his culture from extinction. With the help of his friends, he embarks on a global quest to find it before it falls into the wrong hands and threatens to upend the peace they sacrificed everything to achieve.",2026-07-24,99,en,"Animation, Adventure, Fantasy, Action","martial arts, extinction, quest, cultural identity, based on tv series, appreciative, anime inspired",0,0,77.4068,9.146,1205
83533,Avatar: Fire and Ash,"In the wake of the devastating war against the RDA and the loss of their eldest son, Jake Sully and Neytiri face a new threat on Pandora: the Ash People, a violent and power-hungry Na'vi tribe led by the ruthless Varang. Jake's family must fight for their survival and the future of Pandora in a conflict that pushes them to their emotional and physical limits.",2025-12-17,198,en,"Science Fiction, Adventure, Fantasy","witch, clone, space war, tribe, sequel, alien, transhumanism, family, space adventure, motion capture, family dynamics, frantic, rival, intense",350000000,1485999890,81.0525,7.642,4397
1084242,Zootopia 2,"After cracking the biggest case in Zootopia's history, rookie cops Judy Hopps and Nick Wilde find themselves on the twisting trail of a great mystery when Gary De'Snake arrives and turns the animal metropolis upside down. To crack the case, Judy and Nick must go undercover to unexpected new parts of town, where their growing partnership is tested like never before.",2025-11-26,108,en,"Animation, Adventure, Comedy, Mystery, Family","snake, bunny, fox, cop, sequel, anthropomorphism, animals, displacement, buddy cop, buddy comedy, complex, playful, talking animal, 3d animation, embarrassed, excited",150000000,1868208796,77.5807,7.672,3476
157336,Interstellar,The adventures of a group of explorers who make use of a newly discovered wormhole to surpass the limitations on human space travel and conquer the vast distances involved in an interstellar voyage.,2014-11-05,169,en,"Adventure, Drama, Science Fiction","spacecraft, race against time, artificial intelligence (a.i.), nasa, time warp, dystopia, expedition, time travel, space travel, wormhole, famine, hibernation, black hole, quantum mechanics, family relationships, space, planet, astronaut, scientist, single father, space station, gravity, space adventure, time-manipulation, cryonics, father daughter relationship, 2060s, audacious, enthusiastic",165000000,746606706,72.2078,8.489,41299
1419406,The Shadow's Edge,Macau Police brings the tracking expert police officer out of retirement to help catch a dangerous group of professional thieves.,2025-08-16,142,zh,"Action, Crime, Drama, Thriller","race against time, ex-cop, betrayal, nostalgic, macau, hand to hand combat, manhunt, hidden agenda, dramatic, hacked camera system, cryptocurrency, security breach, tracking expert, spectacular action scenes, surveillance city, family stakes",0,174400000,73.8006,8.296,1472
1516698,The Last Sunrise,"Ry, a college student with a chronic illness, escapes to Mallorca for the summer with her mother, where she unexpectedly falls for a local and begins to embrace living in the moment. But as her condition worsens and long-hidden family secrets come to light, everything she has found before summer's end is threatened.",2026-08-26,107,en,"Romance, Drama","spain, based on novel or book, tension, summer, woman director, chronic illness, appreciative, audacious, comforting, enthusiastic",0,0,74.4972,6.813,201
591634,False Positive,"After months of trying and failing to get pregnant, Lucy and Adrian finally find their dream fertility doctor in the illustrious Dr. Hindle. But after becoming pregnant with a healthy baby girl, Lucy begins to notice something sinister through Hindle's gleaming charm, and she sets out to uncover the unsettling truth about him.",2021-06-18,93,en,"Horror, Mystery, Thriller",pregnancy,0,0,89.3638,5.537,202
276488,Let Us Prey,"Rachel, a rookie cop, is about to begin her first night shift in a neglected police station in a Scottish, backwater town. The kind of place where the tide has gone out and stranded a motley bunch of the aimless, the forgotten, the bitter-and-twisted who all think that, really, they deserve to be somewhere else. They all think they're there by accident and that, with a little luck, life is going to get better. Wrong, on both counts. Six is about to arrive - and All Hell Will Break Loose!",2014-04-17,92,en,"Thriller, Horror","small town, night shift, police brutality, police, scotland, psychopath, confession, teacher, murder, arson, serial killer, police station, drunk driving, stranger, jail cell",0,0,82.9547,5.728,381
24428,The Avengers,"When an unexpected enemy emerges and threatens global safety and security, Nick Fury, director of the international peacekeeping agency known as S.H.I.E.L.D., finds himself in need of a team to pull the world back from the brink of disaster. Spanning the globe, a daring recruitment effort begins!",2012-04-25,143,en,"Science Fiction, Action, Adventure","new york city, superhero, shield, based on comic, alien invasion, superhero team, aftercreditsstinger, duringcreditsstinger, marvel cinematic universe (mcu)",220000000,1518815515,69.1602,8.078,39867
1101412,Fall 2: Deadpoint,"On a perilous climb across Thailand's Mount Kwan, two climbers become trapped thousands of feet above the ground, where vertigo-inducing heights, sheer exposure, and impossible odds turn every moment into a fight for survival.",2026-09-01,98,en,Thriller,"sequel, rock climbing, sport climbing, climb, mountain climber",3000000,9256541,70.9116,6.2,50
1137844,Mayday,"When a U.S. Navy pilot on a top-secret mission during the Cold War gets trapped behind enemy lines, his only chance at survival is to form an alliance with an eccentric ex-KGB agent.",2026-09-03,111,en,"Action, Comedy","cold war, fighter pilot, u.s. navy, behind enemy lines, ex kgb, buddy comedy, duringcreditsstinger, bitter, action sequence",0,0,66.0664,8.0,835
278,The Shawshank Redemption,"Imprisoned in the 1940s for the double murder of his wife and her lover, upstanding banker Andy Dufresne begins a new life at the Shawshank prison, where he puts his accounting skills to work for an amoral warden. During his long stretch in prison, Dufresne comes to be admired by the other inmates -- including an older prisoner named Red -- for his integrity and unquenchable sense of hope.",1994-09-23,142,en,"Drama, Crime","prison, friendship, police brutality, corruption, based on novel or book, freedom, hope, prison cell, delinquent, redemption, parole board, prison escape, wrongful imprisonment, interracial friendship, framed for murder, curious, 1940s, voiceover, wistful, admiring, amused, epic",25000000,28341469,62.6216,8.731,31436
1127384,Deep Water,A group of international passengers on a flight from Los Angeles to Shanghai is forced to make an emergency landing in shark-infested waters. The terrified group is forced to work together and overcome their differences if they hope to escape their sinking plane and the frenzy of sharks drawn to the wreckage.,2026-04-30,107,en,"Horror, Thriller, Adventure","deep sea, shark",40000000,7340233,67.7421,7.395,633
1280738,The Furious,"After a criminal network kidnaps Wang Wei's daughter and the corrupt police refuse to assist him, Wei sets out on his own to locate her. Navin, a tenacious journalist whose wife has mysteriously vanished, is his only ally. In this explosive martial arts showdown, the unlikely duo fights the kidnappers ruthlessly driven by a furious vengeance.",2026-06-10,113,zh,"Action, Crime, Thriller","martial arts, kung fu, rescue mission, police corruption, child trafficking, child kidnapping, missing wife, child rescue, relentless vengeance, dynamic duo",20000000,39745080,56.8704,8.19,775
1081003,Supergirl,"When an unexpected and ruthless adversary strikes too close to home, Kara Zor-El, aka Supergirl, reluctantly joins forces with an unlikely companion on an epic, interstellar journey of vengeance and justice.",2026-06-24,108,en,"Action, Adventure, Science Fiction","galaxy, hero, superhero, villain, based on comic, space, female protagonist, dog, super power, heroine, reboot, solitude, supervillain, rescue dog, dc universe (dcu)",175000000,126366532,67.173,6.669,2444
1560520,Batman: Knightfall Part 1: Knightfall,"Arkham Asylum has been destroyed, and all its inmates have been unleashed upon Gotham City. As Batman races to round up some of his greatest enemies, he is pushed to his physical and mental limits and into a final confrontation with a new threat: the man called Bane!",2026-06-23,79,en,"Animation, Action, Adventure, Drama","asylum, superhero, based on comic, masked vigilante, hero's fall",0,0,62.9897,9.152,394
155,The Dark Knight,"Batman raises the stakes in his war on crime. With the help of Lt. Jim Gordon and District Attorney Harvey Dent, Batman sets out to dismantle the remaining criminal organizations that plague the streets. The partnership proves to be effective, but they soon find themselves prey to a reign of chaos unleashed by a rising criminal mastermind known to the terrified citizens of Gotham as the Joker.",2008-07-16,152,en,"Action, Thriller, Crime","sadism, chaos, secret identity, crime fighter, superhero, anti hero, scarecrow, based on comic, vigilante, organized crime, tragic hero, anti villain, criminal mastermind, district attorney, super power, super villain, neo-noir, bold",185000000,1004558444,60.4279,8.536,36832
238,The Godfather,"Spanning the years 1945 to 1955, a chronicle of the fictional Italian-American Corleone crime family. When organized crime family patriarch, Vito Corleone barely survives an attempt on his life, his youngest son, Michael steps in to take care of the would-be killers, launching a campaign of bloody revenge.",1972-03-14,175,en,"Drama, Crime","based on novel or book, loss of loved one, love at first sight, italy, gangster, symbolism, patriarch, europe, organized crime, mafia, religion, revenge motive, crime family, sicilian mafia, religious hypocrisy, gun violence, rise to power, gang violence, 1940s, 1950s, mafia war",6000000,245066411,61.2048,8.688,23650
1393326,Ghost in the Cell,"In a notorious prison, an invisible force begins killing inmates brutally, compelling enemy gangs and corrupt guards to work together as they try to survive the mounting bloodshed.",2026-04-16,106,id,"Horror, Comedy, Thriller","prison, prisoner, prison cell, gore, terror cell, satire, jail, inmate, ghost, shocking, haunted, dark, hilarious, intense, splatter, brutal",0,0,60.1488,7.2,76
150540,Inside Out,"When 11-year-old Riley moves to a new city, her Emotions team up to help her through the transition. Joy, Fear, Anger, Disgust and Sadness work together, but when Joy and Sadness get lost, they must journey through unfamiliar places to get back home.",2015-06-17,95,en,"Animation, Family, Adventure, Drama, Comedy","dreams, san francisco, california, minnesota, sadness, cartoon, disgust, imaginary friend, elementary school, family relationships, memory, fear, family, anger, unicorn, running away, duringcreditsstinger, emotions, emotion, joy, 3d animation, psychological drama, compassionate, empathetic, enthusiastic, hopeful, pixar, amigos imaginarios",175000000,857611174,57.7973,7.906,23936
634649,Spider-Man: No Way Home,"Peter Parker is unmasked and no longer able to separate his normal life from the high-stakes of being a super-hero. When he asks for help from Doctor Strange the stakes become even more dangerous, forcing him to discover what it truly means to be Spider-Man.",2021-12-15,148,en,"Action, Adventure, Science Fiction","new york city, hero, showdown, magic, loss of loved one, secret identity, superhero, villain, portal, based on comic, sequel, vigilante, superhero team, masked vigilante, alternative reality, aftercreditsstinger, duringcreditsstinger, marvel cinematic universe (mcu), masked superhero, fight for justice, grim, teen superhero, superhero teamup, returning hero, teamwork, multiverse",200000000,1921426073,60.0303,7.947,23210
205596,The Imitation Game,"Based on the real life story of legendary cryptanalyst Alan Turing, the film portrays the nail-biting race against time by Turing and his brilliant team of code-breakers at Britain's top-secret Government Code and Cypher School at Bletchley Park, during the darkest days of World War II.",2014-11-14,113,en,"History, Drama, Thriller, War","england, homophobia, world war ii, mathematician, genius, biography, based on true story, male homosexuality, code breaking, lgbt, logician, cryptography, math genius, gay theme, inspirational, codes",14000000,233555708,51.8958,7.979,18454
20352,Despicable Me,"Determined to prove he's the world's greatest supervillain, Gru hatches an audacious plan to steal the Moon. To pull it off, he adopts three orphaned girls—Margo, Edith, and Agnes—intending to use them as pawns in his scheme. But the unexpected bond they form forces him to question the criminal life he's always known.",2010-07-08,95,en,"Animation, Comedy, Crime, Science Fiction, Family","moon, parent child relationship, orphanage, villain, adoptive father, satire, life's dream, rivalry, ballet, stealing, little girl, orphan, tomboy, intelligent, evil doctor, duringcreditsstinger, supervillain, 3d animation",69000000,543284256,55.6708,7.262,16416
1311031,Demon Slayer: Kimetsu no Yaiba Infinity Castle,"The Demon Slayer Corps are drawn into the Infinity Castle, where Tanjiro, Nezuko, and the Hashira face terrifying Upper Rank demons in a desperate fight as the final battle against Muzan Kibutsuji begins.",2025-07-18,156,ja,"Animation, Action, Fantasy","supernatural, sequel, based on manga, demon, shounen, anime, brother sister relationship, taisho period",20000000,793594078,60.7001,8.798,2196
475557,Joker,"During the 1980s, a failed stand-up comedian is driven insane and turns to a life of crime and chaos in Gotham City while becoming an infamous psychopathic crime figure.",2019-10-01,122,en,"Crime, Thriller, Drama","society, based on comic, social commentary, psychological thriller, criminal mastermind, mental illness, anarchy, character study, clown makeup, outsider, prophetic, social realism, tv host, 1980s, mother son relationship, origin story, falling into madness, anti-capitalist",55000000,1078958629,61.2396,8.116,28394
1506560,Clash of the Thundermans,"When Chloe develops a destructive new superpower, the Hero League orders her to an elite boarding school for superheroes to learn control of her abilities. Faced with the prospect of sending Chloe away for years, the Thundermans split apart, with Phoebe, Barb and Billy taking her into hiding. Max, Hank, and Nora track their rogue family members, until the two factions face off against each other in a full-on battle for the Thundermans’ future.",2026-09-03,72,en,"TV Movie, Family, Action","superhero, family relationships, sequel, sitcom, based on tv series",0,0,58.8333,6.7,61
1341138,Spa Weekend,"Four lifelong friends realize that somewhere between careers, relationships, families, and everyday responsibilities, they’ve forgotten how to take care of themselves and each other. Burned out and overdue for a break, the women escape to a luxury spa retreat for an unforgettable weekend dedicated to fun, laughter, and a lot of really bad decisions.",2026-08-20,97,en,Comedy,female friendship,20000000,10154377,58.7002,6.6,51
533535,Deadpool & Wolverine,"A listless Wade Wilson toils away in civilian life with his days as the morally flexible mercenary, Deadpool, behind him. But when his homeworld faces an existential threat, Wade must reluctantly suit-up again with an even more reluctant Wolverine.",2024-07-24,128,en,"Action, Comedy, Science Fiction","hero, superhero, anti hero, mutant, breaking the fourth wall, aftercreditsstinger, duringcreditsstinger, marvel cinematic universe (mcu), mutants, superhero teamup",200000000,1338073645,59.6287,7.587,9517
1291595,Insidious: Out of the Further,"Gemma, a young mother raising her daughter in the house she grew up in, discovers she can travel into The Further, where she possesses an ability to bring what lives there back to the real world.",2026-08-19,106,en,"Horror, Thriller","supernatural, halloween, haunted house, cult, stalker, sequel, evil spirit, demon, dentist, other dimension, mother daughter relationship, insidious, supernatural horror, horror",18000000,165521202,58.2699,6.5,167
45722,Don't Look Down,A sexy Spanish siren named Elvira schools a young man in tantric lovemaking.,2008-10-18,80,es,"Drama, Romance","eroticism, sleepwalking, somnambulist",0,0,68.556,5.7,71
27205,Inception,"Cobb, a skilled thief who commits corporate espionage by infiltrating the subconscious of his targets is offered a chance to regain his old life as payment for a task considered to be impossible: ""inception"", the implantation of another person's idea into a target's subconscious.",2010-07-15,148,en,"Action, Science Fiction, Adventure","mission, dreams, kidnapping, spy, allegory, intellectual, manipulation, heist, memory, dream world, subconscious, incredulous, high concept, dream",160000000,839030630,54.119,8.374,40283
1184918,The Wild Robot,"After a shipwreck, an intelligent robot called Roz is stranded on an uninhabited island. To survive the harsh environment, Roz bonds with the island's animals and cares for an orphaned baby goose.",2024-09-12,102,en,"Family, Animation, Science Fiction, Adventure","island, based on novel or book, parent child relationship, fox, robot, based on children's book, kindness, goose, nostalgic, aftercreditsstinger, duringcreditsstinger, shipwrecked, kids, adopted son, 3d animation, woodland animals",78000000,331982078,57.5813,8.3,6649
671,Harry Potter and the Philosopher's Stone,"Harry Potter has lived under the stairs at his aunt and uncle's house his whole life. But on his 11th birthday, he learns he's a powerful wizard—with a place waiting for him at the Hogwarts School of Witchcraft and Wizardry. As he learns to harness his newfound powers with the help of the school's kindly headmaster, Harry uncovers the truth about his parents' deaths—and about the villain who's to blame.",2001-11-16,152,en,"Adventure, Fantasy","witch, school friend, friendship, london, england, based on novel or book, magic, boarding school, male friendship, child hero, school of witchcraft, chosen one, bullying, school, ghost, fantasy world, wizard, pre-teen, calm, children's adventure, based on young adult novel, found family, teen adventure, owl, male female friendship, admiring, adoring, teen fantasy",125000000,1029374615,56.2691,7.904,30293
1226863,The Super Mario Galaxy Movie,"Having thwarted Bowser's previous plot to marry Princess Peach, Mario and Luigi now face a fresh threat in Bowser Jr., who is determined to liberate his father from captivity and restore the family legacy. Alongside companions new and old, the brothers travel across the stars to stop the young heir's crusade.",2026-04-01,98,en,"Family, Comedy, Adventure, Fantasy, Animation","galaxy, friendship, sibling relationship, space travel, sequel, space, based on video game, buddy comedy, aftercreditsstinger, duringcreditsstinger, space adventure, father son relationship, parallel universe, brother brother relationship, talking animal, magic land, 3d animation, adoring",110000000,1012203331,57.6597,8.221,3735
24858,Eternity and a Day,"Famous writer Alexander contracts a terminal illness. He receives a letter from his wife describing a summer day 30 years ago, and leaves his seaside home to remember his past. This journey will allow him to wander between the past and the present, and encounter unexpected people, allowing him to collect unforgettable memories in the final moments of his life.",1998-10-23,133,el,Drama,"terminal illness, undocumented immigrant, writer, philosophical, compassionate",0,0,48.8507,7.8,224
693134,Dune: Part Two,"Follow the mythic journey of Paul Atreides as he unites with Chani and the Fremen while on a path of revenge against the conspirators who destroyed his family. Facing a choice between the love of his life and the fate of the known universe, Paul endeavors to prevent a terrible future only he can foresee.",2024-02-27,167,en,"Science Fiction, Adventure","based on novel or book, sandstorm, chosen one, sequel, distant future, creature, planet, desert, destiny, giant worm, space opera, sand dune, allegorical, messiah, fall from grace, vengeance, religious allegory, giant creature, power, ambiguous, antagonistic, melodramatic",190000000,714844358,52.6248,8.137,8632
1212763,Evil Dead Burn,"After her husband's abrupt death, Alice seeks solace with his remaining family — descendants of a leading researcher on demonic possession. As her in-laws transform one by one into creatures that feed on fear, she comes to discover that the vows she took in life survive even in death.",2026-07-07,110,en,Horror,"funeral, widow, supernatural, possession, dysfunctional family, sequel, grief, spirit, demon, spin off, family, book of the dead, evil dead, demonic possession, death of husband, abusive husband, supernatural horror, body horror, tragic",20000000,71491178,57.227,7.676,1607
10138,Iron Man 2,"With the world now aware of his dual life as the armored superhero Iron Man, billionaire inventor Tony Stark faces pressure from the government, the press and the public to share his technology with the military. Unwilling to let go of his invention, Stark, with Pepper Potts and James 'Rhodey' Rhodes at his side, must forge new alliances – and confront powerful enemies.",2010-04-28,124,en,"Adventure, Action, Science Fiction","technology, superhero, malibu, based on comic, sequel, revenge, aftercreditsstinger, marvel cinematic universe (mcu), break out",200000000,623933331,50.3758,6.855,22966
120,The Lord of the Rings: The Fellowship of the Ring,"Young hobbit Frodo Baggins, after inheriting a mysterious ring from his uncle Bilbo, must leave his home in order to keep it from falling into the hands of its evil creator. Along the way, a fellowship is formed to protect the ringbearer and make sure that the ring arrives at its final destination: Mt. Doom, the only place where it can be destroyed.",2001-12-18,179,en,"Adventure, Fantasy, Action","based on novel or book, elves, dwarf, magic, obsession, allegory, bravery, castle, troll, battle, demon, uncle nephew relationship, fantasy world, dark fantasy, journey, companionship, magical creature, live action and animation, hero's journey, wraith, sword and sorcery, wonder, trekking, anxious, good versus evil, wistful, christian allegory, magical ring, comforting, tolkien, epic fantasy, epic, hobbit",93000000,871368364,51.8805,8.446,28437
1302904,Practical Magic 2,The Owens sisters must confront the dark curse that threatens to unravel their family once and for all.,2026-09-09,130,en,"Romance, Fantasy, Comedy","witch, based on novel or book, magic, halloween, family relationships, sequel, family, legacy",75000000,46000000,45.1553,6.215,93
569094,Spider-Man: Across the Spider-Verse,"After reuniting with Gwen Stacy, Brooklyn’s full-time, friendly neighborhood Spider-Man is catapulted across the Multiverse, where he encounters the Spider Society, a team of Spider-People charged with protecting the Multiverse's very existence. But when the heroes clash on how to handle a new threat, Miles finds himself pitted against the other Spiders and must set out on his own to save those he loves most.",2023-05-31,140,en,"Animation, Action, Adventure, Science Fiction","new york city, hero, double life, sacrifice, secret identity, superhero, villain, portal, based on comic, sequel, romance, alter ego, alternate dimension, parenting, family, alternate version, super power, brooklyn, new york city, superhero team, spider bite, super villain, cliffhanger, masked superhero, teenage romance, young heroes, teen superhero, teen social issues, chelsea, alternate universe, superhero teamup, female superhero, slow burn romance, interdimensional travel, ambiguous, cliché, enthusiastic, vibrant, multiverse",100000000,690897910,53.6155,8.351,9315
1234821,Jurassic World Rebirth,"Five years after the events of Jurassic World Dominion, covert operations expert Zora Bennett is contracted to lead a skilled team on a top-secret mission to secure genetic material from the world's three most massive dinosaurs. When Zora's operation intersects with a civilian family whose boating expedition was capsized, they all find themselves stranded on an island where they come face-to-face with a sinister, shocking discovery that's been hidden from the world for decades.",2025-06-23,134,en,"Science Fiction, Adventure, Action","island, secret mission, tyrannosaurus rex, spinosaurus, sequel, stranded, dinosaur, family, genetic experiment, mosasaurus, indifferent",180000000,869146189,50.7386,6.257,3791
1273221,Scary Movie,"Twenty-six years after outrunning a suspiciously familiar masked killer, the Core Four are back in the killer's crosshairs and no horror movie IP is safe.",2026-06-03,96,en,Comedy,"parody, sequel, slapstick comedy, crude humor, spoof, animated scene, slasher, horror spoof, dildo, reboot, duringcreditsstinger, mother daughter estrangement, legacy, offensive, complex, cosmetic surgery, weed, horror parody, social media influencer, livestream, stoner comedy, mocking, meta humor, gross out, raunchy",30000000,231886052,56.5414,6.373,1954
936075,Michael,"The story of Michael Jackson, one of the most influential artists the world has ever known, and his life beyond the music. His journey from the discovery of his extraordinary talent as the lead of the Jackson Five, to the visionary artist whose creative ambition fueled a relentless pursuit to become the biggest entertainer in the world, highlighting both his life off-stage and some of the most iconic performances from his early solo career.",2026-04-22,128,en,"Music, Drama","child abuse, sibling relationship, 1970s, abusive father, ambition, biography, based on true story, singer, period drama, music history, price of fame, singer-songwriter, rise to fame, 1980s, 1960s, music, admiring, biographical drama, music drama, biopic",250000000,1042616139,54.3362,8.627,4425
19995,Avatar,"In the 22nd century, a paraplegic Marine is dispatched to the moon Pandora on a unique mission, but becomes torn between following orders and protecting an alien civilization.",2009-12-16,162,en,"Science Fiction, Action, Adventure","paraplegic, attachment to nature, culture clash, indigenous, space travel, space colony, tribe, alien planet, distant future, marine, battle, love affair, scientist, nature, native peoples, power relations, tribal customs, tribal people, tribal chief, cryonics, spiritual community, 22nd century, save the planet, racial discrimination, soldiers, awestruck, bold, exhilarated",237000000,2923706026,48.8064,7.61,34736
76341,Mad Max: Fury Road,"An apocalyptic story set in the furthest reaches of our planet, in a stark desert landscape where humanity is broken, and most everyone is crazed fighting for the necessities of life. Within this world exist two rebels on the run who just might be able to restore order.",2015-05-13,121,en,"Action, Adventure, Science Fiction","rescue, australia, dystopia, sandstorm, post-apocalyptic future, sequel, survival, on the run, peak oil, dark future, intense, desert wasteland, convoy attack, high-speed chase, freedom quest, road warfare, modified vehicles, war boys, tyrannical ruler",150000000,378858340,47.2964,7.639,24680
603,The Matrix,"Set in the 22nd century, The Matrix tells the story of a computer hacker who joins a group of underground insurgents fighting the vast and powerful computers who now rule the earth.",1999-03-31,136,en,"Action, Science Fiction","man vs machine, martial arts, fortune teller, artificial intelligence (a.i.), saving the world, prophecy, philosophy, dystopia, allegory, insurgence, chosen one, simulated reality , cyberpunk, gnosticism",63000000,463517383,51.2418,8.259,28824
454639,Masters of the Universe,"After being separated for 15 years, the Sword of Power leads Prince Adam back to Eternia, where he discovers his home shattered under the fiendish rule of Skeletor. To save his family and his world, Adam must join forces with his closest allies, Teela and Duncan/Man-At-Arms, and embrace his true destiny as He-Man — the most powerful man in the universe.",2026-06-03,141,en,"Action, Fantasy, Science Fiction","skeleton, superhero, nostalgia, alien planet, based on toy, super power, reboot, aftercreditsstinger, duringcreditsstinger, warrior, sword and planet, father son conflict, sword and sorcery, father daughter relationship, based on tv series",200000000,113763426,51.4902,7.113,2181
860508,The Whisper Man,"When his young son vanishes, a widower enlists help from his estranged father, a retired detective who put away the serial killer now linked to the case.",2026-08-27,111,en,"Crime, Drama, Thriller","based on novel or book, serial killer, writer, abduction, father son relationship, retired detective",50000000,0,53.3116,6.872,818
1523145,Your Heart Will Be Broken,"High school student Polina is saved from bullying at her new school and makes a deal with the main bully Bars: he must pretend to be her boyfriend and protect her, and she must do everything he says. During this game, the couple develops real feelings, but her family and classmates have reasons to separate the lovers.",2026-03-26,134,ru,Romance,based on novel or book,3716000,7578000,51.9173,7.1,124
680,Pulp Fiction,"A burger-loving hit man, his philosophical partner, a drug-addled gangster's moll and a washed-up boxer converge in this sprawling, comedic crime caper. Their adventures unfurl in three stories that ingeniously trip back and forth in time.",1994-09-10,154,en,"Thriller, Crime, Comedy","drug dealer, drug crime, gangster, dark comedy, stolen money, crime boss, redemption, los angeles, california, theft, couple, nonlinear timeline, multiple storylines, disturbed, aggressive, neo-noir",8000000,213928762,46.3346,8.48,30958
122,The Lord of the Rings: The Return of the King,"As armies mass for a final battle that will decide the fate of the world--and powerful, ancient forces of Light and Dark compete to determine the outcome--one member of the Fellowship of the Ring is revealed as the noble heir to the throne of the Kings of Men. Yet, the sole hope for triumph over evil lies with a brave hobbit, Frodo, who, accompanied by his loyal friend Sam and the hideous, wretched Gollum, ventures deep into the very dark heart of Mordor on his seemingly impossible quest to destroy the Ring of Power.​",2003-12-17,201,en,"Adventure, Fantasy, Action","army, based on novel or book, elves, dwarf, magic, kingdom, obsession, bravery, castle, volcano, giant spider, sequel, honor, king, madness, split personality, fantasy world, wizard, epic battle, journey, ring, companionship, magical creature, quest, live action and animation, hero's journey, high fantasy, wraith, sword and sorcery, power madness, complex, trekking, good versus evil, sword making, wistful, cheerful, comforting, melodramatic, winged creatures, epic fantasy, hobbit",94000000,1118888979,54.1246,8.506,27437
863,Toy Story 2,"Andy heads off to Cowboy Camp, leaving his toys to their own devices. Things shift into high gear when an obsessive toy collector named Al McWhiggen, owner of Al's Toy Barn kidnaps Woody. Andy's toys mount a daring rescue mission, Buzz Lightyear meets his match and Woody has to decide where he and his heart truly belong.",1999-10-30,92,en,"Animation, Comedy, Family","friendship, airplane, museum, prosecution, identity crisis, villain, flea market, collector, sequel, buddy, rescue team, prospector, garage sale, duringcreditsstinger, toy comes to life, personification, inanimate objects come to life, 3d animation, hilarious, cheerful, pixar",90000000,497375404,49.555,7.623,15405
1327819,Hoppers,"Scientists have discovered how to 'hop' human consciousness into lifelike robotic animals, allowing people to communicate with animals as animals. Animal lover Mabel seizes an opportunity to use the technology, uncovering mysteries within the animal world beyond anything she could have imagined.",2026-03-04,104,en,"Adventure, Animation, Comedy, Family, Science Fiction","human vs nature, spy, beaver, oregon, usa, transhumanism, consciousness, aftercreditsstinger, duringcreditsstinger, human becoming an animal, robotic animal, mischievous, 3d animation, amused, bold, enthusiastic, pixar",150000000,389685783,51.4103,8.147,2377
242,The Godfather Part III,"In the midst of trying to legitimize his business dealings in 1979 New York and Italy, aging mafia don, Michael Corleone seeks forgiveness for his sins while taking a young protege under his wing.",1990-12-25,162,en,"Crime, Drama, Thriller","daughter, new york city, helicopter, assassination, italian american, italy, gangster, confession, symbolism, sequel, revenge, organized crime, mafia, lawyer",54000000,136766062,40.5015,7.415,7078
26827,Who's That Girl,An uptight New York City tax lawyer gets his life turned upside down one day when he's asked to escort a feisty free-spirited ex-convict who asks him to help prove her innocence of her crime.,1987-08-07,93,en,"Comedy, Romance","new york city, release from prison, falsely accused, puma, lawyer, screwball comedy, innocent woman, eccentric woman, lighthearted, free-spirited woman",18500000,7305209,44.0687,5.5,263
1384216,The Dog Stars,"After the world's population has been ravaged by a pandemic, a man lives a lonesome existence in a Colorado airplane hangar with his dog and a dour gunman he has befriended. When a mysterious transmission comes through on the radio while he’s flying his old Cessna, it sparks a hunt for the provenance of the sound.",2026-08-26,119,en,"Science Fiction, Thriller, Adventure","based on novel or book, dystopia, denver, colorado, pilot, colorado, grief, pandemic, detached, lonely man, death of wife, scavengers, loving, joyful, group, dogs, post-apocalyptic",110000000,37416959,53.1862,6.592,294
1058424,Hope,"In the remote South Korean village of Hope Harbor, police chief Bum-seok and officer Sung-ae are called to investigate a mysterious creature wreaking havoc on the community. But all is not as it seems, and perceptions can be misleading. What begins as ignorance plants the seed of disaster, escalating through human conflict into a tragedy of cosmic proportions.",2026-07-15,157,ko,"Science Fiction, Mystery, Action","police chief, police officer, hunted, remote village, aliens, 20th century, grand, exhilarated, fight for survival, unknown entity",46000000,41212538,50.4337,7.285,93
550,Fight Club,"A ticking-time-bomb insomniac and a slippery soap salesman channel primal male aggression into a shocking new form of therapy. Their concept catches on, with underground ""fight clubs"" forming in every town, until an eccentric gets in the way and ignites an out-of-control spiral toward oblivion.",1999-10-15,139,en,"Drama, Thriller","dual identity, rage and hate, based on novel or book, nihilism, fight, support group, dystopia, insomnia, alter ego, breaking the fourth wall, split personality, quitting a job, dissociative identity disorder, self destructiveness",63000000,100853753,47.1409,8.437,32937
674,Harry Potter and the Goblet of Fire,"When his name emerges from the Goblet of Fire, Harry Potter becomes a competitor in a grueling battle for glory among three wizarding schools. Signs of Voldemort's return emerge as Harry's friends help him prepare for the Triwizard Tournament.",2005-11-16,157,en,"Adventure, Fantasy","witch, based on novel or book, magic, maze, school of witchcraft, black magic, sequel, tournament, dragon, wizard, teenage hero, based on young adult novel, teen adventure, teen fantasy",150000000,895921036,46.6497,7.802,22680
1110034,Kraken,"A marine biologist is doing research on a fish farm when she encounters several strange occurrences. Along with the brutal deaths of two teenagers, all signs point to the deep fjord; can there be more to the depths than the eye can see?",2026-02-06,94,no,"Horror, Action, Thriller","sea monster, norwegian folklore, cautionary",1000000,14329678,47.8159,6.237,338
161,Ocean's Eleven,"Less than 24 hours into his parole, charismatic thief Danny Ocean is already rolling out his next plan: In one night, Danny's hand-picked crew of specialists will attempt to steal more than $150 million from three Las Vegas casinos. But to score the cash, Danny risks his chances of reconciling with ex-wife, Tess.",2001-12-07,116,en,"Thriller, Crime","casino, pickpocket, heist, con artist, remake, caper, las vegas, inside man, security guard, ex-wife, ex-con, card dealer, explosives expert, security system, casino owner, professional thief, fight night, master plan, computer hacker, distractions, museum curator, casino vault, contortionist",85000000,450717150,43.2729,7.465,12935
218,The Terminator,"In the post-apocalyptic future, reigning tyrannical supercomputers teleport a cyborg assassin known as the ""Terminator"" back to 1984 to kill Sarah Connor, whose unborn son is destined to lead insurgents against 21st century mechanical hegemony. Meanwhile, the human-resistance movement dispatches a lone warrior to safeguard Sarah. Can he stop the virtually indestructible killing machine?",1984-10-26,108,en,"Action, Thriller, Science Fiction","man vs machine, artificial intelligence (a.i.), saving the world, laser gun, cyborg, killer robot, shotgun, rebel, dystopia, villain, time travel, murder, female protagonist, los angeles, california, urban setting, future war, savior, tech noir, time paradox, action hero, griffith observatory, good versus evil",6400000,78371200,42.6757,7.696,15190
361743,Top Gun: Maverick,"After more than thirty years of service as one of the Navy’s top aviators, and dodging the advancement in rank that would ground him, Pete “Maverick” Mitchell finds himself training a detachment of TOP GUN graduates for a specialized mission the likes of which no living pilot has ever seen.",2022-05-21,131,en,"Action, Drama","fighter pilot, u.s. navy, sequel, nuclear weapons, military, aircraft carrier, naval aviation, war",170000000,1488732821,45.4156,8.158,11613
672,Harry Potter and the Chamber of Secrets,"Cars fly, trees fight back, and a mysterious house-elf comes to warn Harry Potter at the start of his second year at Hogwarts. Adventure and danger await when bloody writing on a wall announces: The Chamber Of Secrets Has Been Opened. To save Hogwarts will require all of Harry, Ron and Hermione's magical abilities and courage.",2002-11-13,161,en,"Adventure, Fantasy","witch, flying car, based on novel or book, elves, magic, sword, diary, child hero, school of witchcraft, giant spider, black magic, giant snake, sequel, ghost, nostalgic, child driving car, wizard, aftercreditsstinger, complex, based on young adult novel, admiring, amused, teen fantasy, supernatural mystery",100000000,876688482,47.386,7.708,24128
438631,Dune,"Paul Atreides, a brilliant and gifted young man born into a great destiny beyond his understanding, must travel to the most dangerous planet in the universe to ensure the future of his family and his people. As malevolent forces explode into conflict over the planet's exclusive supply of the most precious resource in existence - a commodity capable of unlocking humanity's greatest potential - only those who can conquer their fear will survive.",2021-09-15,155,en,"Science Fiction, Adventure","empire, future, army, based on novel or book, prophecy, dystopia, emperor, sand, spice, chosen one, hallucinogen, treason, baron, revenge, premonition, betrayal, space, water shortage, creature, desert, knife fight, destiny, giant worm, space opera, sand dune, messiah, complex, mother son relationship, giant creature",165000000,410668500,45.7617,7.784,15606
673,Harry Potter and the Prisoner of Azkaban,Harry Potter's life is in danger once more as dangerous wizard Sirius Black has escaped from Azkaban Prison and is heading to Hogwarts.,2004-05-31,141,en,"Adventure, Fantasy","witch, school friend, friendship, based on novel or book, flying, magic, bus, traitor, child hero, school of witchcraft, black magic, time travel, sequel, school, best friend, werewolf, muggle, ghost, wizard, aftercreditsstinger, magical creature, night bus, teenage life, school class, based on young adult novel, magic spell, enchant, teen fantasy",130000000,789804554,45.5141,8.012,23690
872585,Oppenheimer,The story of J. Robert Oppenheimer's role in the development of the atomic bomb during World War II.,2023-07-19,181,en,"Drama, History","husband wife relationship, based on novel or book, atomic bomb, patriotism, new mexico, world war ii, atomic bomb test, physics, biography, based on true story, antisemitism, interrogation, guilt, historical event, nuclear weapons, communism, red scare, mccarthyism, top secret project, moral dilemma, usa politics, 1940s, 20th century, manhattan project, los alamos",100000000,952000000,48.8917,8.022,12570
414906,The Batman,"In his second year of fighting crime, Batman uncovers corruption in Gotham City that connects to his own family while facing a serial killer known as the Riddler.",2022-03-01,177,en,"Crime, Mystery, Thriller","police, psychopath, secret identity, crime fighter, superhero, nightclub, politician, based on comic, vigilante, organized crime, serial killer, millionaire, social injustice, murder investigation, aftercreditsstinger, masked superhero, political corruption, neo-noir, urban gothic, vengeance, mayoral election, wistful, suspenseful, tense, gloomy",185000000,772775278,42.6306,7.67,12574
1439930,The Punisher: One Last Kill,"As Frank Castle searches for meaning beyond revenge, an unexpected force pulls him back into the fight.",2026-05-12,51,en,"Action, Drama, Crime","new york city, post-traumatic stress disorder (ptsd), gun, anti hero, hallucination, based on comic, revenge, one man army, death of family, mental health, marvel cinematic universe (mcu), hunted, aggressive, vigilante justice",0,0,44.9111,8.3,2273
1368166,The Housemaid,"Trying to escape her past, Millie Calloway accepts a job as a live-in housemaid for the wealthy Nina and Andrew Winchester. But what begins as a dream job quickly unravels into something far more dangerous—a sexy, seductive game of secrets, scandal, and power.",2025-12-18,131,en,"Mystery, Thriller","based on novel or book, manipulation, psychological thriller, housekeeper, dominance, attic, housemaid, enigmatic, vindictive, adaptation, secret, mystery, suspense thriller, ambiguous, antagonistic, authoritarian, cruel, power shift, social disparity",35000000,399644671,43.3778,7.255,3132
557,Spider-Man,"After being bitten by a genetically altered spider at Oscorp, nerdy but endearing high school student Peter Parker is endowed with amazing powers to become the superhero known as Spider-Man.",2002-05-01,121,en,"Action, Science Fiction","new york city, adolescence, photographer, loss of loved one, photography, secret identity, hostility, superhero, spider, bad boss, villain, based on comic, teenage boy, teenage love, evil, super villain, taking responsibility",139000000,821708551,43.6795,7.356,21488
6435,Practical Magic,"Sally and Gillian Owens, born into a magical family, have mostly avoided witchcraft themselves. But when Gillian's vicious boyfriend, Jimmy Angelov, dies unexpectedly, the Owens sisters give themselves a crash course in hard magic. With policeman Gary Hallet growing suspicious, the girls struggle to resurrect Angelov -- and unwittingly inject his corpse with an evil spirit that threatens to end their family line.",1998-10-16,104,en,"Romance, Fantasy, Comedy","witch, based on novel or book, magic, exorcism, halloween, haunting, aunt niece relationship, family history, sorcery, sister, evil spirit, love, outcast, curse, police detective, witchcraft, demonic possession, casting spells, mysterious, abusive boyfriend, orphan siblings, sisters relationship, romantic, whimsical, enchant, family bonds",75000000,94400000,40.3769,6.815,1984
1061474,Superman,"Superman, a journalist in Metropolis, embarks on a journey to reconcile his Kryptonian heritage with his human upbringing as Clark Kent.",2025-07-09,130,en,"Science Fiction, Adventure, Action","dual identity, superhero, based on comic, dog, super power, reboot, kaiju, modern day adaptation, aftercreditsstinger, duringcreditsstinger, epic battle, supervillain, calm, dc universe (dcu), anti-imperialism, adoring, amused, bold, cheerful, enthusiastic",225000000,618723803,40.4092,7.323,5516
354912,Coco,"Despite his family’s baffling generations-old ban on music, Miguel dreams of becoming an accomplished musician like his idol, Ernesto de la Cruz. Desperate to prove his talent, Miguel finds himself in the stunning and colorful Land of the Dead following a mysterious chain of events. Along the way, he meets charming trickster Hector, and together, they set off on an extraordinary journey to unlock the real story behind Miguel's family history.",2017-10-27,105,en,"Family, Animation, Music, Adventure","skeleton, mexico, guitar, afterlife, musician, holiday, villain, singer, murderer, life after death, kids, day of the dead, 3d animation, music, boy, hilarious, hopeful, modest, pixar",175000000,814641172,42.3799,8.197,21445
1495,Kingdom of Heaven,"After his wife dies, a blacksmith named Balian is thrust into royalty, political intrigue and bloody holy wars during the Crusades.",2005-05-03,144,en,"Drama, Action, Adventure, History, War","blacksmith, muslim, crusade, jerusalem, catapult, swordsman, battlefield, knight, religion, epic battle, desert battle, knight templars, 12th century, saladin, christian, ambiguous, awestruck, sword battle",130000000,218366336,42.8572,7.1,5254
1314481,The Devil Wears Prada 2,"Andy Sachs returns to Runway as Miranda Priestly navigates a new media landscape and Runway's position within. The duo reconnect with former assistant Emily Charlton, now the head of a luxury brand that possesses funding which could ensure Runway's survival.",2026-04-29,119,en,"Comedy, Drama","new york city, based on novel or book, sequel, fashion, fashion magazine, dramedy, magazine editor, fashion industry, fashionista, whimsical, ambiguous",100000000,691379651,44.4331,7.047,2372
121,The Lord of the Rings: The Two Towers,"Frodo Baggins and the other members of the Fellowship continue on their sacred quest to destroy the One Ring--but on separate paths. Their destinies lie at two towers--Orthanc Tower in Isengard, where the corrupt wizard Saruman awaits, and Sauron's fortress at Barad-dur, deep within the dark lands of Mordor.",2002-12-18,179,en,"Adventure, Fantasy, Action","mission, based on novel or book, elves, dwarf, magic, obsession, allegory, bravery, castle, reincarnation, sequel, split personality, fantasy world, wizard, epic battle, journey, companionship, live action and animation, hero's journey, high fantasy, wraith, sword and sorcery, trekking, evil spell, good versus evil, winged creatures, tolkien, epic fantasy, hobbit",79000000,926287400,40.7966,8.429,24641
76600,Avatar: The Way of Water,"Set more than a decade after the events of the first film, learn the story of the Sully family (Jake, Neytiri, and their kids), the trouble that follows them, the lengths they go to keep each other safe, the battles they fight to stay alive, and the tragedies they endure.",2022-12-14,192,en,"Action, Adventure, Science Fiction","dying and death, loss of loved one, alien life-form, resurrection, dysfunctional family, sequel, alien planet, distant future, transhumanism, adopted child, rebirth, motion capture, family dynamics, adopted son, stronger villain, complex, war, bold, complicated, demeaning, exhilarated",460000000,2334484620,40.7658,7.583,14683
597,Titanic,"101-year-old Rose DeWitt Bukater tells the story of her life aboard the Titanic, 84 years later. A young Rose boards the ship with her mother and fiancé. Meanwhile, Jack Dawson and Fabrizio De Rossi win third-class tickets aboard the ship. Rose tells the whole story from Titanic's departure through to its death—on its first and last voyage—on April 15, 1912.",1997-12-18,194,en,"Drama, Romance","ship, soulmates, shipwreck, atlantic ocean, evacuation, iceberg, titanic, forbidden love, ocean liner, based on true story, rich woman poor man, tragedy, tragic love, historical fiction, class differences, love affair, historical event, sinking ship, rich snob, tragic romance, disaster movie, 1910s, romantic",200000000,2264162353,40.4862,7.9,27800
14836,Coraline,"Wandering her rambling old house in her boring new town, 11-year-old Coraline discovers a hidden door to a strangely idealized version of her life. In order to stay in the fantasy, she must make a frighteningly real sacrifice.",2009-02-05,100,en,"Animation, Family, Fantasy, Horror","friendship, dreams, based on novel or book, halloween, eye, stuffed animal, stop motion, parallel world, button, new home, secret door, female villain, reality vs fantasy, dark fantasy, aftercreditsstinger, duringcreditsstinger, horror for children, talking cat, parallel universe, 3d animation, inspirational",60000000,185860104,41.7974,7.9,9467
911430,F1,Racing legend Sonny Hayes is coaxed out of retirement to lead a struggling Formula 1 team—and mentor a young hotshot driver—while chasing one more chance at glory.,2025-06-25,156,en,"Action, Drama","sports, comeback, racing, race car driver, sport competition, aftercreditsstinger, beforecreditsstinger, rookie, formula one (f1), motorsport, car racing, disdainful, exhilarated, joyful",300000000,634142436,44.3827,7.827,4734
1290821,Shelter,"A man living in self-imposed exile on a remote island rescues a young girl from a violent storm, setting off a chain of events that forces him out of seclusion to protect her from enemies tied to his past.",2026-01-28,107,en,"Action, Crime, Thriller","home invasion, mysterious girl, ghosts of the past, isolated island, child protection, audacious, solitary life, hidden secret, close‑quarters combat, dangerous escalation, storm rescue, unexpected threat, violent assault, protective instinct, lone protector, intense action thriller, siege situation",50000000,53933639,43.2691,7.755,1914
931285,Mortal Kombat II,"The fan favorite champions—now joined by Johnny Cage himself—are pitted against one another in the ultimate, no-holds barred, gory battle to defeat the dark rule of Shao Kahn that threatens the very existence of the Earthrealm and its defenders.",2026-05-06,116,en,"Action, Fantasy, Adventure","martial arts, magic, ninja fighter, gore, sequel, god, alternate dimension, ninja, fighting, based on video game, martial arts tournament, struggling actor, hand to hand combat, aggressive, amused",80000000,129570110,38.5746,7.797,2632
68718,Django Unchained,"With the help of a German bounty hunter, a freed slave sets out to rescue his wife from a brutal Mississippi plantation owner.",2012-12-25,165,en,"Drama, Western","rescue, friendship, bounty hunter, ku klux klan, texas, slavery, plantation, revenge, racism, slave trade, black slave, 19th century, white supremacy, deep south, old west, mississippi",100000000,425368238,40.954,8.193,28666
803796,KPop Demon Hunters,"When K-pop superstars Rumi, Mira and Zoey aren't selling out stadiums, they're using their secret powers to protect their fans from supernatural threats.",2025-06-20,96,en,"Fantasy, Music, Comedy, Animation","double life, loyalty, supernatural, musical, female friendship, female protagonist, demon, self-doubt, sing-along, girl power, duringcreditsstinger, demon hunter, girl group, boy band, fandom, k-pop, chibi, action comedy, found family, south korea, korean, 3d animation, half demon, save the world, self-redemption, ramen noodles, k-pop group, trio, hidden secret, animesque",100000000,24619953,42.9274,7.994,3233
1010581,My Fault,"Noah must leave her city, boyfriend, and friends to move into William Leister's mansion, the flashy and wealthy husband of her mother Rafaela. As a proud and independent 17 year old, Noah resists living in a mansion surrounded by luxury. However, it is there where she meets Nick, her new stepbrother, and the clash of their strong personalities becomes evident from the very beginning.",2023-06-08,116,es,"Drama, Romance, Thriller","first time, forbidden love, stepbrother, female protagonist, underage sex, stepsister, based on young adult novel, enemies to lovers, passion and romance, car, step-sibling romance",0,0,41.6824,7.7,4197
497,The Green Mile,"A supernatural tale set on death row in a Southern prison, where gentle giant John Coffey possesses the mysterious power to heal people's ailments. When the cell block's head guard, Paul Edgecomb, recognizes Coffey's miraculous gift, he tries desperately to help stave off the condemned man's execution.",1999-12-10,189,en,"Fantasy, Drama, Crime","mentally disabled, death penalty, based on novel or book, southern usa, psychopath, death row, jail guard, supernatural, great depression, prison guard, jail, electric chair, capital punishment, torture, magic realism, healing, 1930s, abuse of power, prison drama",60000000,286801374,36.7434,8.506,19868
138843,The Conjuring,"Paranormal investigators Ed and Lorraine Warren work to help a family terrorized by a dark presence in their farmhouse. Forced to confront a powerful entity, the Warrens find themselves caught in the most terrifying case of their lives.",2013-07-18,112,en,"Horror, Thriller","sibling relationship, 1970s, cellar, exorcism, halloween, haunted house, possession, rhode island, based on true story, paranormal investigation, crucifix, ghost, demonic, demonic spirit, demonology, psychic vision, malevolent spirit",13000000,321293998,42.0096,7.541,13103
948,Halloween,"Fifteen years after murdering his sister on Halloween Night 1963, Michael Myers escapes from a mental hospital and returns to the small town of Haddonfield, Illinois to kill again.",1978-10-24,91,en,"Horror, Thriller","mask, police, halloween, babysitter, marijuana, stalking, serial killer, maniac, killing spree, family, evil, psychotic, escaped killer",325000,70260597,35.7785,7.558,6382
1022789,Inside Out 2,"Teenager Riley's mind headquarters is undergoing a sudden demolition to make room for something entirely unexpected: new Emotions! Joy, Sadness, Anger, Fear and Disgust, who’ve long been running a successful operation by all accounts, aren’t sure how to feel when Anxiety shows up. And it looks like she’s not alone.",2024-06-11,97,en,"Animation, Adventure, Comedy, Family","sadness, disgust, sequel, computer animation, teenage girl, fear, anger, envy, aftercreditsstinger, duringcreditsstinger, emotions, embarrasment, joy, 3d animation, anxiety, witty, assertive, cheerful, enthusiastic, hopeful, pixar",200000000,1698863816,39.3911,7.54,7010
8587,The Lion King,"Young lion prince Simba, eager to one day become king of the Pride Lands, grows up under the watchful eye of his father Mufasa; all the while his villainous uncle Scar conspires to take the throne for himself. Amid betrayal and tragedy, Simba must confront his past and find his rightful place in the Circle of Life.",1994-06-15,89,en,"Animation, Family, Drama","father murder, loss of loved one, africa, lion, cartoon, manipulation, villain, redemption, musical, uncle, coming of age, murder, shaman, king, animals, nature, father son relationship, awestruck",45000000,763455561,41.3809,8.251,20188
1265609,War Machine,"On one last grueling mission during Army Ranger training, a combat engineer must lead his unit in a fight against a giant otherworldly killing machine.",2026-02-12,110,en,"Action, Science Fiction, Thriller","struggle for survival, military training, afghanistan veteran, grim, alien hunters, alien arrival, military sci-fi, u.s. army ranger, special forces training, firefights, hostile encounter, high‑intensity conflict, gore elements, veteran soldier, remote outpost",73000000,0,41.8259,7.497,2524
99861,Avengers: Age of Ultron,"When Tony Stark tries to jumpstart a dormant peacekeeping program, things go awry and Earth’s Mightiest Heroes are put to the ultimate test as the fate of the planet hangs in the balance. As the villainous Ultron emerges, it is up to The Avengers to stop him from enacting his terrible plans, and soon uneasy alliances and unexpected action pave the way for an epic and unique global adventure.",2015-04-22,141,en,"Action, Adventure, Science Fiction","artificial intelligence (a.i.), saving the world, superhero, based on comic, sequel, vision, robot, superhero team, creator, super villain, duringcreditsstinger, marvel cinematic universe (mcu), fictitious country, good versus evil, hilarious, comforting",235000000,1405403694,40.5459,7.278,25082
862,Toy Story,"Led by Woody, Andy's toys live happily in his room until Andy's birthday brings Buzz Lightyear onto the scene. Afraid of losing his place in Andy's heart, Woody plots against Buzz. But when circumstances separate Buzz and Woody from their owner, the duo eventually learns to put aside their differences.",1995-11-22,81,en,"Family, Comedy, Animation, Adventure","rescue, friendship, mission, jealousy, villain, bullying, elementary school, rivalry, anthropomorphism, friends, computer animation, buddy, walkie talkie, toy car, nostalgic, boy next door, new toy, neighborhood, toy comes to life, resourcefulness, toy, 3d animation, joyous, amused, comforting, pixar",30000000,962301978,40.3249,8.0,20577
950028,The Invite,"Joe and Angela's marriage is on thin ice. When they invite their enigmatic upstairs neighbors for a dinner party, the night spirals into unexpected places. Have they reignited the spark or lit the match that burns it all down?",2026-06-25,107,en,"Comedy, Drama, Romance","husband wife relationship, san francisco, california, dark comedy, remake, firefighter, sexologist, candid, anxious, exuberant, neighbors",12000000,55505476,43.4033,7.239,663
129,Spirited Away,"A young girl, Chihiro, becomes trapped in a strange new world of spirits. When her parents undergo a mysterious transformation, she must call upon the courage she never knew she had to free her family.",2001-07-20,125,ja,"Animation, Family, Fantasy","witch, parent child relationship, darkness, bath house, magic, spirit, parallel world, amusement park, youkai, japanese mythology, anime",19000000,274925095,39.7309,8.535,18957
1265,Bridge to Terabithia,"Jesse Aarons trained all summer to become the fastest runner in school. So he's very upset when newcomer Leslie Burke outruns him and everyone else. Despite this and other differences including that she's rich, he's poor, she's a city girl, and he's a country boy the two become fast friends. Together they create Terabithia, a land of monsters, trolls, ogres, and giants where they rule as king and queen.",2007-02-15,95,en,"Adventure, Drama, Family","friendship, sibling relationship, based on novel or book, bullying, neighbor, school, drawing, based on children's book, school bus, creek, clubhouse, reality vs fantasy, outsider, fantasy world, overflowing with imagination, cliché",60000000,137587063,38.5583,7.353,5488
447365,Guardians of the Galaxy Vol. 3,"Peter Quill, still reeling from the loss of Gamora, must rally his team around him to defend the universe along with protecting one of their own. A mission that, if not completed successfully, could quite possibly lead to the end of the Guardians as we know them.",2023-05-03,150,en,"Science Fiction, Adventure, Action","hero, superhero, mad scientist, based on comic, sequel, superhero team, space opera, raccoon, aftercreditsstinger, duringcreditsstinger, marvel cinematic universe (mcu), cosmic, outer space, chosen family, empathetic",250000000,845550000,39.8863,7.933,8871
385687,Fast X,"Over many missions and against impossible odds, Dom Toretto and his family have outsmarted, out-nerved and outdriven every foe in their path. Now, they confront the most lethal opponent they've ever faced: A terrifying threat emerging from the shadows of the past who's fueled by blood revenge, and who is determined to shatter this family and destroy everything—and everyone—that Dom loves, forever.",2023-05-17,142,en,"Action, Crime, Thriller","sequel, revenge, betrayal, racing, family, cliffhanger, cars, bold, brisk, forceful",340000000,704709660,40.2545,6.979,6511
324857,Spider-Man: Into the Spider-Verse,"Struggling to find his place in the world while juggling school and family, Brooklyn teenager Miles Morales is unexpectedly bitten by a radioactive spider and develops unfathomable powers just like the one and only Spider-Man. While wrestling with the implications of his new abilities, Miles discovers a super collider created by the madman Wilson ""Kingpin"" Fisk, causing others from across the Spider-Verse to be inadvertently transported to his dimension.",2018-12-06,117,en,"Animation, Action, Adventure, Science Fiction","superhero, based on comic, aftercreditsstinger, alternate universe",90000000,394884133,38.9616,8.401,17928
1726,Iron Man,"After being held captive in an Afghan cave, billionaire engineer Tony Stark creates a unique weaponized suit of armor to fight evil.",2008-04-30,126,en,"Action, Science Fiction, Adventure","middle east, kidnapping, superhero, arms dealer, based on comic, aftercreditsstinger, marvel cinematic universe (mcu), aggressive, counterterrorism, antagonistic, bold",140000000,585174222,37.7018,7.666,28877
315635,Spider-Man: Homecoming,"Following the events of Captain America: Civil War, Peter Parker, with the help of his mentor Tony Stark, tries to balance his life as an ordinary high school student in Queens, New York City, with fighting crime as his superhero alter ego Spider-Man as a new threat, the Vulture, emerges.",2017-07-05,133,en,"Action, Adventure, Science Fiction","high school, new york city, washington dc, usa, secret identity, superhero, based on comic, coming of age, reboot, aftercreditsstinger, duringcreditsstinger, marvel cinematic universe (mcu), masked superhero, teen superhero, lighthearted",175000000,880978185,37.8703,7.333,23968
1288059,I Want Your Sex,"When a naive young man becomes the sexual muse for a renowned and provocative artist, his dream job quickly turns dangerous as he is drawn into an obsessive world of power, betrayal, and murder.",2026-07-29,90,en,Comedy,"eroticism, artist, satire, muse, sexual harassment, sexual art, mansion, los angeles, california, art gallery, masturbation, sexual desire, threesome, dildo, missing person, bdsm, lgbt, police interrogation, generation z, independent film",10000000,2000000,38.4526,6.1,88
58,Pirates of the Caribbean: Dead Man's Chest,"Captain Jack Sparrow’s got a blood debt to pay: he owes his soul to the legendary Davy Jones, ghastly Ruler of the Ocean Depths. To escape eternal servitude aboard the Flying Dutchman, ever-crafty Jack must track down the still-beating heart of Jones. But he won’t do it alone: Will Turner and Elizabeth Swann are drawn back into another one of his perilous quests—assuming they can evade execution for aiding a pirate.",2006-07-06,151,en,"Adventure, Fantasy, Action","witch, daughter, ship, exotic island, monster, fortune teller, compass, sequel, sword fight, pirate, cannibal, swashbuckler, kraken, aftercreditsstinger, based on theme park ride, witty",200000000,1066179747,38.8943,7.39,17635
98,Gladiator,"After the death of Emperor Marcus Aurelius, his devious son takes power and demotes Maximus, one of Rome's most capable generals who Marcus preferred. Eventually, Maximus is forced to become a gladiator and battle to the death against other men for the amusement of paying audiences.",2000-05-04,155,en,"Action, Drama, Adventure","gladiator, rome, italy, arena, senate, roman empire, parent child relationship, emperor, slavery, ancient rome, revenge, battlefield, slave auction, historical fiction, ancient world, period drama, combat, chariot, philosopher, grim, barbarian horde, 2nd century, successor, commodus, maximus, antiquity, gladiador",103000000,465516248,38.4649,8.23,21558
39254,Real Steel,"Charlie Kenton is a washed-up fighter who retired from the ring when robots took over the sport. After his robot is trashed, he reluctantly teams up with his estranged son to rebuild and train an unlikely contender.",2011-09-28,127,en,"Action, Science Fiction, Drama","future, sports, parent child relationship, fight, giant robot, robot, prizefight, father son reunion, robot fighting, boxing, 2020s",110000000,299300000,41.2119,7.15,9586
13,Forrest Gump,"A man with a low IQ has accomplished great things in his life and been present during significant historic events—in each case, far exceeding what anyone imagined he could do. But despite all he has achieved, his one true love eludes him.",1994-06-23,142,en,"Comedy, Drama, Romance","new year's eve, vietnam war, vietnam veteran, mentally disabled, friendship, usa president, washington dc, usa, post-traumatic stress disorder (ptsd), waitress, based on novel or book, hippie, single parent, parent child relationship, optimism, 1970s, drug addiction, autism, alabama, black panther party, bus stop, family relationships, chameleon, single mother, military, anti war protest, 1960s, simpleton, college american football, mother son relationship, america, feelgood, dramatic",55000000,677387716,36.1427,8.461,30536
1241982,Moana 2,"After receiving an unexpected call from her wayfinding ancestors, Moana journeys alongside Maui and a new crew to the far seas of Oceania and into dangerous, long-lost waters for an adventure unlike anything she's ever faced.",2024-11-21,100,en,"Adventure, Animation, Comedy, Family, Fantasy","sea, ocean, villain, musical, sequel, coming of age, explorer, duringcreditsstinger, polynesia, giant crab, seafarer, 3d animation, hopeful, female explorer",150000000,1059242164,39.0456,6.995,3302
1007757,Swapped,"A small woodland creature and a majestic bird, two natural sworn enemies of the Valley, magically trade places and set off on an adventure of a lifetime to switch back. Their journey soon uncovers a greater threat—one that could endanger not only their species, but the entire valley they call home.",2026-05-01,102,en,"Adventure, Animation, Family, Fantasy","wolf, buddy, body-swap, forest fire, woodlands, forest lore, bird, 3d animation, enchant, animal adventure",7,7,41.4363,8.9,2209
61823,The Ape Woman,A modest Neapolitan man meets a young woman with excessive hairiness. He exhibits her at fairs and marries her. It is after marriage that he receives a tempting offer from a French manager.,1964-01-31,92,it,"Drama, Comedy",dark comedy,0,0,28.7809,7.3,64
10681,WALL·E,"After hundreds of years doing what he was built for, WALL•E— a robot designed to clean up the earth—discovers a new purpose in life when he meets a sleek search robot named EVE. EVE comes to realize that WALL•E has inadvertently stumbled upon the key to the planet's future, and races back to space to report to the humans. Meanwhile, WALL•E chases EVE across the galaxy and sets into motion one of the most imaginative adventures ever brought to the big screen.",2008-06-26,98,en,"Animation, Family, Science Fiction","garbage, dystopia, space travel, space, distant future, loneliness, robot, aftercreditsstinger, duringcreditsstinger, reflective, 3d animation, inspirational, psychological drama, understated, suspenseful, sentimental, cheerful, compassionate, hopeful, joyful, sincere, pixar",180000000,521311860,40.2686,8.125,20924
105,Back to the Future,"Eighties teenager Marty McFly is accidentally sent back in time to 1955, inadvertently disrupting his parents' first meeting and attracting his mother's romantic interest. Marty must repair the damage to history by rekindling his parents' romance and - with the help of his eccentric inventor friend Doc Brown - return to 1985.",1985-07-03,116,en,"Adventure, Comedy, Science Fiction","flying car, race against time, clock tower, car race, lightning, guitar, inventor, journey in the past, invention, time travel, bullying, mad scientist, love, fish out of water, terrorism, teenage love, destiny, burlesque, hidden identity, teenage life, changing the past or future, kids, 1950s, lighthearted, excited, optimistic",19000000,391546852,36.3916,8.33,22465
1297842,GOAT,"A small goat with big dreams gets a once-in-a-lifetime shot to join the pros and play roarball, a high-intensity, co-ed, full-contact sport dominated by the fastest, fiercest animals in the world.",2026-02-11,100,en,"Animation, Comedy, Family","underdog, friendship, sports, allies, ambition, bullying, challenge, basketball, rivalry, coming of age, anthropomorphism, animals, intimidation, stereotype, basketball team, basketball player, big dreams, imaginary world, sneakers, vulture, playful, talking animal, anthropomorphic animal, athlete, feelgood, inspirational, enemy, courage, heartwarming, exciting, fantasy sports, admiring, amused, joyful, sports comedy",90000000,193566330,39.9124,8.1,1100
12,Finding Nemo,"Nemo, an adventurous young clownfish, is unexpectedly taken from his Great Barrier Reef home to a dentist's office aquarium. It's up to his worrisome father Marlin and a friendly but forgetful fish Dory to bring Nemo home -- meeting vegetarian sharks, surfer dude turtles, hypnotic jellyfish, hungry seagulls, and more along the way.",2003-05-30,100,en,"Animation, Family, Adventure","fish, sydney, australia, parent child relationship, anthropomorphism, harbor, underwater, shark, pelican, fish tank, great barrier reef, sea turtle, missing child, aftercreditsstinger, duringcreditsstinger, short-term memory loss, clownfish, father son reunion, protective father, 3d animation, enthusiastic, hopeful, sympathetic, pixar",94000000,940335536,37.7004,7.821,21023
496243,Parasite,"All unemployed, Ki-taek's family takes peculiar interest in the wealthy and glamorous Parks for their livelihood until they get entangled in an unexpected incident.",2019-05-30,133,ko,"Comedy, Thriller, Drama","dark comedy, con artist, social commentary, working class, infiltration, psychological thriller, class differences, family, unemployed, domestic worker, wealthy family, south korea, caste violence, seoul, south korea, anti-capitalist",11363000,257591776,36.7083,8.49,21383
1078605,Weapons,"When all but one child from the same class mysteriously vanish on the same night at exactly the same time, a community is left questioning who or what is behind their disappearance.",2025-08-04,129,en,"Horror, Mystery","witch, small town, pennsylvania, usa, ritual, junkie, teacher, trance, witchcraft, clown makeup, multiple storylines, bullied, folk horror, dark fairy tale, unstable cop, supernatural horror, mysterious disappearance, spell, psychological horror, mystery, evil aunt, missing children",38000000,269972492,36.3935,7.265,4003
10588,The Cat in the Hat,"During a rainy day, and while their mother is out, Conrad and Sally, and their pet fish, are visited by the mischievous Cat in the Hat. Fun soon turns to mayhem, and the siblings must figure out how to rid themselves of the maniacal Cat.",2003-11-21,82,en,"Fantasy, Adventure, Family, Comedy","sibling relationship, based on novel or book, chaos, cat, boredom, surrealism, stepfather, slapstick comedy, house party, police impersonator, based on children's book, goldfish, impersonation, talking fish, live action and animation, mother son relationship, mother daughter relationship, hilarious",109000000,133800000,40.5958,5.4,1896
575265,Mission: Impossible - The Final Reckoning,"Ethan Hunt and team continue their search for the terrifying AI known as the Entity — which has infiltrated intelligence networks all over the globe — with the world's governments and a mysterious ghost from Hunt's past on their trail. Joined by new allies and armed with the means to shut the Entity down for good, Hunt is in a race against time to prevent the world as we know it from changing forever.",2025-05-17,170,en,"Action, Thriller, Adventure","mask, artificial intelligence (a.i.), diving, submarine, espionage, spy, nuclear missile, fake identity, secret agent, stunt, sequel, secret government organization, infiltration, terrorist plot, fictional government agency, misinformation, government agency, based on tv series",400000000,598767057,37.4628,7.175,3183
240,The Godfather Part II,"In the continuing saga of the Corleone crime family, a young Vito Corleone grows up in Sicily and in 1910s New York. In the 1950s, Michael Corleone attempts to expand the family business into Las Vegas, Hollywood and Cuba.",1974-12-20,202,en,"Drama, Crime","new year's eve, new york city, based on novel or book, italian american, cuba, italy, gangster, praise, blackmail, symbolism, senator, sequel, revenge, murder, betrayal, organized crime, extortion, mafia, lawyer, suburb, sicilian mafia, corrupt politician, 1950s, new year, violence",13000000,102600000,34.0586,8.573,14378
49026,The Dark Knight Rises,"Following the death of District Attorney Harvey Dent, Batman assumes responsibility for Dent's crimes to protect the late attorney's reputation and is subsequently hunted by the Gotham City Police Department. Eight years later, Batman encounters the mysterious Selina Kyle and the villainous Bane, a new terrorist leader who overwhelms Gotham's finest. The Dark Knight resurfaces to protect a city that has branded him an enemy.",2012-07-17,165,en,"Action, Crime, Drama, Thriller","airplane, fight, burglar, hostage, secret identity, crime fighter, superhero, villainess, time bomb, based on comic, cover-up, vigilante, tragic hero, mobile, terrorism, destruction, fighting, criminal underworld, cat burglar, flood",250000000,1081041287,35.2288,7.797,25022
986056,Thunderbolts*,"After finding themselves ensnared in a death trap, seven disillusioned castoffs must embark on a dangerous mission that will force them to confront the darkest corners of their pasts.",2025-04-30,127,en,"Action, Science Fiction, Adventure","new york city, superhero, anti hero, villain, based on comic, super power, superhero team, mental health, aftercreditsstinger, duringcreditsstinger, marvel cinematic universe (mcu), congressman, father daughter relationship, impeachment, survivor's guilt, teamwork, ragtag, band of misfits, hilarious, epic heroes",180000000,382436917,37.7468,7.295,4099
1122573,In the Grey,"A covert team of elite operatives are living in the shadows. When a ruthless despot steals a billion-dollar fortune, they're sent to take it back—an impossible heist that erupts into a deadly game of strategy, deception and survival.",2026-05-13,97,en,"Action, Thriller","mission, heist, agent, dangerous mission, irreverent, provocative, intense, audacious, enthusiastic, sarcastic",70000000,27117528,37.1792,7.567,1041
939243,Sonic the Hedgehog 3,"Sonic, Knuckles, and Tails reunite against a powerful new adversary, Shadow, a mysterious villain with powers unlike anything they have faced before. With their abilities outmatched in every way, Team Sonic must seek out an unlikely alliance in hopes of stopping Shadow and protecting the planet.",2024-12-19,110,en,"Action, Science Fiction, Comedy, Family","moon, sequel, based on video game, psychotic, dual role, aftercreditsstinger, duringcreditsstinger, hedgehog, live action and animation, complex, grandfather grandson relationship, animal human friendship, anthropomorphic animal, bold, enthusiastic, sonic cinematic universe",122000000,492162604,37.0057,7.599,3476
912649,Venom: The Last Dance,"Eddie and Venom are on the run. Hunted by both of their worlds and with the net closing in, the duo are forced into a devastating decision that will bring the curtains down on Venom and Eddie's last dance.",2024-10-22,109,en,"Science Fiction, Action, Adventure","hero, superhero, anti hero, villain, alien life-form, based on comic, sequel, aftercreditsstinger, duringcreditsstinger, hunted, woman director",120000000,478937618,36.9944,6.67,4557
933260,The Substance,"A fading celebrity decides to use a black market drug, a cell-replicating substance that temporarily creates a younger, better version of herself.",2024-09-07,141,en,"Horror, Science Fiction","new year's eve, capitalism, birthday, black market, identity, dark comedy, beauty, satire, aging, celebrity, female protagonist, los angeles, california, has been, aerobics, disfigurement, woman in jeopardy, woman director, substance, beauty standards, insecure woman, self image, drug, body horror, female rage, youth, actress",17500000,77316812,36.9518,7.135,6511
675,Harry Potter and the Order of the Phoenix,"When a new professor's methods leave Hogwarts unprepared to fight the rising tide of evil, Harry teaches students how to defend against the dark arts.",2007-07-08,138,en,"Adventure, Fantasy","witch, dying and death, based on novel or book, court, magic, prophecy, loss of loved one, professor, supernatural, child hero, school of witchcraft, black magic, sorcery, sequel, coming of age, occult, ghost, wizard, scholar, mystical land, ministry, based on young adult novel, depressing, tragic, teen fantasy",150000000,938212738,36.777,7.673,21262
767,Harry Potter and the Half-Blood Prince,Dumbledore tries to prepare Harry for the final battle with Voldemort while Death Eaters wreak havoc in both Muggle and Wizard worlds.,2009-07-15,153,en,"Adventure, Fantasy","witch, dying and death, london, england, based on novel or book, magic, school of witchcraft, sequel, apparition, curse, teenage crush, school, werewolf, teenage love, luck, ghost, wizard, secret past, based on young adult novel, depressing, teen fantasy",250000000,933959197,36.6397,7.682,21228
1233413,Sinners,"Trying to leave their troubled lives behind, twin brothers return to their hometown to start again, only to discover that an even greater evil is waiting to welcome them back.",2025-04-16,138,en,"Horror, Action, Thriller","chicago, illinois, capitalism, ku klux klan, musician, immortality, vampire, cousin, surrealism, sin, alcoholism, vampire hunter (slayer), church, twins, blunt, estranged wife, dual role, cousin relationship, death of daughter, blues music, aftercreditsstinger, klansmen, 1990s, 1930s, salvation, assimilation, chinese immigrant, brother brother relationship, southern gothic, afro-descendants, supernatural horror, playful, train station, mississippi, frightened",100000000,371368759,36.6073,7.511,5230
210577,Gone Girl,"With his wife's disappearance having become the focus of an intense media circus, a man sees the spotlight turned on him when it's suspected that he may not be innocent.",2014-10-01,149,en,"Mystery, Thriller, Drama","infidelity, based on novel or book, wife, marriage crisis, investigation, disappearance, psychological thriller, whodunit, cynical, missing person, search party, criminal lawyer, murder suspect, missing wife, perspective, manipulative woman, toxic relationship, revenge thriller, killed during sex, hate, controlling wife",61000000,370890259,36.5146,7.89,20461
1168190,The Wrecking Crew,"Estranged half-brothers Jonny and James reunite after their father's mysterious death. As they search for the truth, buried secrets reveal a conspiracy threatening to tear their family apart.",2026-01-28,125,en,"Action, Comedy, Crime, Mystery","brotherhood, reunion, family conflict, power struggle, hand to hand combat, family legacy, helicopter chase, brother brother relationship, loss of father, explosive action, high‑stakes mission, rival enforcer, team loyalty, vengeful motives, muscular spectacle, strategic fighter, heavy firepower",78500000,89000000,36.4404,7.093,1290
1154538,Nirvanna the Band the Show the Movie,"When their plan to book a show at the Rivoli goes horribly wrong, Matt and Jay accidentally travel back to the year 2008.",2026-02-02,100,en,"Comedy, Science Fiction, Adventure","toronto, canada, time travel, parody, road trip, mockumentary, candid camera, publicity stunt, comedy of situation, based on web series, 2000s, metafiction, adventure comedy, based on tv series, independent film, alt comedy, metatextual, semi-scripted",1200000,5191174,36.3473,7.6,133
1428226,Until the End of the World,"Manuel's life is upended when Esmeralda, his lost love from 15 years ago, calls unexpectedly. Despite being set to marry another, he rediscovers Esmeralda, and they realize their love transcends time.",2026-07-23,98,es,Drama,,0,0,36.2296,7.838,80
893723,PAW Patrol: The Mighty Movie,"A magical meteor crash lands in Adventure City and gives the PAW Patrol pups superpowers, transforming them into The Mighty Pups.",2023-09-21,88,en,"Adventure, Animation, Comedy, Family, Science Fiction","superhero, cartoon, mad scientist, sequel, dog, animals, kids, elasticity, based on tv series, 3d animation",30000000,202231360,34.3215,6.9,594
466272,Once Upon a Time... in Hollywood,"Los Angeles, 1969. TV star Rick Dalton, a struggling actor specializing in westerns, and stuntman Cliff Booth, his best friend, try to survive in a constantly changing movie industry. Dalton is the neighbor of the young and promising actress and model Sharon Tate, who has just married the prestigious Polish director Roman Polanski…",2019-07-24,162,en,"Comedy, Drama, Thriller","movie business, male friendship, cult, based on true story, celebrity, fame, hollywood, los angeles, california, historical fiction, period drama, buddy, filmmaking, struggling actor, satanic cult, revisionist history, duringcreditsstinger, western filmmaking, manson family murders, 1960s, stunt double, old hollywood, sharon tate, charles manson, subjective, hollywood, california",95000000,393869691,35.1598,7.419,15307
49013,Cars 2,Star race car Lightning McQueen and his pal Mater head overseas to compete in the World Grand Prix race. But the road to the championship becomes rocky as Mater gets caught up in an intriguing adventure of his own: international espionage.,2011-06-11,106,en,"Animation, Family, Adventure, Comedy","car race, sports, spy, villain, sequel, anthropomorphism, best friend, british spy, duringcreditsstinger, angry, grand prix, 3d animation, cars, pixar",200000000,559852396,35.8157,6.192,8722
950387,A Minecraft Movie,"Four misfits find themselves struggling with ordinary problems when they are suddenly pulled through a mysterious portal into the Overworld: a bizarre, cubic wonderland that thrives on imagination. To get back home, they'll have to master this world while embarking on a magical quest with an unexpected, expert crafter, Steve.",2025-03-31,101,en,"Family, Fantasy, Comedy, Adventure","friendship, village, surrealism, exploration, portal, miner, friends, survival, zombie, based on video game, aftercreditsstinger, duringcreditsstinger, farming, journey, live action and animation, crafting, imagination, teamwork, fantasy, exuberant, building",150000000,960387780,35.6037,6.218,3310
12445,Harry Potter and the Deathly Hallows: Part 2,"Harry, Ron and Hermione continue their quest to vanquish the evil Voldemort once and for all. Just as things begin to look hopeless for the young wizards, Harry discovers a trio of magical objects that endow him with powers to rival Voldemort's formidable skills.",2011-07-12,130,en,"Adventure, Fantasy","witch, dying and death, saving the world, based on novel or book, self sacrifice, magic, school of witchcraft, sequel, sorcerer, school, battle, ghost, wizard, teenage hero, based on young adult novel, good versus evil, dramatic, appreciative, excited, teen fantasy",125000000,1341511219,35.9687,8.08,22486
1304313,Lee Cronin's The Mummy,"The young daughter of a journalist disappears into the desert without a trace—eight years later, the broken family is shocked when she is returned to them, as what should be a joyful reunion turns into a living nightmare.",2026-04-15,133,en,"Horror, Mystery","journalist, egypt, monster, ritual, kidnapping, pyramid, investigation, supernatural, mummy, possession, disappearance, curse, demon, tomb, missing person, mysterious, monster movie, supernatural horror, body horror, bewildered, frightened",22000000,90552113,39.1821,7.852,2724
348,Alien,"During its return to the earth, commercial spaceship Nostromo intercepts a distress signal from a distant planet. When a three-member team of the crew discovers a chamber containing thousands of eggs on the planet, a creature inside one of the eggs attacks an explorer. The entire crew is unaware of the impending nightmare set to descend upon them when the alien parasite planted inside its unfortunate host is birthed.",1979-05-25,117,en,"Horror, Science Fiction","android, spacecraft, space marine, biology, dystopia, countdown, space suit, beheading, space travel, cowardice, alien, space, female protagonist, parasite, space opera, cosmos",11000000,104931801,32.742,8.174,16891
280,Terminator 2: Judgment Day,"Ten years after the events of the original, a reprogrammed T-800 is sent back in time to protect young John Connor from the shape-shifting T-1000. Together with his mother Sarah, he fights to stop Skynet from triggering a nuclear apocalypse.",1991-07-03,137,en,"Action, Thriller, Science Fiction","man vs machine, artificial intelligence (a.i.), cyborg, shotgun, dystopia, moral ambiguity, post-apocalyptic future, villain, time travel, sequel, mental institution, juvenile delinquent, fictional war, urban setting, troubled teen, morphing, nuclear weapons, shape shifter, savior, catch phrase, action hero, good versus evil, suspenseful",102000000,517814175,33.3796,8.171,14913
808,Shrek,"It ain't easy bein' green -- especially if you're a likable (albeit smelly) ogre named Shrek. On a mission to retrieve a gorgeous princess from the clutches of a fire-breathing dragon, Shrek teams up with an unlikely compatriot -- a wisecracking donkey.",2001-05-18,90,en,"Animation, Comedy, Fantasy, Adventure, Family","princess, based on novel or book, magic, fairy tale, donkey, liberation, lordship, prince, castle, villain, robin hood, enchantment, swamp, parody, anthropomorphism, dragon, woman director, ogre, satirical, wonder, 3d animation, grand, cartoon donkey, witty, romantic, admiring, appreciative, bold",60000000,489676241,33.6247,7.779,19360
41630,No Strings Attached,"Emma is a busy doctor who sets up a seemingly perfect arrangement when she offers her best friend Adam a relationship with one rule: No strings attached. But when a fling becomes a thing, can sex friends stay best friends?",2011-01-21,107,en,"Comedy, Romance","parent child relationship, casual meeting, sexual humor, student of medicine, friends, open relationship, best friend, valentine's day, casual sex, friends in love, duringcreditsstinger, fling, father son conflict",25000000,149200000,32.6593,6.299,5081
271110,Captain America: Civil War,"Following the events of Age of Ultron, the collective governments of the world pass an act designed to regulate all superhuman activity. This polarizes opinion amongst the Avengers, causing two factions to side with Iron Man or Captain America, which causes an epic battle between former allies.",2016-04-27,147,en,"Adventure, Action, Science Fiction","superhero, based on comic, sequel, super soldier, aftercreditsstinger, duringcreditsstinger, marvel cinematic universe (mcu), superhero teamup, versus fighting, versus",250000000,1155046416,34.4378,7.455,24624
10193,Toy Story 3,"Woody, Buzz, and the rest of Andy's toys haven't been played with in years. With Andy about to go to college, the gang find themselves accidentally left at a nefarious day care center. The toys must band together to escape and return home to Andy.",2010-06-16,103,en,"Animation, Family, Comedy","escape, hostage, college, villain, sequel, buddy, daycare, teddy bear, duringcreditsstinger, toy comes to life, personification, inanimate objects come to life, introspective, 3d animation, dramatic, pixar",200000000,1067316101,34.4992,7.817,16277
389,12 Angry Men,"The defense and the prosecution have rested and the jury is filing into the jury room to decide if a young Spanish-American is guilty or innocent of murdering his father. What begins as an open and shut case soon becomes a mini-drama of each of the jurors' prejudices and preconceptions about the trial, the accused, and each other.",1957-04-10,97,en,Drama,"death penalty, anonymity, court case, judge, jurors, innocence, witness, knife, matter of life and death, based on play or musical, trial, murder, debate, capital punishment, black and white, courtroom, courtroom drama, huis clos, critical, baffled, derisive, foreboding",397751,4360000,34.2072,8.573,10411
1514026,Buddy,"A magical, singing orange unicorn holds his cast hostage in a surreal TV-show dimension, as he becomes more and more demented.",2026-08-27,95,en,"Horror, Comedy, Fantasy","supernatural, dark comedy, gore, slasher, madness, unicorn, tv host, shocking, suburban, supernatural horror, independent film, missing children, kids show",3000000,26379188,39.1543,7.7,67
228150,Fury,"April, 1945. As the Allies make their final push in the European Theater, a battle-hardened army sergeant commands a Sherman tank with a five-man crew on a deadly mission behind enemy lines.",2014-10-15,135,en,"War, Drama, Action","hero, nazi, ambush, bravery, world war ii, heroism, tank, europe, execution, battle, brutality, hatred, tank battle, 1940s, enclosed space, beating the odds, european theatre, exhilarated, tanks",68000000,211817906,31.6903,7.545,13263
1433367,One Night Only,Two love-starved strangers crash into each other on the one night of the year when single people are allowed to have sex.,2026-08-06,103,en,"Romance, Comedy","new york city, romcom, meet cute, searching for love, single man, single woman, lyrical, strangers, lighthearted, romantic, enthusiastic",25000000,15728345,34.6409,6.5,160
315162,Puss in Boots: The Last Wish,"Puss in Boots discovers that his passion for adventure has taken its toll: He has burned through eight of his nine lives, leaving him with only one life left. Puss sets out on an epic journey to find the mythical Last Wish and restore his nine lives.",2022-12-07,103,en,"Animation, Adventure, Fantasy, Comedy, Family","fairy tale, sequel, talking dog, spin off, aftercreditsstinger, talking cat, fear of death, 3d animation, inspirational, hilarious, romantic, bold, cheerful, excited, exhilarated",90000000,484700000,34.8239,8.219,9256
11,Star Wars,Princess Leia is captured and held hostage by the evil Imperial forces in their effort to take over the galactic Empire. Venturesome Luke Skywalker and dashing captain Han Solo team together with the loveable robot duo R2-D2 and C-3PO to rescue the beautiful princess and restore peace and justice in the Empire.,1977-05-25,121,en,"Adventure, Action, Science Fiction","empire, galaxy, rebellion, android, hermit, smuggling (contraband), freedom, rebel, rescue mission, space, planet, desert, super power, oppression, space opera, wizard, totalitarianism, quest, powerful, tuwaderalit",11000000,775398007,34.2988,8.207,22919
807,Se7en,"Two homicide detectives are on a desperate hunt for a serial killer whose crimes are based on the ""seven deadly sins"" in this dark and haunting film that takes viewers from the tortured remains of one victim to the next. The seasoned Det. Somerset researches each sin in an effort to get inside the killer's mind, while his novice partner, Mills, scoffs at his efforts to unravel the case.",1995-09-22,127,en,"Crime, Mystery, Thriller","rage and hate, police, s.w.a.t., sadism, self-fulfilling prophecy, psychopath, detective, investigation, insomnia, murder, serial killer, religion, shootout, corpse, seven deadly sins, depravity, neo-noir, urban gothic, grimdark, seven: los siete pecados capitales",33000000,327311859,31.4354,8.382,23859
1301421,The Sheep Detectives,"George Hardy is a shepherd who reads detective novels to his beloved sheep every night, assuming they can't possibly understand. But when a mysterious incident disrupts life on the farm, the sheep realize they must become the detectives. As they follow the clues and investigate human suspects, they prove that even sheep can be brilliant crime-solvers.",2026-04-30,109,en,"Comedy, Family, Mystery","shepherd, based on novel or book, investigation, murder, aftercreditsstinger, murder mystery, investigate, talking animal, inspirational, whodunnit, animal adventure, bumbling detective",75000000,131550648,32.9614,7.9,1726
976912,Graphic Desires,"When reclusive Franklin cheats on his partner with a mysterious girl he meets on a dating app, it becomes the start of a deadly obsession.",2023-08-31,90,en,"Thriller, Crime","infidelity, cheating, killing, murder, softcore, erotic thriller, murdered, dating app",0,0,38.2584,6.9,154
9806,The Incredibles,"Bob Parr has given up his superhero days to log in time as an insurance adjuster and raise his three children with his formerly heroic wife in suburbia. But when he receives a mysterious assignment, it's time to get back into costume.",2004-10-27,115,en,"Action, Adventure, Animation, Family","hero, secret identity, superhero, villain, family relationships, super power, supervillain, 3d animation, suspenseful, enthusiastic, excited, hopeful, pixar",92000000,631442092,34.1948,7.729,19340
1087192,How to Train Your Dragon,"On the rugged isle of Berk, where Vikings and dragons have been bitter enemies for generations, Hiccup stands apart, defying centuries of tradition when he befriends Toothless, a feared Night Fury dragon. Their unlikely bond reveals the true nature of dragons, challenging the very foundations of Viking society.",2025-06-06,125,en,"Fantasy, Family, Action, Adventure","flying, vikings (norsemen), remake, dragon, battle, warrior, live action remake, reminiscent",150000000,636596299,34.9417,7.934,3142
3933,Corpse Bride,"In a 19th-century European village, a young man about to be married is whisked away to the underworld and wed to a mysterious corpse bride, while his real bride waits bereft in the land of the living.",2005-09-12,77,en,"Romance, Fantasy, Animation","skeleton, love triangle, cheating, wedding vows, shyness, arranged marriage, marriage, grave, halloween, villain, bride, musical, wedding ring, money, stop motion, wedding, corpse, wedding ceremony, playing piano, parents, macabre, dark fantasy, bride and groom, ring, scoundrel, 19th century, 3d animation, underworld, romantic, ghoulish",40000000,118133252,35.6336,7.59,10438
549509,The Brutalist,"When an innovative modern architect flees post-war Europe, he is given the opportunity to rebuild his legacy. Set during the dawn of the modern United States (in Pennsylvania), his wife joins him, and their lives are forever changed by a demanding, wealthy patron.",2024-12-20,215,en,Drama,"new york city, immigrant, husband wife relationship, philadelphia, pennsylvania, venice, italy, capitalism, pennsylvania, usa, drug addiction, architect, american dream, exploitation, holocaust (shoah) survivor, architecture, period drama, post world war ii, heroin addict, sexual assault, ellis island, 1940s, 1980s, 1950s, male domination, visionary, slow burn, hungarian, psychological drama",9600000,50145227,32.9244,6.926,1828
502356,The Super Mario Bros. Movie,"While working underground to fix a water main, Brooklyn plumbers—and brothers—Mario and Luigi are transported down a mysterious pipe and wander into a magical new world. But when the brothers are separated, Mario embarks on an epic quest to find Luigi.",2023-04-05,93,en,"Family, Comedy, Adventure, Fantasy, Animation","gorilla, plumber, affectation, villain, anthropomorphism, based on video game, toad, aftercreditsstinger, duringcreditsstinger, damsel in distress, piano, brother brother relationship, 3d animation, evil king, adoring",100000000,1360879735,31.531,7.591,11163
1171145,Crime 101,"When an elusive thief whose high-stakes heists unfold along the iconic 101 freeway in Los Angeles eyes the score of a lifetime, with hopes of this being his final job, his path collides with a disillusioned insurance broker who is facing her own crossroads. Determined to crack the case, a relentless detective closes in on the operation, raising the stakes even higher.",2026-02-11,141,en,"Crime, Thriller","robbery, based on novel or book, jewelry, heist, police chase, los angeles, california, police detective, diamond heist, insurance, lapd, motorcycle chase, jewel robbery, ford mustang, amused, antwerp diamonds",90000000,72900246,35.6381,7.022,1380
9426,The Fly,"When brilliant, eccentric scientist Seth Brundle makes a huge technological breakthrough in teleportation, he decides to test it on himself. Unbeknownst to him, a common housefly manages to get inside the device and the two become one.",1986-08-15,96,en,"Horror, Science Fiction","monster, experiment, mutation, toronto, canada, mutant, transformation, halloween, remake, tragedy, creature, scientist, parasite underneath skin, fly (insect), animal horror, melting, animal research, fly/human hybrid, in-home laboratory, body horror, commanding, frightened, powerful, tragic",15000000,60629159,32.0332,7.447,5164
1124142,The Rivals of Amziah King,"Deep within the backwoods of rural Oklahoma, charismatic and musically gifted Amziah King herds a bluegrass-playing band of misfits while overseeing the premier honey-making operation in town. But the honey game is ruthless, and Amziah's rivals threaten to destroy everything he's built.",2026-08-13,131,en,"Thriller, Crime, Drama","oklahoma, envy, atmospheric, foster home, runaway child, foster daughter, beekeeping, beekeeper, business rivalry, family bonds",6000000,3111550,34.0745,6.773,97
12444,Harry Potter and the Deathly Hallows: Part 1,"Harry, Ron and Hermione walk away from their last year at Hogwarts to find and destroy the remaining Horcruxes, putting an end to Voldemort's bid for immortality. But with Harry's beloved Dumbledore dead and Voldemort's unscrupulous Death Eaters on the loose, the world is more dangerous than ever.",2010-11-17,146,en,"Adventure, Fantasy","witch, friendship, london, england, corruption, based on novel or book, escape, teleportation, isolation, magic, bravery, radio, road trip, sequel, shelter, tension, attack, werewolf, ghost, road movie, wizard, based on young adult novel, depressed, dramatic, teen fantasy",250000000,954305868,34.3283,7.732,20832
126889,Alien: Covenant,"The crew of the colony ship Covenant, bound for a remote planet on the far side of the galaxy, discovers what they think is an uncharted paradise but is actually a dark, dangerous world.",2017-05-09,122,en,"Horror, Science Fiction","android, spacecraft, experiment, space travel, infection, engineer, alien life-form, sequel, alien, space, creature, robot, scientist, genocide, creation, paranoid, acid, alien technology, genetic mutation, suspenseful, sci-fi horror",97000000,240891763,46.6571,6.189,9693
603692,John Wick: Chapter 4,"With the price on his head ever increasing, John Wick uncovers a path to defeating The High Table. But before he can earn his freedom, Wick must face off against a new enemy with powerful alliances across the globe and forces that turn old friends into foes.",2023-03-21,170,en,"Action, Thriller, Crime","new york city, martial arts, berlin, germany, paris, france, hitman, sequel, organized crime, osaka, japan, code of honor, blindness, aftercreditsstinger, hunted, hand to hand combat, consequences, professional assassin, neo-noir, japanese mafia, japan style, continental hotel",100000000,447316405,34.1537,7.712,8339
436969,The Suicide Squad,"Supervillains Harley Quinn, Bloodsport, Peacemaker and a collection of nutty cons at Belle Reve prison join the super-secret, super-shady Task Force X as they are dropped off at the remote, enemy-infused island of Corto Maltese.",2021-07-28,132,en,"Action, Comedy, Adventure","monster, secret mission, superhero, anti hero, giant monster, gore, based on comic, alien, betrayal, alien invasion, convict, parasite, super villain, world domination, aftercreditsstinger, aggressive, dc extended universe (dceu), absurd, hilarious, intense, excited",185000000,168717425,33.8733,7.444,9938
552524,Lilo & Stitch,The wildly funny and touching story of a lonely Hawaiian girl and the fugitive alien who helps to mend her broken family.,2025-05-17,108,en,"Family, Science Fiction, Comedy","hawaii, bullying, dysfunctional family, alien, loss of job, shape shifting alien, family, nostalgic, evil alien, orphan siblings, extraterrestrial animal, wonder, live action remake, alien spaceship, animal human friendship, advanced technology, hilarious, whimsical, admiring, enthusiastic",100000000,1038027526,32.1902,7.184,2302
559,Spider-Man 3,"The seemingly invincible Spider-Man goes up against an all-new crop of villains—including the shape-shifting Sandman. While Spider-Man’s superpowers are altered by an alien organism, his alter ego, Peter Parker, deals with nemesis Eddie Brock and also gets caught up in a love triangle.",2007-05-01,139,en,"Action, Adventure, Science Fiction","amnesia, dual identity, love of one's life, loss of loved one, forgiveness, hostility, superhero, sandstorm, spider, wretch, sand, narcissism, egomania, based on comic, sequel, revenge, symbiote, amused",258000000,894983373,34.0244,6.484,15814
539972,Kraven the Hunter,"Kraven Kravinoff's complex relationship with his ruthless gangster father, Nikolai, starts him down a path of vengeance with brutal consequences, motivating him to become not only the greatest hunter in the world, but also one of its most feared.",2024-12-11,127,en,"Action, Adventure, Thriller","hunter, superhero, anti hero, villain, based on comic, supervillain, intense, admiring, ominous",130000000,62076533,32.0214,6.415,2517
390062,Jungle,"In 1981, an enthusiastic young adventurer follows his dreams into the Bolivian Amazon jungle with two friends and a guide with a mysterious past. Their journey quickly turns into a terrifying ordeal as the darkest elements of human nature and the deadliest threats of the wilderness lead to an all-out fight for survival.",2017-06-27,115,en,"Adventure, Thriller","based on novel or book, river, hiking, hallucination, bolivia, forest, amazon rainforest, based on true story, alone, survival, jungle, raft, drugs, south america, rainforest, tense, melodramatic, bushmeat",0,1906640,37.9981,6.733,2298
798645,The Running Man,"Desperate to save his sick daughter, working-class Ben Richards is convinced by The Running Man's charming but ruthless producer to enter the deadly competition game as a last resort. But Ben's defiance, instincts, and grit turn him into an unexpected fan favorite — and a threat to the entire system. As ratings skyrocket, so does the danger, and Ben must outwit not just the Hunters, but a nation addicted to watching him fall.",2025-11-11,133,en,"Action, Thriller, Science Fiction","based on novel or book, dystopia, game show, survival, on the run, media manipulation, near future, baffled, authoritarian control, public spectacle, rigged competition, broadcast violence, elite hunters, corrupt producers, state propaganda, mass entertainment",110000000,69000000,33.431,6.728,2007
637649,Wrath of Man,"A cold and mysterious new security guard for a Los Angeles cash truck company surprises his co-workers when he unleashes precision skills during a heist. The crew is left wondering who he is and where he came from. Soon, the marksman's ultimate motive becomes clear as he takes dramatic and irrevocable steps to settle a score.",2021-04-22,119,en,"Thriller, Crime, Drama","crime boss, armored car, remake, revenge, shootout, shooter, los angeles, california, security guard, armored car robbery, marksman, ex soldier, armed robbery, marksmanship, father son relationship, precision, cash truck, money heist, special skills",40000000,103966489,33.5291,7.57,6319
346698,Barbie,"Barbie and Ken are having the time of their lives in the colorful and seemingly perfect world of Barbie Land. However, when they get a chance to go to the real world, they soon discover the joys and perils of living among humans.",2023-07-19,114,en,"Comedy, Adventure, Fantasy","feminism, satire, patriarchy, social satire, based on toy, female protagonist, fish out of water, womanhood, doll, reality vs fantasy, fantasy world, motherhood, existentialism, woman director, satirical, misandry, mother daughter relationship, adventure comedy, introspective, inspirational, gender discrimination, hilarious, secret world, celebratory, hopeful, powerful",145000000,1447138421,30.7153,6.907,11619
350,The Devil Wears Prada,"A young woman from the Midwest gets more than she bargained for when she moves to New York to become a writer and ends up as the assistant to the tyrannical, larger-than-life editor-in-chief of a major fashion magazine.",2006-06-29,109,en,"Drama, Comedy","new york city, journalist, paris, france, based on novel or book, journalism, fashion journal, assistant, job entrant, job interview, editor-in-chief, fashion, fashion magazine, bullied, city life, fashion industry, ambivalent, workplace drama",35000000,326588371,30.6131,7.434,14268
429617,Spider-Man: Far From Home,"Peter Parker and his friends go on a summer trip to Europe. However, they will hardly be able to rest - Peter will have to agree to help Nick Fury uncover the mystery of creatures that cause natural disasters and destruction throughout the continent.",2019-06-28,129,en,"Action, Adventure, Science Fiction","venice, italy, secret identity, superhero, school trip, europe, based on comic, sequel, travel, aftercreditsstinger, duringcreditsstinger, marvel cinematic universe (mcu), masked superhero, tower of london, teen superhero, disheartening",160000000,1132723226,31.7318,7.391,17662
11324,Shutter Island,"World War II soldier-turned-U.S. Marshal Teddy Daniels investigates the disappearance of a patient from a hospital for the criminally insane, but his efforts are compromised by troubling visions and a mysterious doctor.",2010-02-14,138,en,"Drama, Thriller, Mystery","island, based on novel or book, concentration camp, hurricane, investigation, psychiatric hospital, mental institution, escaped patient, psychologist, psychological thriller, doctor, missing person, ex military, neo-noir, criminally insane, 1950s, philosophical, complex, haunting past, inspirational, visions, mystery, intense, depressing, dachau",80000000,294804195,31.6794,8.196,26489
156022,The Equalizer,"McCall believes he has put his mysterious past behind him and dedicated himself to beginning a new, quiet life. But when he meets Teri, a young girl under the control of ultra-violent Russian gangsters, he can’t stand idly by – he has to help her. Armed with hidden skills that allow him to serve vengeance against anyone who would brutalize the helpless, McCall comes out of his self-imposed retirement and finds his desire for justice reawakened. If someone has a problem, if the odds are stacked against them, if they have nowhere else to turn, McCall will help. He is The Equalizer.",2014-09-24,132,en,"Thriller, Action, Crime","assassin, corruption, hitman, call girl, sadism, hostage, gangster, fbi, gore, remake, sociopath, revenge, vigilante, organized crime, teenage prostitute, commando, interrogation, surveillance, fake death, ex soldier, loner, black ops, hand to hand combat, mysterious past, vigilante justice, callous",55000000,192330738,31.0391,7.295,10229
840464,Greenland 2: Migration,"Having found the safety of the Greenland bunker after the comet Clarke decimated the Earth, the Garrity family must now risk everything to embark on a perilous journey across the wasteland of Europe to find a new home.",2026-01-07,98,en,"Adventure, Thriller, Science Fiction","natural disaster, sequel, shelter, protective father, traumatized child, audacious, human resilience, emotional trauma, post‑apocalyptic journey, family survival, constant threat, resourceful mother, military authority, collapse of society, resource scarcity, parental sacrifice, lawless zones",90000000,44856736,35.4388,6.369,1565
284053,Thor: Ragnarok,"Thor is imprisoned on the other side of the universe and finds himself in a race against time to get back to Asgard to stop Ragnarok, the destruction of his home-world and the end of Asgardian civilization, at the hands of a powerful new threat, the ruthless Hela.",2017-10-02,131,en,"Action, Adventure, Comedy, Science Fiction","superhero, death of father, based on comic, sequel, alien planet, female villain, norse mythology, aftercreditsstinger, duringcreditsstinger, marvel cinematic universe (mcu), mysterious, norse god, familiar, ominous",180000000,855301806,32.019,7.579,22537
216015,Fifty Shades of Grey,"When college senior Anastasia Steele steps in for her sick roommate to interview prominent businessman Christian Grey for their campus paper, little does she realize the path her life will take. Christian, as enigmatic as he is rich and powerful, finds himself strangely drawn to Ana, and she to him. Though sexually inexperienced, Ana plunges headlong into an affair -- and learns that Christian's true sexual proclivities push the boundaries of pain and pleasure.",2015-02-11,125,en,"Drama, Romance, Thriller","bad smell, based on novel or book, eroticism, perversion, spanking, billionaire, psychological thriller, rich, bdsm, woman director, psychological drama, baffled",40000000,569651467,31.951,5.858,12557
73723,The Lorax,"A 12-year-old boy searches for the one thing that will enable him to win the affection of the girl of his dreams. To find it he must discover the story of the Lorax, the grumpy yet charming creature who fights to protect his world.",2012-03-01,86,en,"Animation, Family","aftermath, tree, villain, musical, family business , money, tragic villain, consumerism, air, based on children's book, animal killing, walled city, reforestation, tree cutting, mad family, clothes factory, meme, social, wonder, abused child, 3d animation, casual, singing animals, fish trio, biggering, unless, admiring, amused, appreciative, awestruck, bold, enthusiastic",70000000,349305397,31.5632,6.538,3995
920,Cars,"Lightning McQueen, a hotshot rookie race car driven to succeed, discovers that life is about the journey, not the finish line, when he finds himself unexpectedly detoured in the sleepy Route 66 town of Radiator Springs. On route across the country to the big Piston Cup Championship in California to compete against two seasoned pros, McQueen gets to know the town's offbeat characters.",2006-06-08,117,en,"Animation, Adventure, Comedy, Family","friendship, car race, sports, villain, success, route 66, porsche, retirement, road trip, anthropomorphism, love, racing, rural area, los angeles, california, aftercreditsstinger, duringcreditsstinger, rookie, dedication, humility, 3d animation, cars, dramatic, arrogant, cheerful, disdainful, enthusiastic, frustrated, pixar",120000000,461983149,31.8145,7.056,15570
272,Batman Begins,"Driven by tragedy, billionaire Bruce Wayne dedicates his life to uncovering and defeating the corruption that plagues his home, Gotham City.  Unable to work within the system, he instead creates a new identity, a symbol of fear for the criminal underworld - The Batman.",2005-06-10,140,en,"Drama, Crime, Action","martial arts, undercover, loss of loved one, secret identity, crime fighter, superhero, based on comic, rivalry, ninja, vigilante, tragic hero, super power, haunted by the past, evil doctor, master villain, unfulfilled love, inspirational",150000000,374218673,31.9387,7.73,23247
285,Pirates of the Caribbean: At World's End,"After losing Captain Jack Sparrow to the locker of Davy Jones, Will Turner, Elizabeth Swann, and Captain Barbossa journey to the ends of the earth to rescue him. And as the East India Trading Company tightens its grip on the seas under Lord Cutler Beckett—now in control of Davy Jones—the fate of piracy hangs by a thread. Now, they must unite the pirate lords for one final stand. But as loyalties are tested and alliances shift, each must ultimately choose where they stand in the battle for freedom on the high seas.",2007-05-19,169,en,"Adventure, Fantasy, Action","exotic island, strong woman, love of one's life, afterlife, traitor, singapore, shipwreck, sequel, sword fight, pirate, monkey, swashbuckler, flying dutchman, rum, sailing ship, aftercreditsstinger, british navy, mass hanging, playful, based on theme park ride, whimsical, celebratory, excited, joyful",300000000,961691209,33.9272,7.278,15869
105864,The Good Dinosaur,An epic journey into the world of dinosaurs where an Apatosaurus named Arlo makes an unlikely human friend.,2015-11-14,93,en,"Adventure, Animation, Family","friendship, tyrannosaurus rex, cartoon, friends, alternate history, dinosaur, fear, storm, nature, journey, kids, 3d animation, lighthearted, enthusiastic, pixar",175000000,332207671,33.0383,6.755,6172
866398,The Beekeeper,One man's campaign for vengeance takes on national stakes after he is revealed to be a former operative of a powerful and clandestine organization known as Beekeepers.,2024-01-08,106,en,"Action, Crime, Thriller","massachusetts, secret government organization, government conspiracy, hand to hand combat, vengeance, fbi agent, beekeepers, scam call center, retired assassin, revenge mission, relentless pursuit, scam operation, justice by force, system corruption, powerful elites",35000000,162619535,33.0889,7.281,4555
11036,The Notebook,"An epic love story centered around an older man who reads aloud to a woman with Alzheimer's. From a faded notebook, the old man's words bring to life the story about a couple who is separated by World War II, and is then passionately reunited, seven years later, after they have taken different paths.",2004-06-25,123,en,"Romance, Drama","secret love, soulmates, based on novel or book, love of one's life, fight, poem, river, sadness, class, dementia, tears, candle, mailbox, valentine's day, romantic",29000000,115600000,31.7946,7.889,12894
950396,The Gorge,"Two highly trained operatives grow close from a distance after being sent to guard opposite sides of a mysterious gorge. When an evil below emerges, they must work together to survive what lies within.",2025-02-13,128,en,"Romance, Science Fiction, Thriller","isolation, paranoia, fog, tower, elite sniper, trust issues, snipers, long-term observation, unknown threat, mysterious canyon, sci‑fi romance, espionage mission, surveillance partners, enigmatic environment, survival pressure, restricted zone",70000000,0,31.5703,7.7,4232
324786,Hacksaw Ridge,"WWII American Army Medic Desmond T. Doss, who served during the Battle of Okinawa, refuses to kill people and becomes the first Conscientious Objector in American history to receive the Congressional Medal of Honor.",2016-10-07,139,en,"Drama, History, War","japan, hero, world war ii, abusive father, pacifism, bible, gore, vegetarian, biography, based on true story, okinawa, conscientious objector, religion, soldier, alcoholic, war hero, pacifist, medic, us military, battle of okinawa, congressional medal of honor, admiring, combat medic, weaponless, seventh-day adventists",40000000,175302354,31.4667,8.193,15339
1380291,Tom Clancy's Jack Ryan: Ghost War,"Jack Ryan is reluctantly pulled back into espionage when an international covert mission unravels a deadly conspiracy. Racing against time, he joins CIA allies Mike November & James Greer and sharp MI6 officer Emma Marlowe to battle a rogue black-ops unit in a high-stakes, deeply personal fight.",2026-05-20,107,en,"Action, Thriller","based on novel or book, sequel, jack ryan, based on tv series, suspense, absurd",0,0,33.4516,6.9,789
22,Pirates of the Caribbean: The Curse of the Black Pearl,"When wily pirate Captain Barbossa seizes Jack Sparrow’s beloved ship, the Black Pearl, and kidnaps the governor’s daughter, Elizabeth Swann, blacksmith Will Turner reluctantly teams up with the unpredictable pirate Jack to rescue her—only to uncover a terrifying curse that turns Barbossa’s crew into the undead.",2003-07-09,143,en,"Adventure, Fantasy, Action","ship, blacksmith, gold, exotic island, governor, skeleton, jamaica, british empire, pirate, swashbuckler, 18th century, caribbean sea, aftercreditsstinger, pirate ship, british navy, tortuga, based on theme park ride, hilarious, brisk",140000000,655011224,31.5313,7.8,22822
37165,The Truman Show,"In a picture-perfect seaside town, an insurance salesman begins to realize that his entire existence may be staged and observed by a vast unseen audience as part of a long-running real-time reality TV show.",1998-06-04,103,en,"Comedy, Drama","escape, paranoia, dystopia, dark comedy, suspicion, video surveillance, deception, hidden camera, simulated reality , television producer, tv show in film, make believe, actor, awestruck",60000000,264118712,31.5523,8.159,20918
822119,Captain America: Brave New World,"After meeting with newly elected U.S. President Thaddeus Ross, Sam finds himself in the middle of an international incident. He must discover the reason behind a nefarious global plot before the true mastermind has the entire world seeing red.",2025-02-12,119,en,"Action, Thriller, Science Fiction","hero, usa president, the white house, superhero, based on comic, sequel, revenge, superhuman, summit, aftercreditsstinger, marvel cinematic universe (mcu), sidekick, assassination attempt, political thriller, treaty, international relations",180000000,415101577,31.1085,5.952,3431
640,Catch Me If You Can,"A true story about Frank Abagnale Jr. who, before his 19th birthday, successfully conned millions of dollars worth of checks as a Pan Am pilot, doctor, and legal prosecutor. An FBI agent makes it his mission to put him behind bars. But Frank not only eludes capture, he revels in the pursuit.",2002-12-16,141,en,"Drama, Crime","fbi, con man, biography, based on true story, con artist, chameleon, attempted jailbreak, engagement party, mislaid trust, bank fraud, conman, fraudster, assertive, compassionate",52000000,352114312,29.9049,7.978,17618
466420,Killers of the Flower Moon,"When oil is discovered in 1920s Oklahoma under Osage Nation land, the Osage people are murdered one by one—until the FBI steps in to unravel the mystery.",2023-10-18,206,en,"Crime, History, Drama","husband wife relationship, based on novel or book, war veteran, fbi, greed, oklahoma, manipulation, native american, based on true story, murder, colonisation, racism, series of murders, genocide, period drama, guilt, true crime, oil industry, colonialism, catholicism, uncle nephew relationship, 1920s, osage indian, poisoning, settler colonialism, settler genocide, lust for wealth",200000000,158722599,33.4297,7.391,4368
615777,Babylon,"A tale of outsized ambition and outrageous excess, tracing the rise and fall of multiple characters in an era of unbridled decadence and depravity during Hollywood's transition from silent films to sound films in the late 1920s.",2022-12-22,189,en,"Drama, Comedy","elephant, gambling, gambling debt, movie business, orgy, cocaine, affectation, melancholy, champagne, alcoholism, hollywood, alcoholic, filmmaking, movie star, silent film star, 1920s, old hollywood, fading star, sex, grand, absurd, ambiguous, amused",78000000,65267446,34.404,7.34,3950
101299,The Hunger Games: Catching Fire,"After surviving the Hunger Games, Katniss and Peeta struggle with the consequences of their victory as unrest spreads across Panem. Forced back into the spotlight, they become symbols of hope and resistance while the Capitol prepares a new and deadly challenge that will change the future of the nation forever.",2013-11-15,146,en,"Adventure, Action, Science Fiction","rebellion, based on novel or book, propaganda, dystopia, uprising, sequel, president, survival, murder, conspiracy, female protagonist, tournament, game, survival competition, based on young adult novel, critical",130000000,865011746,31.6015,7.424,18821
10192,Shrek Forever After,"A midlife-crisis burdened Shrek, longing for the days of when he felt like a real ogre, makes a pact with magic deal-maker Rumpelstiltskin. But when he's duped and sent to a twisted version of Far Far Away—where Rumpelstiltskin is king, ogres are hunted, and he and Fiona have never met—he sets out to restore his world and reclaim his true love.",2010-05-16,93,en,"Comedy, Adventure, Fantasy, Animation, Family","witch, villain, sequel, aftercreditsstinger, alternate timeline, ogre, faustian pact, philosophical, pied piper, satirical, mid-life crisis, 3d animation, hilarious, intense, romantic",165000000,752600867,29.8356,6.414,8142
985939,Fall,"For best friends Becky and Hunter, life is all about conquering fears and pushing limits. But after they climb 2,000 feet to the top of a remote, abandoned radio tower, they find themselves stranded with no way down. Now Becky and Hunter's expert climbing skills will be put to the ultimate test as they desperately fight to survive the elements, a lack of supplies, and vertigo-inducing heights.",2022-08-11,107,en,Thriller,"stranded, struggle for survival, desert, tower, free climbing, sport climbing, adrenaline junkie, dehydration, middle of nowhere, anxious, best friends, grieving widow, tense, ridiculous, survival thriller",3000000,17363261,31.6691,7.144,4902
532870,Run Sweetheart Run,A woman runs for her life though the streets of Los Angeles after her blind date suddenly turns violent.,2020-01-27,104,en,"Horror, Thriller","blind date, los angeles, california, woman director",0,0,31.161,5.5,235
1422,The Departed,"To take down South Boston's Irish Mafia, the police send in one of their own to infiltrate the underworld, not realizing the syndicate has done likewise. While an undercover cop curries favor with the mob kingpin, a career criminal rises through the police ranks. But both sides soon discover there's a mole among them.",2006-10-04,151,en,"Drama, Thriller, Crime","police, undercover, boston, massachusetts, gangster, irish-american, crime boss, friends, remake, mobster, organized crime, mafia, undercover cop, mole, state police, police training, realtor, angry, complex, dreary, inspirational, intense, authoritarian, frightened",90000000,291465000,28.6655,8.158,16701
1159559,Scream 7,"When a new Ghostface killer emerges in the quiet town where Sidney Prescott has built a new life, her darkest fears are realized as her daughter becomes the next target. Determined to protect her family, Sidney must face the horrors of her past to put an end to the bloodshed once and for all.",2026-02-25,114,en,"Horror, Mystery, Crime","mask, indiana, usa, artificial intelligence (a.i.), halloween, sequel, murder, serial killer, slasher, whodunit, killing spree, self-referential, reboot, crime spree, duringcreditsstinger, murder mystery, masked villain, murder spree, teen horror, slasher horror, bold, horrified, whodunnit",45000000,213835967,32.4295,6.2,1309
2062,Ratatouille,"In one of Paris's finest restaurants, Remy, a determined young rat, dreams of becoming a renowned French chef. Torn between his family's wishes and his true calling, Remy and his pal Linguini set in motion a hilarious chain of events that turns the City of Lights upside down.",2007-06-28,111,en,"Animation, Comedy, Family, Fantasy","sibling relationship, paris, france, confidence, cooking, leaving one's family, restaurant, chef, nostalgic, unlikely friendship, french restaurant, rat, fine dining, 3d animation, inspirational, chasing dreams, lifelong dream, romantic, admiring, adoring, cheerful, enthusiastic, pixar",150000000,623726000,31.9506,7.847,18985
857,Saving Private Ryan,"As U.S. troops storm the beaches of Normandy, three brothers lie dead on the battlefield, with a fourth trapped behind enemy lines. Ranger captain John Miller and seven men are tasked with penetrating German-held territory and bringing the boy home.",1998-07-24,169,en,"War, Drama, History","dying and death, self sacrifice, bravery, world war ii, duty, normandy, france, troops, waffen ss, omaha beach, rescue mission, cowardice, us army, based on true story, d-day, military, german soldier, military operation, 1940s",70000000,481840909,28.4669,8.233,17827
1325734,The Drama,A happily engaged couple is put to the test when an unexpected turn sends their wedding week off the rails.,2026-04-01,105,en,"Romance, Comedy, Drama","infidelity, boston, massachusetts, dark comedy, romcom, engaged couple, trust issues, provocative, amused, audacious, complicated",28000000,132588401,31.7988,6.9,1865
1329016,Tony,"A 19-year-old Anthony Bourdain travels to Provincetown and stumbles into the chaotic world of a restaurant kitchen, setting off a summer that will shape the course of his life.",2026-08-07,106,en,"Drama, Comedy","new jersey, 1970s, lie, restaurant, crush, food, summer, chef, aspiring writer, dishwasher, provincetown, massachusetts, culinary arts, late coming of age, book writing, independent film, biographical drama, drama comedy, biographical comedy, biopic",15000000,18131048,44.7141,7.565,108
76338,Thor: The Dark World,"Thor fights to restore order across the cosmos… but an ancient race led by the vengeful Malekith returns to plunge the universe back into darkness. Faced with an enemy that even Odin and Asgard cannot withstand, Thor must embark on his most perilous and personal journey yet, one that will reunite him with Jane Foster and force him to sacrifice everything to save us all.",2013-10-30,112,en,"Action, Adventure, Fantasy","superhero, based on comic, sequel, hostile takeover, norse mythology, aftercreditsstinger, duringcreditsstinger, marvel cinematic universe (mcu), mythological place",170000000,644783140,31.8138,6.508,18760
453395,Doctor Strange in the Multiverse of Madness,"Doctor Strange, with the help of mystical allies both old and new, traverses the mind-bending and dangerous alternate realities of the Multiverse to confront a mysterious new adversary.",2022-05-04,126,en,"Fantasy, Action, Adventure","magic, superhero, based on comic, alternative reality, aftercreditsstinger, duringcreditsstinger, marvel cinematic universe (mcu)",295400000,955775804,32.9445,7.225,10889
980477,Ne Zha 2,"After a catastrophic event leaves their bodies destroyed, Ne Zha and Ao Bing are granted a fragile second chance at life. As tensions rise between the dragon clans and celestial forces, the two must undergo a series of perilous trials that will test their bond, challenge their identities, and decide the fate of both mortals and immortals.",2025-01-29,144,zh,"Animation, Action, Fantasy, Adventure","fight, magic, sequel, dark fantasy, based on myths, legends or folklore, 3d animation, nezha, chinese mythology, donghua, shenmo",80000000,2270700370,31.7527,8.189,835
260514,Cars 3,"Blindsided by a new generation of blazing-fast racers, the legendary Lightning McQueen finds himself pushed to the brink—and suddenly, the champion who once ruled the track is fighting just to stay in the race. With his career hanging in the balance, McQueen must turn to an ambitious young race technician with a plan of her own, draw strength from the legacy of the late Fabulous Hudson Hornet, and risk everything on one last shot at glory.",2017-06-15,102,en,"Animation, Drama, Family, Adventure","sports, trainer, villain, sequel, anthropomorphism, travel, racing, high tech, aftercreditsstinger, serious, 3d animation, cars, pixar",175000000,383925276,30.8264,6.867,6604
301528,Toy Story 4,"Woody has always been confident about his place in the world, devoted to taking care of his kid—whether that's Andy or Bonnie. But after Bonnie creates a reluctant new toy called ""Forky"", a road trip adventure alongside old and new friends challenges everything Woody believes about loyalty, purpose, and what it truly means to be a toy.",2019-06-19,100,en,"Family, Comedy, Animation, Adventure","friendship, cartoon, carnival, rescue mission, sequel, dummy, anti villain, buddy, doll, cowboy, duringcreditsstinger, toy comes to life, dedication, antique shop, 3d animation, pixar",175000000,1073841394,31.2261,7.464,11021
424,Schindler's List,The true story of how businessman Oskar Schindler saved over a thousand Jewish lives from the Nazis while they worked as slaves in his factory during World War II.,1993-12-15,195,en,"Drama, History, War","factory, hero, nazi, concentration camp, ss (nazi schutzstaffel), holocaust (shoah), world war ii, ghetto, jew persecution, kraków, poland, defense industry, auschwitz-birkenau concentration camp, biography, based on true story, industrialist, historical fiction, black and white, train, period drama, poland, evil, historical drama, disheartening",22000000,321365567,30.2391,8.569,17959
1698863,The Odyssey,"Based on the Ancient Greek epic. After ten years of war, King Odysseus sets sail for Ithaca, eager to reunite with his beloved. But his journey home is far more treacherous than the battlefield, as he must face deadly monsters and vengeful gods to survive.",2026-07-03,86,en,"Adventure, Fantasy, Action","mockbuster, disgusted",0,0,33.0056,4.075,616
26850,Under Suspicion,"In the late 1950s, British police officer Tony Aaron resigns from the force after sleeping with Hazel, wife of the man whose house he was supposed to guard. In his new job as a fake private investigator, he helps couples get divorces by photographing Hazel having ""affairs"" with the husband. When she is murdered during a job, Tony begins having an affair with the dead man's mistress, Angeline, while trying to prove his innocence.",1991-09-27,99,en,"Crime, Thriller","hotel room, adultery, brighton, england, divorce, private detective, 1950s",6000000,221295,29.278,6.0,128
24,Kill Bill: Vol. 1,"An assassin is shot by her ruthless employer, Bill, and other members of their assassination circle – but she lives to plot her vengeance.",2003-10-10,111,en,"Action, Crime","martial arts, japan, kung fu, sword, yakuza, katana, sword fight, revenge, vigilante, female yakuza, female protagonist, retribution, dreary, extreme violence",30000000,180906076,29.8524,7.97,19457
16869,Inglourious Basterds,"In Nazi-occupied France during World War II, a group of Jewish-American soldiers known as ""The Basterds"" are chosen specifically to spread fear throughout the Third Reich by scalping and brutally killing Nazis. The Basterds, lead by Lt. Aldo Raine soon cross paths with a French-Jewish teenage girl who runs a movie theater in Paris which is targeted by the soldiers.",2009-08-02,153,en,"Drama, Thriller, War","guerrilla warfare, paris, france, self sacrifice, world war ii, jew persecution, dark comedy, german occupation of france, period drama, resistance fighter, nazism, anti-fascism, amused, derisive",70000000,321457747,30.1313,8.2,24834
1318447,Apex,A grieving woman pushing her limits on a solo adventure in the Australian wild is ensnared in a twisted game with a cunning killer who thinks she's prey.,2026-04-24,96,en,"Action, Thriller","norway, cat and mouse, canoe trip, rock climbing, nutcase, survival instinct, australian wilderness, dangerous threat, extreme challenges, grieving woman",0,0,31.2583,6.895,1951
293660,Deadpool,"The origin story of former Special Forces operative turned mercenary Wade Wilson, who, after being subjected to a rogue experiment that leaves him with accelerated healing powers, adopts the alter ego Deadpool. Armed with his new abilities and a dark, twisted sense of humor, Deadpool hunts down the man who nearly destroyed his life.",2016-02-09,108,en,"Action, Adventure, Comedy","superhero, anti hero, mercenary, based on comic, aftercreditsstinger, duringcreditsstinger",58000000,782837347,30.3711,7.626,33351
259693,The Conjuring 2,Lorraine and Ed Warren travel to north London to help a single mother raising four children alone in a house plagued by malicious spirits.,2016-06-08,134,en,Horror,"london, england, england, 1970s, halloween, sequel, spirit, single mother, demon, paranormal investigation, demonic possession, ghost, grim, valak, horrified",40000000,322819915,31.6049,7.294,9434
652,Troy,"In year 1250 B.C. during the late Bronze age, two emerging nations begin to clash. Paris, the Trojan prince, convinces Helen, Queen of Sparta, to leave her husband Menelaus, and sail with him back to Troy. After Menelaus finds out that his wife was taken by the Trojans, he asks his brother Agamemnon to help him get her back. Agamemnon sees this as an opportunity for power. They set off with 1,000 ships holding 50,000 Greeks to Troy.",2004-05-13,163,en,"Action, Adventure","adultery, sibling relationship, hostility, bravery, mythology, beauty, trojan war, wall, fraud, sword fight, battlefield, historical fiction, ancient world, based on song, poem or rhyme, pyre, ancient greece, peplum, trojan horse, bronze age, sparta greece, ships, sword and sandal, 12th century bc, achilles, helen of troy",175000000,497409852,28.9457,7.192,11558
286217,The Martian,"During a manned mission to Mars, Astronaut Mark Watney is presumed dead after a fierce storm and left behind by his crew. But Watney has survived and finds himself stranded and alone on the hostile planet. With only meager supplies, he must draw upon his ingenuity, wit and spirit to subsist and find a way to signal to Earth that he is alive.",2015-09-30,141,en,"Science Fiction, Drama, Adventure","spacecraft, planet mars, based on novel or book, nasa, isolation, botanist, survival, space, engineering, stranded, astronaut, struggle for survival, aftercreditsstinger, duringcreditsstinger, deep space, 2030s, faithful adaptation",108000000,631058917,25.9245,7.708,21863
207,Dead Poets Society,"At an elite, old-fashioned boarding school in New England, a passionate English teacher inspires his students to rebel against convention and seize the potential of every day, courting the disdain of the stern headmaster.",1989-06-02,129,en,Drama,"individual, friendship, philosophy, poetry, literature, professor, coming of age, teacher, school play, new england, vermont, schoolteacher, preparatory school, 1950s, philosophical, teenager, dramatic, powerful",16400000,235860116,30.4982,8.3,12992
284054,Black Panther,"King T'Challa returns home to the reclusive, technologically advanced African nation of Wakanda to serve as his country's new leader. However, T'Challa soon finds that he is challenged for the throne by factions within his own country as well as without. Using powers reserved to Wakandan kings, T'Challa assumes the Black Panther mantle to join with ex-girlfriend Nakia, the queen-mother, his princess-kid sister, members of the Dora Milaje (the Wakandan 'special forces') and an American secret agent, to prevent Wakanda from being dragged into a world war.",2018-02-13,135,en,"Action, Adventure, Science Fiction","africa, superhero, based on comic, aftercreditsstinger, duringcreditsstinger, marvel cinematic universe (mcu)",200000000,1349926083,30.8218,7.361,24010
411,"The Chronicles of Narnia: The Lion, the Witch and the Wardrobe",Four kids travel through a wardrobe to the land of Narnia and learn of their destiny to free it with the guidance of a mystical lion.,2005-12-07,143,en,"Adventure, Family, Fantasy","witch, sibling relationship, saving the world, based on novel or book, self sacrifice, winter, fairy tale, allegory, cupboard, beaver, lion, surrealism, battle, based on children's book, fantasy world, duringcreditsstinger, 1940s, high fantasy, based on young adult novel, faun, good versus evil",180000000,745013115,30.666,7.145,11795
14160,Up,"Carl Fredricksen spent his entire life dreaming of exploring the globe and experiencing life to its fullest. But at age 78, life seems to have passed him by, until a twist of fate (and a persistent 8-year old Wilderness Explorer named Russell) gives him a new lease on life.",2009-05-28,96,en,"Animation, Comedy, Family, Adventure","central and south america, age difference, villain, balloon, travel, dog, duringcreditsstinger, pets, death of wife, exploring, wonder, senior, 3d animation, inspirational, floating house, cheerful, disheartening, enthusiastic, pixar",175000000,735103954,28.976,7.96,22180
9489,You've Got Mail,Book superstore magnate Joe Fox and independent book shop owner Kathleen Kelly fall in love in the anonymity of the Internet—both blissfully unaware that he's trying to put her out of business.,1998-12-18,119,en,"Comedy, Romance","bookshop, businessman, anonymous letter, romcom, falling in love, manhattan, new york city, class conflict, online dating, woman director, christmas, online relationship, internet romance, parfumerie",65000000,250800000,31.4011,6.711,3759
330457,Frozen II,"Elsa, Anna, Kristoff and Olaf head far into the forest to learn the truth about an ancient mystery of their kingdom.",2019-11-20,103,en,"Family, Animation, Adventure, Comedy, Fantasy","princess, magic, kingdom, winter, queen, castle, musical, sequel, dam, spirit, aftercreditsstinger, frozen, personification, thoughtful, mother daughter relationship, 3d animation, whimsical, appreciative, compassionate",150000000,1453683476,31.2491,7.223,10484
769,GoodFellas,"The true story of Henry Hill, a half-Irish, half-Sicilian Brooklyn kid who is adopted by neighbourhood gangsters at an early age and climbs the ranks of a Mafia family under the guidance of Jimmy Conway.",1990-09-12,145,en,"Drama, Crime","prison, florida, new york city, based on novel or book, gangster, mass murder, drug trafficking, 1970s, irish-american, gore, biography, based on true story, murder, organized crime, mafia, brooklyn, new york city, crime epic, tampa, florida",25000000,47072327,29.955,8.45,14797
615656,Meg 2: The Trench,An exploratory dive into the deepest depths of the ocean of a daring research team spirals into chaos when a malevolent mining operation threatens their mission and forces them into a high-stakes battle for survival.,2023-08-02,116,en,"Action, Science Fiction, Horror","based on novel or book, deep sea, sequel, underwater, shark, kaiju, civil action, animal horror, mariana trench, environmental crisis, shark cage, megalodon",129000000,398500317,26.5833,6.4,4124
68721,Iron Man 3,"When Tony Stark's world is torn apart by a formidable terrorist called the Mandarin, he starts an odyssey of rebuilding and retribution.",2013-04-18,130,en,"Action, Adventure, Science Fiction","california, war on terror, superhero, malibu, based on comic, sequel, tennessee, billionaire, aftercreditsstinger, marvel cinematic universe (mcu), america",200000000,1215577205,30.0613,6.933,23917
967941,Wicked: For Good,"As an angry mob rises against the Wicked Witch, Glinda and Elphaba must unite one last time with honesty and empathy to fulfill their shared destiny and change the fate of Oz forever.",2025-11-19,137,en,"Fantasy, Adventure, Romance","witch, based on novel or book, musical, female friendship, based on play or musical, sequel, con artist, prequel, corrupt politician, governess, fantasy world, witch hunt, wizard, political corruption, illegitimate child, power struggle, woman in wheelchair, farm girl, munchkins, ambiguous, appreciative, friends to rivals, interquel, forgiveness and reconciliation",150000000,540807971,29.7263,6.584,1162
18,The Fifth Element,"In 2257, a taxi driver is unintentionally given the task of saving a young girl who is part of the key that will ensure the survival of humanity.",1997-05-02,126,fr,"Science Fiction, Action, Adventure","new york city, flying car, taxi, egypt, race against time, saving the world, cyborg, dystopia, anti hero, stowaway, space travel, chosen one, arms dealer, alien life-form, end of the world, priest, shootout, police chase, cab driver, cyberpunk, archaeologist, space opera, military, opera singer, futuristic city, ancient evil, cruise liner, hieroglyphics, spaceship, good versus evil, science fantasy, hilarious",90000000,263920180,28.6844,7.591,12185
1100988,28 Years Later,"Twenty-eight years after the Rage virus outbreak, a heavily-defended island survives connected to the mainland by a single causeway. When one of the group leaves the island into the dark heart of the mainland, he discovers secrets, wonders, and horrors that have mutated not only the infected but other survivors as well.",2025-06-18,115,en,"Horror, Thriller, Science Fiction","england, satanism, cult, sequel, survival, zombie, survival horror, satanic cult, zombie apocalypse, northumberland, violence, lindisfarne, post-apocalyptic",60000000,151308832,31.1094,6.605,2997
1724,The Incredible Hulk,"Scientist Bruce Banner scours the planet for an antidote to the unbridled force of rage within him: the Hulk. But when the military masterminds who dream of exploiting his powers force him back to civilization, he finds himself coming face to face with a new, deadly foe.",2008-06-12,114,en,"Science Fiction, Action, Adventure","new york city, rio de janeiro, superhero, based on comic, fugitive, on the run, super soldier, scientist, virginia, military, super villain, marvel cinematic universe (mcu), radical transformation, good versus evil, intimate",150000000,264770996,29.2937,6.261,13172
447273,Snow White,"Following the benevolent King's disappearance, the Evil Queen dominated the once fair land with a cruel streak. Princess Snow White flees the castle when the Queen, in her jealousy over Snow White's inner beauty, tries to kill her. Deep into the dark woods, she stumbles upon seven magical dwarves and a young bandit named Jonathan. Together, they strive to survive the Queen's relentless pursuit and aspire to take back the kingdom.",2025-03-19,109,en,"Family, Fantasy","princess, dwarf, fairy tale, poison, musical, remake, apple, based on movie, evil queen, based on fairy tale, live action remake, fantasy, romantic fantasy",271600000,205679463,28.1917,4.251,1747
38757,Tangled,"Feisty teenager Rapunzel, who has long and magical hair, wants to go and see sky lanterns on her eighteenth birthday, but she's bound to a tower by her overprotective mother. She strikes a deal with Flynn Rider, a charming wanted thief, and the duo set off on an action-packed escapade.",2010-11-24,100,en,"Animation, Family, Adventure","princess, magic, hostage, fairy tale, horse, villain, musical, blonde, coming of age, tower, selfishness, healing power, female villain, adventurer, based on fairy tale, duringcreditsstinger, healing gift, animal sidekick, magic land, 3d animation, amused, hopeful",260000000,592461732,29.3401,7.617,12725
18785,The Hangover,"When three friends finally come to after a raucous night of bachelor-party revelry, they find a baby in the closet and a tiger in the bathroom. But they can't seem to locate their best friend, Doug – who's supposed to be tying the knot. Launching a frantic search for Doug, the trio perseveres through a nasty hangover to try to make it to the church on time.",2009-06-02,100,en,Comedy,"amnesia, blackjack, stag night, lost weekend, chapel, hit with tire iron, memory loss, las vegas, drugs, joyous, absurd, amused, cheerful, shaggy dog story",35000000,469310836,28.9924,7.338,18561
383498,Deadpool 2,Wisecracking mercenary Deadpool battles the evil and powerful Cable and other bad guys to save a boy's life.,2018-05-15,120,en,"Action, Comedy, Adventure","hero, superhero, mutant, mercenary, based on comic, sequel, breaking the fourth wall, aftercreditsstinger, duringcreditsstinger, joyful",110000000,785896632,30.8253,7.489,19700
269149,Zootopia,"Determined to prove herself, Officer Judy Hopps, the first bunny on Zootopia's police force, jumps at the chance to crack her first case - even if it means partnering with scam-artist fox Nick Wilde to solve the mystery.",2016-02-11,109,en,"Animation, Adventure, Family, Comedy","sheep, allegory, lion, hippopotamus, cartoon, villain, bullying, polar bear, con artist, anthropomorphism, revenge, conspiracy, urban, female protagonist, animals, rookie cop, missing person, fable, racial prejudice, injustice, reconciliation, female villain, buddy cop, stereotype, aftercreditsstinger, cartoon rabbit, villain arrested, discrimination, cartoon bear, thoughtful, cartoon animal, 3d animation, cartoon fox, joyous, cartoon elephant, cheerful, joyful",150000000,1025521689,28.6947,7.765,18552
810,Shrek the Third,"After the King of Far Far Away dies, Shrek and Fiona are to succede. However, Shrek wants to return to his cozy swamp and live in peace and quiet, so when he finds out there is another heir to the throne, he and Donkey set off to bring him back to rule the kingdom.",2007-05-17,93,en,"Fantasy, Adventure, Animation, Comedy, Family","ship, island, ambush, kingdom, boarding school, liberation of prisoners, pregnancy, traitor, shipwreck, stage, sadness, transformation, assault, prince, villain, theater play, tricks, heir to the throne, conciliation, sequel, teacher, best friend, dragon, cowardliness, capture, wizard, aftercreditsstinger, duringcreditsstinger, ogre, satirical, 3d animation, cartoon donkey, witty, tragic",160000000,808310187,30.072,6.315,10017
762509,Mufasa: The Lion King,"Mufasa, a cub lost and alone, meets a sympathetic lion named Taka, the heir to a royal bloodline. The chance meeting sets in motion an expansive journey of a group of misfits searching for their destiny.",2024-12-18,118,en,"Adventure, Family, Animation","friendship, paradise, lion, musical, sequel, prequel, jungle, told in flashback, betrayal by friend, chance meeting, live action remake, found family, lost",200000000,722631756,29.4205,7.284,2785
127585,X-Men: Days of Future Past,The ultimate X-Men ensemble fights a war for the survival of the species across two time periods as they join forces with their younger selves in an epic battle that must change the past – to save our future.,2014-05-15,132,en,"Action, Adventure, Science Fiction","1970s, superhero, mutant, time travel, based on comic, superhuman, storm, political intrigue , extinction, beast, claws, aftercreditsstinger, duringcreditsstinger, changing the past or future, dramatic",250000000,748045700,27.72,7.537,16700
1218925,Chainsaw Man - The Movie: Reze Arc,"In a brutal war between devils, hunters, and secret enemies, a mysterious girl named Reze has stepped into Denji's world, and he faces his deadliest battle yet, fueled by love in a world where survival knows no rules.",2025-09-19,100,ja,"Animation, Action, Romance, Fantasy","manipulation, gore, sequel, tragedy, loneliness, chainsaw, based on manga, tragic romance, mysterious, shounen, frantic, anime, philosophical, dark romance, thought provoking, loving, introspective, depressed, dramatic, bitter, awestruck, distressing, optimistic",4100000,191400000,30.5953,8.554,1210
214756,Ted 2,"Newlywed couple Ted and Tami-Lynn want to have a baby, but in order to qualify to be a parent, Ted will have to prove he's a person in a court of law.",2015-06-25,115,en,"Comedy, Fantasy","sperm bank, sequel, buddy, courthouse, teddy bear, aftercreditsstinger, toy comes to life, provocative, high concept comedy",68000000,215863606,29.3993,6.328,8184
8966,Twilight,"When Bella Swan moves to a small town in the Pacific Northwest, she falls in love with Edward Cullen, a mysterious classmate who reveals himself to be a 108-year-old vampire. Despite Edward's repeated cautions, Bella can't stay away from him, a fatal move that endangers her own life.",2008-11-20,122,en,"Fantasy, Drama, Romance","high school, soulmates, based on novel or book, immortality, vampire, forbidden love, teen movie, trust, desire, washington state, duringcreditsstinger, woman director, interspecies romance, based on young adult novel, supernatural power, good versus evil, high school romance, vampire human love, absurd, hilarious, baffled, bewildered, cliché, embarrassed, melodramatic, ridiculous, teen fantasy",37000000,393616788,29.5967,6.273,14699
372058,Your Name.,"High schoolers Mitsuha and Taki are complete strangers living separate lives. But one night, they suddenly switch places. Mitsuha wakes up in Taki’s body, and he in hers. This bizarre occurrence continues to happen randomly, and the two must adjust their lives around each other.",2016-07-01,106,ja,"Animation, Romance, Drama","high school, race against time, dreams, afterlife, natural disaster, supernatural, time travel, comet, romance, tragedy, school, body-swap, high school student, nonlinear timeline, star crossed lovers, power of love, anime, japanese high school, urban fantasy, powerful",7500000,407210429,27.346,8.487,13031
541671,Ballerina,"Taking place during the events of John Wick: Chapter 3 – Parabellum, Eve Macarro begins her training in the assassin traditions of the Ruska Roma.",2025-06-04,125,en,"Action, Thriller, Crime","assassin, tattoo, grenade, austria, training, female protagonist, female assassin, spin off, flamethrower, burning, hunted, burning building, ballerina, gun fight, vengeance, knocked unconscious, sisters, brutal violence",90000000,137408107,27.854,7.3,2998
11544,Lilo & Stitch,"As Stitch, a runaway genetic experiment from a faraway planet, wreaks havoc on the Hawaiian Islands, he becomes the mischievous adopted alien ""puppy"" of an independent little girl named Lilo and learns about loyalty, friendship, and ʻohana, the Hawaiian tradition of family.",2002-06-21,85,en,"Animation, Family, Comedy, Science Fiction","sibling relationship, mutation, extraterrestrial technology, hawaii, adoption, affectation, villain, alien life-form, alien, dog, dead parents, duringcreditsstinger, fitting in, native hawaiian",80000000,273144151,29.2443,7.56,7259
519182,Despicable Me 4,"Gru and Lucy and their girls—Margo, Edith and Agnes—welcome a new member to the Gru family, Gru Jr., who is intent on tormenting his dad. Gru also faces a new nemesis in Maxime Le Mal and his femme fatale girlfriend Valentina, forcing the family to go on the run.",2024-06-20,94,en,"Animation, Comedy, Action, Science Fiction, Family","superhero, villain, sequel, super villain, aftercreditsstinger, duringcreditsstinger, kids, calm, 3d animation, cockroaches",100000000,972021410,29.9947,6.971,3378
49051,The Hobbit: An Unexpected Journey,"Bilbo Baggins, a hobbit enjoying his quiet life, is swept into an epic quest by Gandalf the Grey and thirteen dwarves who seek to reclaim their mountain home from Smaug, the dragon.",2012-12-12,169,en,"Adventure, Fantasy, Action","based on novel or book, elves, dwarf, magic, horseback riding, sword, burglar, legend, riddle, mountain, contract, travel, troll, creature, thunderstorm, fantasy world, wizard, epic battle, lost ring, journey, ring, tunnel, underground lake, buried treasure, invisibility, quest, live action and animation, high fantasy, sword and sorcery, trekking, goblins, good versus evil, fantasy creature, hobbit",250000000,1021103568,27.1239,7.383,20114
109445,Frozen,"Young princess Anna of Arendelle dreams about finding true love at her sister Elsa’s coronation. Fate takes her on a dangerous journey in an attempt to end the eternal winter that has fallen over the kingdom. She's accompanied by ice delivery man Kristoff, his reindeer Sven, and snowman Olaf. On an adventure where she will find out what friendship, courage, family, and true love really means.",2013-11-20,102,en,"Animation, Family, Adventure, Fantasy","princess, magic, mistake in person, queen, cartoon, villain, melancholy, musical, betrayal, snowman, reindeer, curse, snow, troll, based on children's book, mountain climbing, evil prince, based on fairy tale, aftercreditsstinger, frozen, woman director, sister sister relationship, magic land, 3d animation, whimsical, enthusiastic, hopeful",150000000,1274219009,29.8669,7.249,17913
1054867,One Battle After Another,"Washed-up revolutionary Bob exists in a state of stoned paranoia, surviving off-grid with his spirited, self-reliant daughter, Willa. When his evil nemesis resurfaces after 16 years and she goes missing, the former radical scrambles to find her, father and daughter both battling the consequences of his past.",2025-09-23,162,en,"Thriller, Crime, Comedy","rebellion, based on novel or book, resistance, usa–mexico border, riot, interracial relationship, on the run, xenophobia, aftercreditsstinger, missing daughter, white supremacy, anti-fascism, father daughter relationship, revolutionaries, african american, anti-racism, immigration detention center",175000000,209377100,29.0874,7.34,4308
436270,Black Adam,"Nearly 5,000 years after he was bestowed with the almighty powers of the Egyptian gods—and imprisoned just as quickly—Black Adam is freed from his earthly tomb, ready to unleash his unique form of justice on the modern world.",2022-10-19,125,en,"Action, Adventure, Science Fiction","lightning, superhero, anti hero, based on comic, demon, superhero team, duringcreditsstinger, dc extended universe (dceu)",200000000,393452111,31.0936,6.761,7283
87101,Terminator Genisys,"The year is 2029. John Connor, leader of the resistance continues the war against the machines. At the Los Angeles offensive, John's fears of the unknown future begin to emerge when TECOM spies reveal a new plot by SkyNet that will attack him from both fronts; past and future, and will ultimately change warfare forever.",2015-06-23,126,en,"Science Fiction, Action, Thriller","future, artificial intelligence (a.i.), saving the world, cyborg, killer robot, dystopia, time travel, sequel, robot, duringcreditsstinger, aggressive, intense, amused",155000000,440603537,28.3454,5.961,9193
370172,No Time to Die,"Bond has left active service and is enjoying a tranquil life in Jamaica. His peace is short-lived when his old friend Felix Leiter from the CIA turns up asking for help. The mission to rescue a kidnapped scientist turns out to be far more treacherous than expected, leading Bond onto the trail of a mysterious villain armed with dangerous new technology.",2021-09-29,163,en,"Action, Thriller, Adventure","biological weapon, based on novel or book, parent child relationship, forgiveness, poison, spy, mi6, family, british secret service, parents, global threat, somber, nanobots, james bond, bold",250000000,774153024,27.1937,7.3,7405
38365,Grown Ups,"After their high school basketball coach passes away, five good friends and former teammates reunite for a Fourth of July holiday weekend.",2010-06-24,102,en,Comedy,"friendship, overweight, affectation, convertible, swing, foot, friends, arrow, buddy comedy, buddies, playful, absurd, amused",80000000,271457606,28.8509,6.4,6905
564,The Mummy,Dashing legionnaire Rick O'Connell stumbles upon the hidden ruins of Hamunaptra while in the midst of a battle to claim the area in 1920s Egypt. It has been over three thousand years since former High Priest Imhotep suffered a fate worse than death as a punishment for a forbidden love—along with a curse that guarantees eternal doom upon the world if he is ever awoken.,1999-04-16,124,en,"Adventure, Action, Fantasy","egypt, cairo, library, secret passage, pastor, pyramid, sandstorm, solar eclipse, mummy, foreign legion, nile, secret society, treasure hunt, remake, archaeologist, tomb, book of the dead, ancient egypt, opposites attract, 1920s, pharoah, playful, good versus evil, witty, exhilarated, egyptian god",80000000,415885488,28.7933,6.996,10425
181808,Star Wars: The Last Jedi,"Rey develops her newly discovered abilities with the guidance of Luke Skywalker, who is unsettled by the strength of her powers. Meanwhile, the Resistance prepares to do battle with the First Order.",2017-12-13,152,en,"Adventure, Action, Science Fiction","bunker, space battle, defeat, failure, sequel, space opera, military operation, quest, tuwaderalit",300000000,1334407706,27.5458,6.736,16709
616037,Thor: Love and Thunder,"After his retirement is interrupted by Gorr the God Butcher, a galactic killer who seeks the extinction of the gods, Thor Odinson enlists the help of King Valkyrie, Korg, and ex-girlfriend Jane Foster, who now wields Mjolnir as the Mighty Thor. Together they embark upon a harrowing cosmic adventure to uncover the mystery of the God Butcher’s vengeance and stop him before it’s too late.",2022-07-06,119,en,"Fantasy, Action, Comedy","hero, ex-girlfriend, superhero, greek mythology, based on comic, sequel, shadow, norse mythology, aftercreditsstinger, duringcreditsstinger, marvel cinematic universe (mcu), norse god, god of thunder, colorless, child abduction",250000000,760928081,27.264,6.357,8991
1279493,The Get Out,"A nightclub owner is on the verge of leaving his dangerous past behind for retirement with his girlfriend. When masked gunmen rob him and he finds himself squeezed by ruthless cartels, a mysterious newcomer arrives with an interest in buying the business. With danger closing in from all sides, he must navigate a deadly web of deception, power, and survival  -  where escape may no longer be an option.",2026-06-18,111,en,"Action, Thriller","based on novel or book, drug cartel, cliché",0,0,26.5374,6.0,99
718930,Bullet Train,"Unlucky assassin Ladybug is determined to do his job peacefully after one too many gigs gone off the rails. Fate, however, may have other plans, as Ladybug's latest mission puts him on a collision course with lethal adversaries from around the globe—all with connected, yet conflicting, objectives—on the world's fastest train.",2022-07-20,126,en,"Action, Comedy, Thriller","mission, japan, assassin, based on novel or book, hitman, briefcase, train, luck, runaway train, deadly snake, duringcreditsstinger, train travel, professional assassin, interwoven stories, high speed, passenger train, bullet train, death by poisoning, shinkansen, traveling by train",90000000,239268602,26.7408,7.407,7961
823464,Godzilla x Kong: The New Empire,"Following their explosive showdown, Godzilla and Kong must reunite against a colossal undiscovered threat hidden within our world, challenging their very existence – and our own.",2024-03-27,115,en,"Action, Adventure, Science Fiction","giant monster, sequel, dinosaur, monkey, kaiju, fantasy world, giant ape, godzilla, king kong, amused, bold, cliché, monsterverse",150000000,571750016,26.9933,7.034,4874
1197306,A Working Man,"Levon Cade left behind a decorated military career in the black ops to live a simple life working construction. But when his boss's daughter, who is like family to him, is taken by human traffickers, his search to bring her home uncovers a world of corruption far greater than he ever could have imagined.",2025-03-26,116,en,"Action, Crime, Thriller","based on novel or book, kidnapping, vigilante, missing person, black ops, construction worker, criminal conspiracy",40000000,89400711,27.0634,6.68,2099
429,"The Good, the Bad and the Ugly","While the Civil War rages on between the Union and the Confederacy, three men – a quiet loner, a ruthless hitman, and a Mexican bandit – comb the American Southwest in search of a strongbox containing $200,000 in stolen gold.",1966-12-23,161,it,Western,"gold, army, bounty hunter, hitman, refugee, anti hero, moral ambiguity, gallows, outlaw, gun battle, shootout, spaghetti western, graveyard, american civil war, stolen gold, quest, complex, hidden gold, tense, gun death, excited, cemetary, confederate gold",1200000,38900000,27.3674,8.5,9973
313369,La La Land,"Mia, an aspiring actress, serves lattes to movie stars in between auditions and Sebastian, a jazz musician, scrapes by playing cocktail party gigs in dingy bars, but as success mounts they are faced with decisions that begin to fray the fragile fabric of their love affair, and the dreams they worked so hard to maintain in each other threaten to rip them apart.",2016-12-01,129,en,"Comedy, Drama, Romance","dancing, dance, jazz, musical, ambition, casting, romcom, coffee shop, jazz club, traffic jam, hollywood, los angeles, california, pianist, pier, audition, valentine's day, planetarium, aspiring actor, movie set, sunset, one-woman show, pool party, complex, griffith observatory, bold, embarrassed, empathetic, exuberant",30000000,509183536,28.8311,7.9,18523
694,The Shining,"Jack Torrance accepts a caretaker job at the Overlook Hotel, where he, along with his wife Wendy and their son Danny, must live isolated from the rest of the world for the winter. But they aren't prepared for the madness that lurks within.",1980-05-23,144,en,"Horror, Thriller","hotel, child abuse, based on novel or book, isolation, telepathy, delusion, snowstorm, colorado, seclusion, surrealism, writer's block, alcoholism, premonition, psychic power, caretaker, loneliness, vision, domestic violence, postmodern, psychological thriller, writer, twins, labyrinth, alcoholic, blizzard, extrasensory perception, motherhood, haunted hotel, psychological disintegration, mother son relationship, supernatural power, supernatural horror, ghost child, dreary, nuclear family, avant garde, identical twins, ambiguous, frightened, subjective",19000000,50312025,28.2479,8.2,19433
497698,Black Widow,"Natasha Romanoff, also known as Black Widow, confronts the darker parts of her ledger when a dangerous conspiracy with ties to her past arises. Pursued by a force that will stop at nothing to bring her down, Natasha must deal with her history as a spy and the broken relationships left in her wake long before she became an Avenger.",2021-07-07,134,en,"Action, Adventure, Science Fiction","assassin, hero, spy, kgb, based on comic, female assassin, female spy, female hero, aftercreditsstinger, marvel cinematic universe (mcu), woman director",200000000,379751131,29.4686,7.147,11647
845781,Red One,"After Santa Claus (codename: Red One) is kidnapped, the North Pole's Head of Security must team up with the world's most infamous tracker in a globe-trotting, action-packed mission to save Christmas.",2024-10-31,124,en,"Action, Adventure, Comedy, Fantasy","rescue, bounty hunter, holiday, kidnapping, santa claus, rescue mission, polar bear, rescue team, christmas, action comedy, christmas eve, defence team, awestruck, enthusiastic",250000000,185700759,30.4738,6.954,3176
87513,Motor City,"In 1970s Detroit, John Miller falls for a local gangster's girl and lands in prison for a crime he didn't commit. With his life ruined, Miller plots revenge against the man who took his girl away.",2026-07-23,104,en,"Action, Thriller, Crime","gangster, 1970s, revenge, detroit, michigan, joyous, awestruck",30000000,0,29.908,6.2,121
57158,The Hobbit: The Desolation of Smaug,"The Dwarves, Bilbo and Gandalf have successfully escaped the Misty Mountains, and Bilbo has gained the One Ring. They all continue their journey to get their gold back from the Dragon, Smaug.",2013-12-11,161,en,"Fantasy, Adventure, Action","gold, lake, based on novel or book, elves, dwarf, shapeshifting, mountain, giant spider, melancholy, sequel, bear, troll, dragon, turns into animal, barrel, fantasy world, wizard, journey, ring, invisibility, captured, live action and animation, high fantasy, sword and sorcery, trekking, good versus evil, hobbit",250000000,958400000,27.2986,7.578,14610
1198994,Send Help,"Two colleagues become stranded on a deserted island, the only survivors of a plane crash. On the island, they must overcome past grievances and work together to survive, but ultimately, it's a battle of wills and wits to make it out alive.",2026-01-22,113,en,"Horror, Thriller, Comedy","bullying, role reversal, survival, struggle for survival, survival horror, deserted island, power struggle, colleagues, bullying in the workplace, plane crash, gender inequality, comedy thriller, comedy horror",40000000,94041481,29.7986,7.02,2334
1124,The Prestige,"A mysterious story of two magicians whose intense rivalry leads them on a life-long battle for supremacy -- full of obsession, deceit and jealousy with dangerous and deadly consequences.",2006-10-19,130,en,"Drama, Mystery, Science Fiction","dying and death, suicide, class society, london, england, based on novel or book, magic, competition, obsession, hostility, class, diary, twist, tricks, illusion, rivalry, partner, steampunk, cruelty, hanging, jail cell, 19th century, nikola tesla, magician, tesla coil, bittersweet, secret, mind-blowing",40000000,109676311,27.6642,8.211,18183
419430,Get Out,"Chris and his girlfriend Rose go upstate to visit her parents for the weekend. At first, Chris reads the family's overly accommodating behavior as nervous attempts to deal with their daughter's interracial relationship, but as the weekend progresses, a series of increasingly disturbing discoveries lead him to a truth that he never could have imagined.",2017-02-24,104,en,"Mystery, Thriller, Horror","kidnapping, externally controlled action, manipulation, dark comedy, hypnosis, parents-in-law, satire, racist, revenge, interracial relationship, disappearance, racism, psychological thriller, neurosurgeon, missing person, stereotype, brain surgery, race-conscious, horrified",4500000,255407969,27.5436,7.625,19381
725273,Solitary,"A man wakes up inside a room to discover he's a prisoner sent into space to form Earth's first colony, and worse - his cell mate Alana is hell bent on destroying everything.",2020-08-31,89,en,Science Fiction,spacecraft,0,0,22.4801,5.0,124
12155,Alice in Wonderland,"Alice, now 19 years old, returns to the whimsical world she first entered as a child and embarks on a journey to discover her true destiny.",2010-03-03,108,en,"Family, Fantasy, Adventure","based on novel or book, queen, based on children's book, fantasy world, mad hatter, lewis carroll, live action remake, based on young adult novel, adaptation, amused, vibrant, wonderland, march hare, queen of hearts",200000000,1025467110,24.4534,6.642,15073
111,Scarface,"After getting a green card in exchange for assassinating a Cuban government official, Tony Montana stakes a claim on the drug trade in Miami. Viciously murdering anyone who stands in his way, Tony eventually becomes the biggest drug lord in the state, controlling nearly all the cocaine that comes through Miami. But increased pressure from the police, wars with Colombian drug cartels and his own drug-fueled paranoia serve to fuel the flames of his eventual downfall.",1983-12-09,170,en,"Action, Crime, Drama","corruption, sibling relationship, miami, florida, cuba, loss of loved one, gangster, cocaine, rise and fall, remake, tragedy, drug cartel, mafia, drug lord, bitterness, rise to power, miami beach, cuban refugees, drug war, excited, tragic",25000000,66023329,26.9606,8.153,13473
329865,Arrival,"Taking place after alien crafts land around the world, an expert linguist is recruited by the military to determine whether they come in peace or are a threat.",2016-11-10,116,en,"Drama, Science Fiction, Mystery","spacecraft, extraterrestrial technology, loss, time, alien, language, female protagonist, scientist, heartbreak, based on short story, alien contact, military, alien language, linguist, first contact, communication, linguistics, time-manipulation, complex, determinism, science fiction, wistful, incredulous, hopeful",47000000,203388186,25.6119,7.634,19921
1339588,Finding Emily,"When a lovesick musician is given the wrong number for his dream girl, he teams up with a driven psychology student to find her. Together, they spark a hilarious campus-wide frenzy that tests their own hearts and ambitions along the way.",2026-05-21,111,en,"Romance, Comedy","college, dream girl, lovesick, psychology student, wrong number",0,3007926,30.6911,6.8,64
1284041,The Last House,A family suddenly sealed inside their home must work together to survive against dwindling resources and the ominous threat keeping them trapped.,2026-08-06,110,en,"Horror, Science Fiction, Thriller","monster, isolation, water monster, family, sea creature, baffled, disapproving, dangerous rain",0,0,28.5519,6.845,1412
425274,Now You See Me: Now You Don't,"The original Four Horsemen reunite with a new generation of illusionists to take on powerful diamond heiress Veronika Vanderberg, who leads a criminal empire built on money laundering and trafficking. The new and old magicians must overcome their differences to work together on their most ambitious heist yet.",2025-11-12,112,en,"Crime, Thriller","diamond, antwerp, sequel, diamond heist, misdirection, hidden agenda, sleight of hand, team up, absurd, condescending, mystery and intrigue, antwerp diamonds, magic heist, illusion mastery, team synergy, showmanship, illusionist team, twist reveal, international theft",90000000,243700000,28.4055,6.447,1845
77338,The Intouchables,A true story of two men who should never have met – a quadriplegic aristocrat who was injured in a paragliding accident and a young man from the projects.,2011-11-02,113,fr,"Drama, Comedy","friendship, male friendship, based on true story, inspiring story, aristocrat, paragliding, unlikely friendship, duringcreditsstinger, quadriplegic, quadriplegia, feelgood, cheerful, empathetic, emotional",13000000,426590315,26.4111,8.272,18863
9479,The Nightmare Before Christmas,"Tired of scaring humans every October 31 with the same old bag of tricks, Jack Skellington, the spindly king of Halloween Town, kidnaps Santa Claus and plans to deliver shrunken heads and other ghoulish gifts to children on Christmas morning. But as Christmas approaches, Jack's rag-doll girlfriend, Sally, tries to foil his misguided plans.",1993-10-09,76,en,"Fantasy, Animation, Family","skeleton, fire, magic, holiday, santa claus, halloween, villain, musical, christmas tree, saving christmas, pumpkin, woods, stop motion, ghost, christmas horror, christmas",18000000,75634409,30.7899,7.843,10636
505642,Black Panther: Wakanda Forever,"Queen Ramonda, Shuri, M’Baku, Okoye and the Dora Milaje fight to protect their nation from intervening world powers in the wake of King T’Challa’s death.  As the Wakandans strive to embrace their next chapter, the heroes must band together with the help of War Dog Nakia and Everett Ross and forge a new path for the kingdom of Wakanda.",2022-11-09,162,en,"Action, Adventure, Science Fiction","hero, loss of loved one, superhero, royal family, based on comic, sequel, royalty, underwater, political intrigue , death in family, death of brother, duringcreditsstinger, death of king, marvel cinematic universe (mcu), hidden civilization, yucatan, mayans",250000000,859102154,26.1295,6.99,7813
1865,Pirates of the Caribbean: On Stranger Tides,"When Jack crosses paths with a woman from his past, he's not sure if it's love...or if she's a ruthless con artist using him to find the fabled Fountain of Youth.",2011-05-15,136,en,"Adventure, Action, Fantasy","sea, ship, mutiny, spain, england, sword, prime minister, sailing, mermaid, duke, sequel, silver, pirate, soldier, battle, swashbuckler, 18th century, aftercreditsstinger, blackbeard, based on theme park ride",379000000,1046721266,30.1458,6.574,15278
604,The Matrix Reloaded,"The Resistance builds in numbers as humans are freed from the Matrix and brought to the city of Zion. Neo discovers his superpowers, including the ability to see the code inside the Matrix. With machine sentinels digging to Zion in 72 hours, Neo, Morpheus and Trinity must find the Keymaker to ultimately reach the Source.",2003-05-15,138,en,"Adventure, Action, Thriller, Science Fiction","dying and death, future, mission, man vs machine, underground world, martial arts, kung fu, hero, dreams, fortune teller, artificial intelligence (a.i.), computer, saving the world, computer virus, virtual reality, fight, prophecy, truth, key, dystopia, allegory, simulation, plato, precognition, rave, car crash, sequel, cyberpunk, woman director, action hero, gnosticism, oracle, grand, defiant, sardonic",150000000,738599701,27.5889,7.085,12351
68726,Pacific Rim,"Using massive piloted robots to combat the alien threat, Earth's survivors take the fight to the invading alien force lurking in the depths of the Pacific Ocean. Nearly defenseless in the face of the relentless enemy, the forces of mankind have no choice but to turn to two unlikely heroes who now stand as Earth's final hope against the mounting apocalypse.",2013-07-11,131,en,"Action, Science Fiction, Adventure","monster, dystopia, giant monster, pacific, alaska, giant robot, apocalypse, hong kong, robot, alien invasion, kaiju, duringcreditsstinger, monster movie",180000000,411000000,26.739,6.95,13845
49521,Man of Steel,"A young boy learns that he has extraordinary powers and is not of this earth. As a young man, he journeys to discover where he came from and what he was sent here to do. But the hero in him must emerge if he is to save the world from annihilation and become the symbol of hope for all mankind.",2013-06-12,143,en,"Action, Adventure, Science Fiction","saving the world, flying, hope, superhero, based on comic, alien planet, superhuman, alien invasion, super power, mysterious force, reboot, save the day, dc extended universe (dceu), save the planet, origin story, alien spaceship, defiant",225000000,668045518,27.3683,6.66,16632
546554,Knives Out,"When renowned crime novelist Harlan Thrombey is found dead at his estate just after his 85th birthday, the inquisitive and debonair Detective Benoit Blanc is mysteriously enlisted to investigate. From Harlan's dysfunctional family to his devoted staff, Blanc sifts through a web of red herrings and self-serving lies to uncover the truth behind Harlan's untimely death.",2019-11-27,131,en,"Comedy, Crime, Mystery","immigrant, detective, massachusetts, investigation, big family, mansion, whodunit, family home, murder mystery, neo-noir, privilege",40000000,312897920,28.7118,7.844,14546
10020,Beauty and the Beast,"Follow the adventures of Belle, a bright young woman who finds herself in the castle of a prince who's been turned into a mysterious beast. With the help of the castle's enchanted staff, Belle soon learns the most important lesson of all -- that true beauty comes from within.",1991-10-22,84,en,"Romance, Family, Animation, Fantasy","princess, france, prince, castle, villain, rose, musical, insane asylum, beast, based on fairy tale, eccentric man, wonder, dedication, romantic, earnest, enchant, hopeful, sincere",25000000,424967620,25.6207,7.723,10912
1413976,Citizen Vigilante,"A man takes justice into his own hands, hunting down criminals. His vigilante crusade makes him a social media star but puts him at odds with the local police chief.",2026-06-19,89,en,"Thriller, Action, Crime","rape, corruption, police, immigration, rape victim, murder, vigilante, xenophobia, news report, vigilantism, business owner, nonlinear narrative, anonymous, interpol agent, graphic violence",0,0,28.4496,6.5,410
1613798,Vengeance,"The brutal murder of the wife of “Toro,” a military hero in the special forces, turns him into a man with a single purpose: revenge. After a stroke of fate makes him a millionaire, Carlos transforms his fortune into an arsenal and, together with his closest soldiers, sets out to hunt down those responsible.",2026-02-26,103,es,"Action, Thriller","revenge, betrayal, manhunt, vengeance, action thriller, revenge mission, relentless pursuit, corrupt officials, deadly confrontation, dark secrets, redemption quest, ruthless enemies, personal justice, violent retaliation, innocent victim",0,0,26.8812,7.5,317
384018,Fast & Furious Presents: Hobbs & Shaw,"Ever since US Diplomatic Security Service Agent Hobbs and lawless outcast Shaw first faced off, they just have traded smack talk and body blows. But when cyber-genetically enhanced anarchist Brixton's ruthless actions threaten the future of humanity, they join forces to defeat him.",2019-07-31,137,en,"Action, Adventure, Comedy","london, england, biological weapon, secret organization, family clan, friends, spin off, family reunion, buddy comedy, aftercreditsstinger, duringcreditsstinger, mother son relationship, father daughter relationship, brother sister relationship",200000000,760098996,28.4999,6.819,7942
1266127,Ready or Not: Here I Come,"Moments after surviving an all-out attack from the Le Domas family, Grace discovers she’s reached the next level of the nightmarish game — and this time with her estranged sister Faith at her side. Grace has one chance to survive, keep her sister alive, and claim the High Seat of the Council that controls the world. Four rival families are hunting her for the throne, and whoever wins rules it all.",2026-03-19,108,en,"Horror, Comedy","escape, ritual, dark comedy, satanism, gore, pact with the devil, sequel, cat and mouse, game, exploding body, satanic ritual, satanic cult, estranged sister, sister sister relationship, satanic, sisters, death game, horror, hilarious, intense",14000000,42940054,27.2456,7.551,1674
9502,Kung Fu Panda,"Chosen by prophecy but doubted by all, Po is an unlikely choice for the mystical title of the Dragon Warrior—a clumsy panda thrust into the world of kung fu as a deadly enemy threatens the Valley of Peace. Under reluctant guidance by Master Shifu and the Furious Five, Po must embrace who he is to unlock the power that no scroll can teach.",2008-06-04,90,en,"Action, Animation, Comedy, Family","martial arts, kung fu, strong woman, china, tiger, bravery, restaurant, villain, chosen one, shop, panda, sensei, anthropomorphism, fighting, master, destiny, crane, rope bridge, aftercreditsstinger, wuxia, monkey warrior, viper, 3d animation, inspirational, whimsical, joyful",130000000,632091832,26.5973,7.339,13027
522627,The Gentlemen,"American expat Mickey Pearson has built a highly profitable marijuana empire in London. When word gets out that he’s looking to cash out of the business forever it triggers plots, schemes, bribery and blackmail in an attempt to steal his domain out from under him.",2020-01-01,113,en,"Action, Comedy, Crime","london, england, robbery, businessman, gangster, dark comedy, betrayal, marijuana, business, jewish american, gunfight, brutality, american abroad, irishman, scheme, bold",22000000,115171795,26.1832,7.658,6916
10331,Night of the Living Dead,A ragtag group barricade themselves in an old Pennsylvania farmhouse to remain safe from a horde of flesh-eating ghouls ravaging the Northeast.,1968-10-04,96,en,"Horror, Thriller, Science Fiction","sibling relationship, pennsylvania, usa, loss of loved one, gun, gas station, cemetery, cellar, halloween, house, barricade, zombie, black and white, trapped, bitten, farm house, suspenseful, intense",114000,30236452,27.0983,7.6,2836
507086,Jurassic World Dominion,"Four years after Isla Nublar was destroyed, dinosaurs now live—and hunt—alongside humans all over the world. This fragile balance will reshape the future and determine, once and for all, whether human beings are to remain the apex predators on a planet they now share with history's most fearsome creatures.",2022-06-01,147,en,"Adventure, Science Fiction, Thriller","paleontology, giant monster, sequel, survival, dinosaur, scientist, child kidnapping, aggressive, animal sanctuary, cautionary, cliché, complicated, science goes awry, therizinosaurus",658800000,1004004592,26.962,6.589,7302
75656,Now You See Me,An FBI agent and an Interpol detective track a team of illusionists who pull off bank heists during their performances and reward their audiences with the money.,2013-05-29,116,en,"Thriller, Crime","new york city, paris, france, escape, magic, bank, fbi, vault, new orleans, louisiana, investigation, heist, money, conspiracy, las vegas, shocking, magician, mischievous, suspenseful, awestruck, excited, elaborate deception",75000000,351723989,26.0534,7.324,17162
102382,The Amazing Spider-Man 2,"For Peter Parker, life is busy. Between taking out the bad guys as Spider-Man and spending time with the person he loves, Gwen Stacy, high school graduation cannot come quickly enough. Peter has not forgotten about the promise he made to Gwen’s father to protect her by staying away, but that is a promise he cannot keep. Things will change for Peter when a new villain, Electro, emerges, an old friend, Harry Osborn, returns, and Peter uncovers new clues about his past.",2014-04-16,141,en,"Action, Adventure, Science Fiction","new york city, experiment, obsession, secret identity, superhero, based on comic, sequel, electrocution, super power, masked superhero, teen superhero",200000000,716934779,25.3258,6.562,14778
696506,Mickey 17,"Unlikely hero Mickey Barnes finds himself in the extraordinary circumstance of working for an employer who demands the ultimate commitment to the job… to die, for a living.",2025-02-28,137,en,"Science Fiction, Comedy, Adventure","based on novel or book, dark comedy, space travel, betrayal, alien planet, creature, space adventure, human clone, spaceship, 2050s, futuristic world, colonial workforce, clone technology, frozen world, authoritarian leader, expendable worker",118000000,133542263,27.7479,6.824,4004
345,Eyes Wide Shut,"After Dr. Bill Harford's wife, Alice, admits to having sexual fantasies about a man she met, Bill becomes obsessed with having a sexual encounter. He discovers an underground sexual group and attends one of their meetings -- and quickly discovers that he is in over his head.",1999-07-16,159,en,"Drama, Thriller, Mystery","new york city, prostitute, based on novel or book, sexual obsession, sacrifice, christmas party, eroticism, orgy, masked ball, marriage, secret society, cult, marijuana, conspiracy, mansion, doctor, relationship, lust, drugs, disguise, illegal prostitution, sexual desire, ego, bribery, voyeurism, sex party, marital crisis, costume shop, hooker, ominous",65000000,162517900,26.3225,7.486,7337
12153,White Chicks,"Two FBI agent brothers, Marcus and Kevin Copeland, accidentally foil a drug bust. To avoid being fired they accept a mission escorting a pair of socialites to the Hamptons--but when the girls are disfigured in a car accident, they refuse to go. Left without options, Marcus and Kevin decide to pose as the sisters, transforming themselves from black men into rich white women.",2004-06-23,109,en,"Comedy, Crime","undercover, kidnapping, fbi, auction, nightclub, sleepover, cross dressing, car accident, shopping, news reporter, impersonation, high society, fashion show, buddy cop, basketball player, socialite party, dance-off, hamptons, jealous wife, dumb blonde, brothers, runway, fbi operation, drug bust",37000000,113100000,27.0481,6.966,4761
62,2001: A Space Odyssey,"Humanity finds a mysterious object buried beneath the lunar surface and sets off to find its origins with the help of HAL 9000, the world's most advanced super computer.",1968-04-02,149,en,"Science Fiction, Mystery, Adventure","man vs machine, moon, jupiter, artificial intelligence (a.i.), based on novel or book, technology, super computer, space travel, space mission, moon base, astronaut, evolution, monolith, space station, space opera, philosophical, 2000s, ai rebellion, suspenseful, complicated, metrocolor",12000000,71923560,25.5052,8.043,12980
216156,Still Life,A council case worker looks for the relatives of those found dead and alone.,2013-11-28,92,en,Drama,"alone, loneliness, death, forgotten, funerals, south london, calm, compassionate",0,0,24.4986,7.5,416
207703,Kingsman: The Secret Service,The story of a super-secret spy organization that recruits an unrefined but promising street kid into the agency's ultra-competitive training program just as a global threat emerges from a twisted tech genius.,2015-01-24,129,en,"Crime, Comedy, Action","great britain, spy, secret organization, microchip, secret agent, training, based on comic, implant, united kingdom, duringcreditsstinger, global threat, abusive stepfather",81000000,414351546,25.1934,7.618,18196
10191,How to Train Your Dragon,"As the son of a Viking leader on the cusp of manhood, shy Hiccup Horrendous Haddock III faces a rite of passage: he must kill a dragon to prove his warrior mettle. But after downing a feared dragon, he realizes that he no longer wants to destroy it, and instead befriends the beast – which he names Toothless – much to the chagrin of his warrior father.",2010-03-18,98,en,"Fantasy, Adventure, Animation, Family","friendship, ship, blacksmith, island, based on novel or book, flying, arena, village, villain, training, ignorance, vikings (norsemen), forest, flight, nest, dragon, battle, combat, well, warrior, pets, reflective, wonder, playful, serene, 3d animation, lighthearted, intimate, sentimental, witty, hilarious, romantic, whimsical, admiring, adoring, amused, celebratory, cheerful, comforting, compassionate, euphoric, excited, gentle, hopeful, optimistic, powerful, sincere, sympathetic, vibrant",165000000,495141736,24.1811,7.867,14760
299537,Captain Marvel,"The story follows Carol Danvers as she becomes one of the universe’s most powerful heroes when Earth is caught in the middle of a galactic war between two alien races. Set in the 1990s, Captain Marvel is an all-new adventure from a previously unseen period in the history of the Marvel Cinematic Universe.",2019-03-06,124,en,"Action, Adventure, Science Fiction","superhero, based on comic, alien, female protagonist, alien invasion, super power, female hero, aftercreditsstinger, duringcreditsstinger, marvel cinematic universe (mcu), woman director, 1990s, alien technology, intense, cliché, joyful",152000000,1131416446,27.0337,6.77,17190
447332,A Quiet Place,A family is forced to live in silence while hiding from creatures that hunt by sound.,2018-04-03,91,en,"Horror, Drama, Science Fiction","pregnancy, fireworks, deaf, post-apocalyptic future, alien life-form, child in peril, creature, alien invasion, parenting, survival horror, alien monster, human vs alien, sign languages, hostile, anxious, dreary, quiet, upstate new york, psychological horror, sci-fi horror, frightened",17000000,340955294,26.9521,7.395,15755
489,Good Will Hunting,"Will Hunting is a headstrong, working-class genius who is failing the lessons of life. After one too many run-ins with the law, Will's last chance is a psychology professor, who might be the only man who can reach him.",1997-12-05,127,en,Drama,"boston, massachusetts, mathematics, genius, male friendship, flashback, psychologist, janitor, dating, courtroom, group of friends, southie, college professor, prodigy, math genius, foster kid, fear of change, witty, admiring, abused as a child, massachusetts institute of technology (mit), math professor",10000000,225933435,25.1291,8.166,14351
945961,Alien: Romulus,"While scavenging the deep ends of a derelict space station, a group of young space colonizers come face to face with the most terrifying life form in the universe.",2024-08-13,119,en,"Horror, Science Fiction","alien life-form, spin off, alien contact, alien monster, space exploration, alien encounter, space capsule, spaceship, sci-fi horror, xenomorph threat, cryonics chamber, abandoned station, biological contamination, hostile organism, interstellar isolation",80000000,350865342,27.2407,7.159,4921
396535,Train to Busan,"When a zombie virus pushes Korea into a state of emergency, those trapped on an express train to Busan must fight for their own survival.",2016-07-20,118,ko,"Action, Horror, Thriller, Adventure","zombie, train, survival horror, pandemic, busan, south korea, south korea",8500000,87547518,24.0627,7.748,8785
679,Aliens,"Ripley, the sole survivor of the Nostromo's deadly encounter with the monstrous Alien, returns to Earth after drifting through space in hypersleep for 57 years. Although her story is initially met with skepticism, she agrees to accompany a team of Colonial Marines back to LV-426.",1986-07-18,137,en,"Action, Thriller, Science Fiction","android, space marine, extraterrestrial technology, spaceman, space travel, settler, colony, cryogenics, vacuum, space colony, warrior woman, sequel, alien, space, female protagonist, creature, desolate, female hero, military sci-fi, desolate planet, critical, sinister, sci-fi horror, assertive, commanding, empathetic, exhilarated, action horror, sci-fi action",18500000,183316455,28.3317,7.966,11215
85,Raiders of the Lost Ark,"When Dr. Indiana Jones – the tweed-suited professor who just happens to be a celebrated archaeologist – is hired by the government to locate the legendary Ark of the Covenant, he finds himself up against the entire Nazi regime.",1981-06-12,115,en,"Adventure, Action","egypt, treasure, medallion, swastika, saving the world, nepal, himalaya mountain range, cairo, moses, hat, whip, leather jacket, mediterranean, ark of the covenant, ten commandments, nazi, excavation, riddle, treasure hunt, archaeologist, adventurer, archeology, globetrotting, religious history, 1930s",18000000,389925971,26.7229,7.927,14032
263115,Logan,"In the near future, a weary Logan cares for an ailing Professor X in a hideout on the Mexican border. But Logan's attempts to hide from the world and his legacy are upended when a young mutant arrives, pursued by dark forces.",2017-02-28,137,en,"Action, Drama, Science Fiction","future, experiment, immortality, self-destruction, cyborg, dystopia, superhero, mutant, road trip, based on comic, sequel, spin off, super power, neo-western, troubled past, quest, aging superhero, life on the margin, grimdark, excited",97000000,619021436,24.125,7.82,20879
926393,The Equalizer 3,"Robert McCall finds himself at home in Southern Italy but he discovers his friends are under the control of local crime bosses. As events turn deadly, McCall knows what he has to do: become his friends' protector by taking on the mafia.",2023-08-30,109,en,"Action, Thriller, Crime","italy, investigation, camorra, organized crime, vigilante justice, personal redemption, retired operative, mafia retaliation, quiet town under threat, brutal takedowns, criminal intimidation, community protection, mysterious outsider, crime‑ridden territory, calm before violence",70000000,191067560,27.3056,7.3,3930
7518,Over the Hedge,"A scheming raccoon fools a mismatched family of forest creatures into helping him repay a debt of food, by invading the new suburban sprawl that popped up while they were hibernating – and learns a lesson about family himself.",2006-05-17,83,en,"Adventure, Animation, Comedy, Family","suburbian idyll, garbage, entrapment, squirrel, garden, grizzly bear, villain, turtle, forest, suburb, animals, raccoon, porcupine, aftercreditsstinger, playful, 3d animation, opossum, cartoon turtle, skunk",80000000,343397247,26.3879,6.609,4992
667538,Transformers: Rise of the Beasts,"When a new threat capable of destroying the entire planet emerges, Optimus Prime and the Autobots must team up with a powerful faction known as the Maximals. With the fate of humanity hanging in the balance, humans Noah and Elena will do whatever it takes to help the Transformers as they engage in the ultimate battle to save Earth.",2023-06-06,127,en,"Science Fiction, Adventure, Action","peru, alien, end of the world, based on toy, giant robot, robot, duringcreditsstinger, 1990s, brother brother relationship",195000000,441381193,26.2606,7.162,5436
454626,Sonic the Hedgehog,"Powered with incredible speed, Sonic The Hedgehog embraces his new home on Earth. That is, until Sonic sparks the attention of super-uncool evil genius Dr. Robotnik. Now it’s super-villain vs. super-sonic in an all-out race across the globe to stop Robotnik from using Sonic’s unique power for world domination.",2020-02-12,99,en,"Action, Science Fiction, Comedy, Family","friendship, video game, san francisco, california, road trip, cop, based on video game, duringcreditsstinger, bar fight, hedgehog, live action and animation, live action remake, playful, joyous, adoring, joyful",85000000,319715683,26.8271,7.268,10604
49519,The Croods,"The prehistoric Croods family live in a particularly dangerous moment in time. Patriarch Grug, his mate Ugga, teenage daughter Eep, son Thunk, and feisty Gran gather food by day and huddle together in a cave at night. When a more evolved caveman named Guy arrives on the scene, Grug is distrustful, but it soon becomes apparent that Guy is correct about the impending destruction of their world.",2013-03-15,99,en,"Animation, Adventure, Family, Comedy","daughter, parent child relationship, stone age, father, prehistory, ancient world, family, cavemen, aftercreditsstinger, duringcreditsstinger, angry, pets, 3d animation, admiring, bold",135000000,587204668,25.3438,6.948,7722
209112,Batman v Superman: Dawn of Justice,"Fearing the actions of a god-like Super Hero left unchecked, Gotham City’s own formidable, forceful vigilante takes on Metropolis’s most revered, modern-day savior, while the world wrestles with what sort of hero it really needs. And with Batman and Superman at war with one another, a new threat quickly arises, putting mankind in greater danger than it’s ever known before.",2016-03-23,152,en,"Action, Adventure, Fantasy","superhero, based on comic, sequel, revenge, vigilante, super power, supervillain, dc extended universe (dceu), versus fighting, versus",250000000,874362803,25.5864,6.0,19404
324552,John Wick: Chapter 2,"John Wick is forced out of retirement by a former associate looking to seize control of a shadowy international assassins’ guild. Bound by a blood oath to aid him, Wick travels to Rome and does battle against some of the world’s most dangerous killers.",2017-02-08,122,en,"Action, Thriller, Crime","martial arts, assassin, rome, italy, hitman, roof, secret organization, sequel, revenge, shootout, dog, code of honor, handshake, hand to hand combat, neo-noir, guns, dark, roof-top, precision shooting, continental hotel",40000000,171539887,24.4917,7.346,14652
28,Apocalypse Now,"At the height of the Vietnam war, Captain Benjamin Willard is sent on a dangerous mission that, officially, ""does not exist, nor will it ever exist."" His goal is to locate - and eliminate - a mysterious Green Beret Colonel named Walter Kurtz, who has been leading his personal army on illegal guerrilla missions into enemy territory.",1979-05-19,147,en,"Drama, War","guerrilla warfare, vietnam war, journalist, mission, vietnam, vietcong, central intelligence agency (cia), cambodia, army, drug abuse, based on novel or book, secret mission, insanity, surrealism, tribe, green beret, jungle, descent into madness, brutality, riverboat, military, macabre, anti war, absurd, awestruck, distressing",31500000,150000000,24.2871,8.3,9405
101,Léon: The Professional,"Léon, the top hit man in New York, has earned a rep as an effective ""cleaner"". But when his next-door neighbors are wiped out by a loose-cannon DEA agent, he becomes the unwilling custodian of 12-year-old Mathilda. Before long, Mathilda's thoughts turn to revenge, and she considers following in Léon's footsteps.",1994-09-14,111,fr,"Crime, Drama, Action","hotel room, new york city, immigrant, assassin, police brutality, corruption, s.w.a.t., hitman, loss of loved one, gangster, training, revenge, murder, loneliness, neighbor, tragic love, city life, neo-noir, complex relationship",16000000,20330788,25.4562,8.29,16571
359410,Road House,"Ex-UFC fighter Dalton takes a job as a bouncer at a Florida Keys roadhouse, only to discover that this paradise is not all it seems.",2024-03-08,121,en,"Action, Thriller, Drama","florida keys, mixed martial arts (mma), remake, bouncer, fighting, duringcreditsstinger, ufc, lighthearted",85000000,0,25.8936,6.9,3252
27449,Baby Face,"A young woman uses her body and her sexuality to help her climb the social ladder, but soon begins to wonder if her new status will ever bring her happiness.",1933-07-13,76,en,Drama,"new york city, paris, france, ambition, mistress, black and white, pre-code, speakeasy, gold digger, flirtation, kept woman, mischievous",187000,451000,33.4204,7.2,162
78,Blade Runner,"In the smog-choked dystopian Los Angeles of 2019, blade runner Rick Deckard is called out of retirement to terminate a quartet of replicants who have escaped to Earth seeking their creator for a way to extend their short life spans.",1982-06-25,118,en,"Science Fiction, Drama, Thriller","android, flying car, bounty hunter, artificial intelligence (a.i.), genetics, based on novel or book, dystopia, futuristic, fugitive, cyberpunk, los angeles, california, alcoholic, origami, unicorn, tech noir, humanity, neo-noir, grim, human clone, humanoid robot, blade runner, 2010s, suspenseful, admiring, excited",28000000,41722424,25.0628,7.936,15447
18240,The Proposal,"When she learns she's in danger of losing her visa status and being deported, overbearing book editor Margaret Tate forces her put-upon assistant, Andrew Paxton, to marry her.",2009-06-02,108,en,"Comedy, Romance, Drama","new york city, marriage proposal, blackmail, ex-girlfriend, assistant, deportation, immigration law, romcom, alaska, fish out of water, humiliation, book editor, green card, employer employee relationship, duringcreditsstinger, woman director, publishing house, pretend relationship, rich family, father son conflict, tyrannical boss, enemies to lovers, hilarious, fake fiancé, romantic, amused, grandmother's birthday",40000000,317400000,25.1883,7.2,7794
351286,Jurassic World: Fallen Kingdom,"Three years after Jurassic World was destroyed, Isla Nublar now sits abandoned. When the island's dormant volcano begins roaring to life, Owen and Claire mount a campaign to rescue the remaining dinosaurs from this extinction-level event.",2018-06-06,129,en,"Adventure, Science Fiction, Thriller","tyrannosaurus rex, volcano, rescue mission, sequel, wild animal, prehistoric creature, dinosaur, genetic engineering, aftercreditsstinger, monster island",170000000,1310469037,25.2628,6.523,13031
181812,Star Wars: The Rise of Skywalker,"The surviving Resistance faces the First Order once again as the journey of Rey, Finn and Poe Dameron continues. With the power and knowledge of generations behind them, the final battle begins.",2019-12-18,142,en,"Adventure, Action, Science Fiction",space opera,489900000,1074144248,25.0225,6.247,11179
629542,The Bad Guys,"When the Bad Guys, a crew of criminal animals, are finally caught after years of heists and being the world’s most-wanted villains, Mr. Wolf brokers a deal to save them all from prison.",2022-03-17,100,en,"Action, Adventure, Animation, Comedy, Crime, Family","based on novel or book, snake, wolf, affectation, spider, villain, heist, anthropomorphism, shark, guinea pig, piranha, duringcreditsstinger, zealous, wonder, 3d animation, lighthearted, understated, sentimental, cheerful, cliché, complicated, empathetic, enchant, enthusiastic, euphoric, modest, animesque",80000000,250162278,26.7,7.512,2687
62177,Brave,"In the mystical Scottish Highlands, Merida is the princess of a kingdom ruled by King Fergus and Queen Elinor. An unruly daughter and an accomplished archer, Merida one day defies a sacred custom of the land and inadvertently brings turmoil to the kingdom. In an attempt to set things right, Merida seeks out an eccentric old Wise Woman and is granted an ill-fated wish.",2012-06-21,93,en,"Adventure, Animation, Family, Fantasy","witch, kingdom, scotland, rebel, bravery, villain, wish, archer, bear, scot, rebellious daughter, turns into animal, archery, ruins, aftercreditsstinger, peace offering, woman director, quest, 3d animation, pixar",185000000,538983207,23.8829,7.036,14471
8355,Ice Age: Dawn of the Dinosaurs,"Times are changing for Manny the moody mammoth, Sid the motor mouthed sloth and Diego the crafty saber-toothed tiger. Life heats up for our heroes when they meet some new and none-too-friendly neighbors – the mighty dinosaurs.",2009-06-26,94,en,"Animation, Comedy, Family, Adventure","insanity, ice age, villain, bridge, sequel, jungle, prehistory, dinosaur, creature, birth, duringcreditsstinger, 3d animation",90000000,886686817,25.6146,6.778,9090
278154,Ice Age: Collision Course,"Set after the events of Continental Drift, Scrat's epic pursuit of his elusive acorn catapults him outside of Earth, where he accidentally sets off a series of cosmic events that transform and threaten the planet. To save themselves from peril, Manny, Sid, Diego, and the rest of the herd leave their home and embark on a quest full of thrills and spills, highs and lows, laughter and adventure while traveling to exotic new lands and locations.",2016-06-23,95,en,"Adventure, Animation, Family, Comedy, Science Fiction","fire, fireworks, mammoth, sequel, prehistory, singing, critically bashed, cavemen, meteor crash, 3d animation",105000000,408579038,24.9148,6.121,4995
940551,Migration,"After a migrating duck family alights on their pond with thrilling tales of far-flung places, the Mallard family embarks on a family road trip, from New England, to New York City, to tropical Jamaica.",2023-12-06,83,en,"Family, Comedy, Adventure, Animation","duck, villain, migration, flight, anthropomorphism, family, animals, chef, overprotective father, bird, 3d animation",72000000,298776052,25.8038,7.356,2325
290098,The Handmaiden,"1930s Korea, in the period of Japanese occupation, a new girl, Sook-hee, is hired as a handmaiden to a Japanese heiress, Hideko, who lives a secluded life on a large countryside estate with her domineering Uncle Kouzuki. But the maid has a secret. She is a pickpocket recruited by a swindler posing as a Japanese Count to help him seduce the Lady to steal her fortune.",2016-06-01,145,ko,"Thriller, Drama, Romance","jealousy, based on novel or book, library, pickpocket, eroticism, con man, swindler, lesbian relationship, mansion, lust, lgbt, noblewoman, shocking, erotic thriller, con woman, 1930s, lady's maid, handmade, seducer, japanese occupation of korea, lesbian, girls' love (gl), romantic, commanding, melodramatic",8575000,38600000,25.6752,8.176,4507
281957,The Revenant,"In the 1820s, a frontiersman, Hugh Glass, sets out on a path of vengeance against those who left him for dead after a bear mauling.",2015-12-25,157,en,"Western, Drama, Adventure","rape, based on novel or book, parent child relationship, winter, child murder, mountain, grizzly bear, animal attack, wilderness, gore, native american, forest, based on true story, liar, fur trapping, frontier, remake, revenge, survival, murder, bear, snow, scalping, animals, nature, wild west, bear attack, indian attack, dead horse, starvation, shocking, 19th century, wolves, ice, tense, antagonistic, tragic",135000000,532950503,25.4433,7.5,19746
558449,Gladiator II,"Years after witnessing the death of the revered hero Maximus at the hands of his uncle, Lucius is forced to enter the Colosseum after his home is conquered by the tyrannical Emperors who now lead Rome with an iron fist. With rage in his heart and the future of the Empire at stake, Lucius must look to his past to find strength and honor to return the glory of Rome to its people.",2024-11-13,148,en,"Action, Adventure, Drama","gladiator, roman empire, ancient rome, sequel, epic battle, family legacy, 3rd century, antiquity, fallen hero, political rival, evil tyrant, critical, sword and sandal, sword fighting, second part, compassionate, arena combat, emperor brothers, imperial corruption, roman senate",310000000,462180717,27.618,6.592,4762
1175942,The Bad Guys 2,"The now-reformed Bad Guys are trying (very, very hard) to be good, but instead find themselves hijacked into a high-stakes, globe-trotting heist, masterminded by a new team of criminals they never saw coming: The Bad Girls.",2025-07-24,104,en,"Family, Comedy, Crime, Adventure, Animation, Action","california, based on novel or book, snake, police, wolf, fight, spider, villain, sequel, heist, anthropomorphism, space, los angeles, california, wedding, space station, framed for a crime, luchador, 3d animation, lighthearted, joyful, animesque",80000000,239676236,24.5965,7.627,908
1306368,The Rip,"Trust frays when a team of Miami cops discovers millions in cash inside a run-down stash house, calling everyone — and everything — into question.",2026-01-13,113,en,"Action, Thriller, Crime","drug crime, miami, florida, police, investigation, cover-up, betrayal, shootout, dirty cop, trust, double cross, attic, sting operation, cartel, hidden money, fbi agent, drug money, violence, loyalty conflict",100000000,0,25.4401,7.1,1946
575264,Mission: Impossible - Dead Reckoning Part One,"Ethan Hunt and his IMF team embark on their most dangerous mission yet: To track down a terrifying new weapon that threatens all of humanity before it falls into the wrong hands. With control of the future and the world's fate at stake and dark forces from Ethan's past closing in, a deadly race around the globe begins. Confronted by a mysterious, all-powerful enemy, Ethan must consider that nothing can matter more than his mission—not even the lives of those he cares about most.",2023-07-08,164,en,"Action, Adventure, Thriller","mask, race against time, mission, rome, italy, chase, secret mission, spy, fake identity, secret agent, sequel, intelligence agency, secret government organization, infiltration, fictional government agency, rogue agent, government agency, based on tv series, action",220000000,571125435,23.6498,7.501,5390
381284,Hidden Figures,"The untold story of Katherine G. Johnson, Dorothy Vaughan and Mary Jackson – brilliant African-American women working at NASA and serving as the brains behind one of the greatest operations in history – the launch of astronaut John Glenn into orbit. The visionary trio crossed all gender and race lines to inspire generations to dream big.",2016-12-10,127,en,"Drama, History","nasa, mathematics, sexism, biography, racial segregation, racism, historical fiction, scientist, space race, discrimination, 1960s, space program, african american history, apologetic, arrogant, authoritarian, callous, condescending, disrespectful, frustrated",25000000,235957472,24.8366,8.048,10687
4348,Pride & Prejudice,"A story of love and life among the landed English gentry during the Georgian era. Mr. Bennet is a gentleman living in Hertfordshire with his overbearing wife and five daughters, but if he dies their house will be inherited by a distant cousin whom they have never met, so the family's future happiness and security is dependent on the daughters making good marriages.",2005-09-16,128,en,"Drama, Romance","based on novel or book, england, bachelor, family relationships, suitor, prejudice, period drama, pride, 18th century, opposites attract, gentleman, georgian or regency era, sisters",28000000,124604345,25.3246,8.052,8965
949,Heat,Obsessive master thief Neil McCauley leads a top-notch crew on various daring heists throughout Los Angeles while determined detective Vincent Hanna pursues him without rest. Each man recognizes and respects the ability and the dedication of the other even though they are aware their cat-and-mouse game may end in violence.,1995-12-15,170,en,"Crime, Drama, Action","robbery, chase, suicide attempt, gangster, obsession, detective, heist, remake, thief, honor, murder, betrayal, gang, los angeles, california, cat and mouse, bank robbery, criminal mastermind, ex-con, one last job, loner, bank job, neo-noir, crime epic, assertive, authoritarian, bold",60000000,187400000,22.7367,7.945,8723
791373,Zack Snyder's Justice League,"Determined to ensure Superman's ultimate sacrifice was not in vain, Bruce Wayne aligns forces with Diana Prince with plans to recruit a team of metahumans to protect the world from an approaching threat of catastrophic proportions.",2021-03-18,242,en,"Action, Adventure, Fantasy","saving the world, superhero, resurrection, based on comic, superhero team, planet invasion, action hero, dc extended universe (dceu), superhero teamup, teamwork",70000000,0,23.7936,8.073,11169
508947,Turning Red,"Thirteen-year-old Mei is experiencing the awkwardness of being a teenager with a twist – when she gets too excited, she transforms into a giant red panda.",2022-03-10,100,en,"Animation, Family, Comedy, Fantasy","friendship, canada, concert, temple, shapeshifting, toronto, canada, coming of age, teenage girl, female protagonist, east asian lead, animals, domineering mother, perfectionist, aftercreditsstinger, woman director, ancestor, teen drama, boy band, mother daughter relationship, hilarious, pixar, red panda",175000000,21813358,25.6705,7.328,6055
566525,Shang-Chi and the Legend of the Ten Rings,Shang-Chi must confront the past he thought he left behind when he is drawn into the web of the mysterious Ten Rings organization.,2021-09-01,132,en,"Action, Adventure, Fantasy","martial arts, superhero, based on comic, mixed martial arts (mma), east asian lead, aftercreditsstinger, duringcreditsstinger, marvel cinematic universe (mcu), wuxia, father son relationship",150000000,432243292,26.4268,7.486,10767
745,The Sixth Sense,"Following an unexpected tragedy, child psychologist Malcolm Crowe meets a nine year old boy named Cole Sear, who is hiding a dark secret.",1999-08-06,107,en,"Mystery, Thriller, Drama","dying and death, child abuse, philadelphia, pennsylvania, sense of guilt, afterlife, marriage crisis, loss of loved one, confidence, psychology, paranormal phenomena, single, psychological thriller, cowardliness, single mother, school play, ghost, kids, spiritism, somber, anxious, supernatural horror, ghost child, psychological horror, dramatic, suspenseful, supernatural thriller, suspense mystery",40000000,672800000,24.5916,7.955,13358
49444,Kung Fu Panda 2,"Po is finally living the dream as the Dragon Warrior—until a shadow from his past comes roaring back. When the ruthless peacock Lord Shen unleashes a devastating new weapon used to wipe out kung fu masters across the land, Po and the Furious Five race across China to put an end to his plans. But if Po is to have any hope of stopping him, he must first confront the truth of his origins—and find inner peace before his past tears him apart.",2011-05-25,91,en,"Animation, Family, Comedy, Action","mission, martial arts, kung fu, fortune teller, post-traumatic stress disorder (ptsd), prophecy, hope, villain, chosen one, fleet, sequel, panda, friends, accidental death, genocide, wuxia, woman director, inspiring, henchmen, 3d animation, traumatic past, whimsical, enthusiastic, post traumatic growth",150000000,665692281,23.6569,7.085,8157
9820,The Parent Trap,"Hallie Parker and Annie James are identical twins who were separated at a young age due to their parents' divorce. Unbeknownst to their parents, the girls are sent to the same summer camp, where they meet, discover the truth about their relationship, and come up with a plan to switch places in an effort to reunite their mother and father.",1998-07-28,128,en,"Comedy, Family, Romance","california, summer camp, twin sister, remake, matchmaking, twins, family reunion, wedding dress, gold digger, twins separated at birth, identity swap, father daughter reunion, divorced parents, woman director, mother daughter reunion, calm, napa valley, sleepaway camp, father daughter relationship, mother daughter relationship, sister sister relationship, stop wedding, parent child reunion, relaxed, age-gap relationship, long lost sibling, romantic, cheerful, wedding sabotage",15000000,92108518,24.9534,7.217,4661
170,28 Days Later,"Twenty-eight days after a killer virus was accidentally unleashed from a British research facility, a small group of London survivors are caught in a desperate struggle to protect themselves from the infected. Carried by animals and humans, the virus turns those it infects into homicidal maniacs -- and it's absolutely impossible to contain.",2002-10-31,113,en,"Horror, Thriller, Science Fiction","london, england, infection, outbreak, zombie, brutality, survival horror, zombie apocalypse, virus, waking from coma, post-apocalyptic",8000000,82784517,24.3022,7.244,8907
1516724,Good Vibes Only,Based on the true story of a married couple who invented a groundbreaking sex toy heralded as forever changing the way women experience pleasure.,2026-05-06,95,fr,Comedy,,0,7164147,26.9677,6.2,53
1668364,Desire,"Lucero’s life appears immaculate: a wealthy household, a devoted husband, and two children who embody the promise of a perfect family. Yet beneath this surface simmers a quiet dissatisfaction. When Matías, a young swimming coach hired by her husband, enters their lives, Lucero finds herself pulled into a risky and consuming relationship. As secrecy, desire, and jealousy tighten their grip, the boundaries within the family begin to collapse, placing mother and daughter in a dangerous emotional triangle that threatens to shatter everything Lucero has built.",2026-05-07,97,es,"Mystery, Drama","love triangle, swimmer, extramarital affair, emptiness, swimming instructor, romantic triangle, female lawyer",0,0,26.0084,6.7,258
57800,Ice Age: Continental Drift,"Manny, Diego, and Sid embark upon another adventure after their continent is set adrift. Using an iceberg as a ship, they encounter sea creatures and battle pirates as they explore a new world.",2012-06-27,88,en,"Animation, Comedy, Adventure, Family","villain, sequel, prehistory, seal (animal), aftercreditsstinger, duringcreditsstinger, melting ice, floating ice, land bridge, glaciale, 3d animation",95000000,877244782,26.2043,6.395,8290
298618,The Flash,"When his attempt to save his family inadvertently alters the future, Barry Allen becomes trapped in a reality in which General Zod has returned and there are no Super Heroes to turn to. In order to save the world that he is in and return to the future that he knows, Barry's only hope is to race for his life. But will making the ultimate sacrifice be enough to reset the universe?",2023-06-13,144,en,"Action, Science Fiction, Adventure","secret identity, superhero, time travel, based on comic, superhuman, super power, aftercreditsstinger, time paradox, butterfly effect, dc extended universe (dceu), superhuman abilities, loss of mother, alternate universe, admiring, multiverse",220000000,271333313,23.8291,6.604,5280
425,Ice Age,"Manny the mammoth, Sid the loquacious sloth, and Diego the sabre-toothed tiger go on a comical quest to return a human baby back to his father, across a world on the brink of an ice age.",2002-03-14,81,en,"Animation, Comedy, Family, Adventure","dying and death, human evolution, parent child relationship, squirrel, loss of loved one, mammoth, sloth, villain, stone age, prehistory, prehistoric creature, saber-toothed tiger, cavemen, road movie, neanderthal, prehistoric man, dodo bird, nut, 3d animation, ground sloth",59000000,383257136,23.9668,7.384,14662
260513,Incredibles 2,"Elastigirl springs into action to save the day, while Mr. Incredible faces his greatest challenge yet – taking care of the problems of his three children.",2018-06-14,118,en,"Action, Adventure, Animation, Family","married couple, superhero, cartoon, villain, sequel, parenting, family, super power, female villain, supervillain, 3d animation, suspenseful, pixar",200000000,1243225667,24.5688,7.453,13970
118,Charlie and the Chocolate Factory,"A young boy wins a tour through the most magnificent chocolate factory in the world, led by the world's most unusual candy maker.",2005-07-13,115,en,"Adventure, Comedy, Family, Fantasy","factory worker, factory, london, england, based on novel or book, chocolate, candy, overweight child, parent child relationship, grandparent grandchild relationship, dark comedy, chewing gum, teacher, tragedy, candy bar",150000000,475000000,24.6236,7.037,16415
82702,How to Train Your Dragon 2,"Five years after uniting the dragons and Vikings of Berk, Hiccup and Toothless soar beyond their homeland, charting the vast unknown. During one of their adventures, the pair discover a secret cave that houses hundreds of wild dragons—and a mysterious dragon rider with a startling connection to Hiccup. And as the ruthless conqueror Drago Bludvist rises to seize control of both dragons and people alike, Hiccup must step into his role as a true leader and, alongside his friends and Toothless, protect Berk from a devastating war.",2014-06-05,102,en,"Fantasy, Action, Adventure, Animation, Family","rescue, husband wife relationship, sacrifice, parent child relationship, loss of loved one, villain, melancholy, vikings (norsemen), sequel, dragon, nostalgic, warrior, mysterious, philosophical, reflective, mother son relationship, loving, 3d animation, inspirational, wistful, intimate, dramatic, sentimental, intense, romantic, whimsical, adoring, amused, appreciative, awestruck, bewildered, celebratory, comforting, commanding, compassionate, enthusiastic, euphoric, excited, exhilarated, optimistic, sincere, tragic, vibrant",145000000,621537519,24.7914,7.685,10695
6977,No Country for Old Men,"Llewelyn Moss stumbles upon dead bodies, $2 million and a hoard of heroin in a Texas desert, but methodical killer Anton Chigurh comes looking for it, with local sheriff Ed Tom Bell hot on his trail. The roles of prey and predator blur as the violent pursuit of money and justice collide.",2007-11-09,122,en,"Crime, Thriller, Western","vietnam veteran, sheriff, trailer park, based on novel or book, hitman, psychopath, drug trafficking, texas, motel, usa–mexico border, drug cartel, fate, desert, modern-day western, neo-western, tracking device, cold blooded killer, motel room, cartel, neo-noir, 1980s, mexican cartel, drug deal, coin toss, human nature, captive bolt gun, western noir, horror western, faithful adaptation",25000000,171627166,24.6795,7.951,13817
1159831,The Bride!,A lonely Frankenstein travels to 1930s Chicago to ask groundbreaking scientist Dr. Euphronious to create a companion for him. The two revive a murdered young woman and The Bride is born. But what ensues is beyond what either of them imagined.,2026-03-04,127,en,"Science Fiction, Horror, Fantasy","chicago, illinois, new york city, prostitute, based on novel or book, musical, mad scientist, niagara falls, murder, loneliness, reanimation, police corruption, back from the dead, attempted rape, undercover operation, reanimated corpse, companion, woman director, sexual assault, femicide, 1930s, gothic romance, female scientist, female revolution, frankenstein, women empowerment, monster girl, horror romance, fugitive lovers, romantic fantasy, mary shelley, sci-fi horror, audacious, spirit possession",80000000,23944025,24.5584,6.1,665
9487,A Bug's Life,"On behalf of ""oppressed bugs everywhere,"" an inventive ant named Flik hires a troupe of warrior bugs to defend his bustling colony from a horde of freeloading grasshoppers led by the evil-minded Hopper.",1998-11-25,95,en,"Adventure, Animation, Comedy, Family","fight, circus, winter, ant-hill, ant, villain, invention, collector, anthropomorphism, grass, food, duringcreditsstinger, flea, bugs, grasshopper, 3d animation, pixar",80000000,363258859,24.549,6.983,9935
166426,Pirates of the Caribbean: Dead Men Tell No Tales,"Thrust into an all-new adventure, a down-on-his-luck Capt. Jack Sparrow feels the winds of ill-fortune blowing even more strongly when deadly ghost sailors led by his old nemesis, the evil Capt. Salazar, escape from the Devil's Triangle. Jack's only hope of survival lies in seeking out the legendary Trident of Poseidon, but to find it, he must forge an uneasy alliance with a brilliant and beautiful astronomer and a headstrong young man in the British navy.",2017-05-23,129,en,"Adventure, Action, Fantasy","treasure map, sequel, royal navy, pirate, swashbuckler, caribbean sea, dark fantasy, trident, based on theme park ride, treasure hunting, caribbean island, ghost pirates, cursed crew, legendary artifact, oceanic curse, supernatural pursuit, naval confrontation, dangerous voyage, rival captains, epic chase",230000000,795922298,24.5225,6.664,13092
698687,Transformers One,"The untold origin story of Optimus Prime and Megatron, better known as sworn enemies, but once were friends bonded like brothers who changed the fate of Cybertron forever.",2024-09-11,104,en,"Animation, Science Fiction, Adventure, Family","based on toy, giant robot, aftercreditsstinger, duringcreditsstinger, buddy movie, brothers-in-arms relationship, origin story, 3d animation, alien robot",75000000,129408392,24.4727,7.978,1786
1317288,Marty Supreme,"Marty Mauser, a young man with a dream no one respects, goes to hell and back in pursuit of greatness.",2025-12-19,150,en,"Drama, Thriller","new york city, sports, capitalism, hustler, narcissism, ping pong, scheming, 1950s, dedication, american businessman, table tennis, amused, bewildered",65000000,192406422,24.4605,7.367,2227
954,Mission: Impossible,"When Ethan Hunt, the leader of a crack espionage team whose perilous operation has gone awry with no explanation, discovers that a mole has penetrated the CIA, he's surprised to learn that he's the prime suspect. To clear his name, Hunt now must ferret out the real double agent and, in the process, even the score.",1996-05-22,111,en,"Adventure, Action, Thriller","mask, mission, london, england, central intelligence agency (cia), computer, paris, france, undercover, espionage, secret mission, arms deal, spy, secret identity, headquarter, embassy, secret base, fake identity, prague, czech republic, secret agent, secret government organization, infiltration, terrorism, agent, fictional government agency, government agency, based on tv series",80000000,457696391,24.3597,7.03,10293
80321,Madagascar 3: Europe's Most Wanted,"Animal pals Alex, Marty, Melman, and Gloria are still trying to make it back to New York's Central Park Zoo. They are forced to take a detour to Europe to find the penguins and chimps who broke the bank at a Monte Carlo casino. When French animal-control officer Capitaine Chantel DuBois picks up their scent, Alex and company are forced to hide out in a traveling circus.",2012-06-06,93,en,"Animation, Family, Comedy, Adventure","friendship, circus, lion, zoo, hippopotamus, giraffe, penguin, cartoon, villain, zebra, sequel, slapstick comedy, madagascar, animals, lemur, talking animal, 3d animation",145000000,746921274,24.3577,6.651,6744
1576,Resident Evil,"When a virus leaks from a top-secret facility, turning all resident researchers into ravenous zombies and their lab animals into mutated hounds from hell, the government sends in an elite military task force to contain the outbreak.",2002-03-15,100,en,"Horror, Action, Science Fiction","biological weapon, quarantine, amnesia, undercover, dystopia, mutant, hologram, flashback, conspiracy, zombie, special forces, based on video game",33000000,102984862,24.3151,6.7,7191
458156,John Wick: Chapter 3 - Parabellum,"Super-assassin John Wick returns with a $14 million price tag on his head and an army of bounty-hunting killers on his trail. After killing a member of the shadowy international assassin’s guild, the High Table, John Wick is excommunicado, but the world’s most ruthless hit men and women await his every turn.",2019-05-15,131,en,"Action, Thriller, Crime","new york city, martial arts, bratva (russian mafia), casablanca, morocco, secret society, secret organization, black humor, sahara desert, sequel, organized crime, one man army, code of honor, hand to hand combat, consequences, professional assassin, baba yaga, dog man friendship, continental hotel",55000000,328349908,24.0516,7.438,12114
695721,The Hunger Games: The Ballad of Songbirds & Snakes,"64 years before he becomes the tyrannical president of Panem, Coriolanus Snow sees a chance for a change in fortunes when he mentors Lucy Gray Baird, the female tribute from District 12.",2023-11-15,157,en,"Science Fiction, Action","daughter, based on novel or book, arena, fight, mentor, dystopia, riot, exploration, president, prequel, survival, murder, snow, creature, battle, fight to the death, young adult, origin story, based on young adult novel, death game, teenager",100000000,337371917,23.7659,6.953,3697
321612,Beauty and the Beast,A live-action adaptation of Disney's version of the classic tale of a cursed prince and a beautiful young woman who helps him break the spell.,2017-03-16,129,en,"Family, Fantasy, Romance","france, magic, fairy tale, transformation, cartoon, castle, musical, remake, curse, creature, 18th century, beast, dark fantasy, live action and animation, live action remake, whimsical, fairy-tale adaptation",160000000,1266115964,23.2227,6.967,16180
1612018,Jackass: Best and Last,The fifth and final installment to Jackass franchise where the crew go on one last insane crusade.,2026-06-25,92,en,"Action, Comedy, Documentary","stunt, sequel, prank, hilarious, jackass",10000000,27795255,26.0263,7.5,257
1340206,Tuner,"A gifted piano tuner's meticulous skills for tuning pianos lead him to discover an unexpected aptitude for cracking safes, turning his life upside down.",2026-05-21,108,en,"Crime, Drama, Thriller","robbery, mentor, child prodigy, romance, theft, pianist, disability, headphones, tuner, piano, hearing impaired, lyrical, noise, piano tuner, safecracking, hyperacusis, medical bills, hearing condition, hearing disorder, perfect pitch",7000000,13505364,27.4299,7.607,486
412117,The Secret Life of Pets 2,"Max the terrier must cope with some major life changes when his owner gets married and has a baby. When the family takes a trip to the countryside, nervous Max has numerous run-ins with canine-intolerant cows, hostile foxes and a scary turkey. Luckily for Max, he soon catches a break when he meets Rooster, a gruff farm dog who tries to cure the lovable pooch of his neuroses.",2019-05-24,86,en,"Animation, Comedy, Family, Adventure","new york city, friendship, villain, sequel, dog, talking animal, 3d animation, animal adventure",80000000,429434163,23.5879,6.95,3425
6479,I Am Legend,"Robert Neville is a scientist who was unable to stop the spread of the terrible virus that was incurable and man-made. Immune, Neville is now the last human survivor in what is left of New York City and perhaps the world. For three years, Neville has faithfully sent out daily radio messages, desperate to find any other survivors who might be out there. But he is not alone.",2007-12-12,101,en,"Drama, Science Fiction, Thriller","new york city, saving the world, based on novel or book, dystopia, post-apocalyptic future, infection, matter of life and death, alone, helplessness, end of the world, survival, loneliness, zombie, virus, pandemic, lost civilization, pets, desperate, admiring, amused",150000000,585410052,22.8634,7.223,17357
744,Top Gun,"For Lieutenant Pete 'Maverick' Mitchell and his friend and co-pilot Nick 'Goose' Bradshaw, being accepted into an elite training school for fighter pilots is a dream come true. But a tragedy, as well as personal demons, will threaten Pete's dreams of becoming an ace pilot.",1986-05-16,110,en,"Action, Drama, Romance","dying and death, secret love, lovesickness, airplane, loss of loved one, self-discovery, hostility, fighter pilot, pilot, training camp, battle assignment, u.s. navy, cowardliness, homoeroticism, pilot school, based on magazine, newspaper or article",15000000,356830601,24.2286,7.072,9939
259316,Fantastic Beasts and Where to Find Them,"In 1926, Newt Scamander arrives at the Magical Congress of the United States of America with a magically expanded briefcase, which houses a number of dangerous creatures and their habitats. When the creatures escape from the briefcase, it sends the American wizarding authorities after Newt, and threatens to strain even further the state of magical and non-magical relations.",2016-11-16,133,en,"Fantasy, Adventure","witch, new york city, robbery, escape, teleportation, magic, suitcase, mistake, spin off, subway station, wizard, goblin, magical creature, 1920s, based on young adult novel, fantastic beasts and where to find them",180000000,809342332,22.9995,7.307,20016
929590,Civil War,"In the near future, a group of war journalists attempt to survive while reporting the truth as the United States stands on the brink of civil war.",2024-04-10,109,en,"War, Action, Drama","sniper, new york city, race against time, usa president, washington dc, usa, the white house, civil war, post-traumatic stress disorder (ptsd), war crimes, photographer, militia, journalism, dystopia, war photographer, road trip, female protagonist, soldier, fictional war, photojournalism, xenophobia, secession, secessionists, usa politics, war trauma, war journalism, charlottesville, near future, violence",50000000,126542249,23.7078,6.844,4601
746036,The Fall Guy,"Fresh off an almost career-ending accident, stuntman Colt Seavers has to track down a missing movie star, solve a conspiracy and try to win back the love of his life while still doing his day job.",2024-04-24,127,en,"Action, Comedy, Romance","sydney, australia, movie business, stuntman, missing person, aftercreditsstinger, duringcreditsstinger, action comedy, based on tv series",125000000,181073291,23.7808,6.948,4072
574475,Final Destination Bloodlines,"Plagued by a violent recurring nightmare, college student Stefanie heads home to track down the one person who might be able to break the cycle and save her family from the grisly demise that inevitably awaits them all.",2025-05-14,110,en,"Horror, Mystery","restaurant, gore, sequel, premonition, family tragedy, near-death experience, 1960s, cheating death, supernatural horror, horror, tense, amused, inevitable fate, death’s design, supernatural force, deadly premonition, domino effect",50000000,317854739,23.723,7.035,3139
168259,Furious 7,Deckard Shaw seeks revenge against Dominic Toretto and his family for his comatose brother.,2015-04-01,138,en,"Action, Crime, Thriller","car race, speed, sequel, street race, revenge, race, cars, absurd, suspenseful, admiring, excited, sympathetic",190000000,1515400000,22.2687,7.212,11508
197,Braveheart,"Enraged at the slaughter of Murron, his new bride and childhood love, Scottish warrior William Wallace slays a platoon of the local English lord's soldiers. This leads the village to revolt and, eventually, the entire country to rise up against English rule.",1995-05-24,178,en,"Drama, History, War","england, scotland, loss of loved one, idealism, based on true story, catholic, medieval, war, dramatic, powerful",72000000,213216216,23.7338,7.944,11464
640146,Ant-Man and the Wasp: Quantumania,"Super-Hero partners Scott Lang and Hope van Dyne, along with with Hope's parents Janet van Dyne and Hank Pym, and Scott's daughter Cassie Lang, find themselves exploring the Quantum Realm, interacting with strange new creatures and embarking on an adventure that will push them beyond the limits of what they thought possible.",2023-02-15,125,en,"Action, Adventure, Science Fiction","hero, superhero, ant, based on comic, sequel, alternate dimension, family, aftercreditsstinger, duringcreditsstinger, marvel cinematic universe (mcu), absurd, bewildered",200000000,476071180,24.2687,6.212,6125
490132,Green Book,"Tony Lip, a bouncer in 1962, is hired to drive pianist Don Shirley on a tour through the Deep South in the days when African Americans, forced to find alternate accommodations and services due to segregation laws below the Mason-Dixon Line, relied on a guide called The Negro Motorist Green Book.",2018-11-16,130,en,"Drama, Comedy, History","friendship, southern usa, based on true story, road trip, racism, pianist, driver, lgbt, road movie, music tour, 1960s, roadtrip, gay theme, feelgood",23000000,321752656,24.1568,8.224,13289
417859,Puss in Boots,"Long before he even met Shrek, the notorious fighter, lover and outlaw Puss in Boots becomes a hero when he sets off on an adventure with the tough and street smart Kitty Softpaws and the mastermind Humpty Dumpty to save his town. This is the true story of The Cat, The Myth, The Legend... The Boots.",2011-10-27,90,en,"Action, Adventure, Animation, Comedy, Family","small town, fairy tale, rebel, spin off, wild west, aftercreditsstinger, talking cat, pets, 3d animation, hilarious, amused, bewildered, exhilarated, farcical",130000000,554987477,22.9103,6.618,4766
402431,Wicked,"In the land of Oz, ostracized and misunderstood green-skinned Elphaba is forced to share a room with the popular aristocrat Glinda at Shiz University, and the two's unlikely friendship is tested as they begin to fulfill their respective destinies as Glinda the Good and the Wicked Witch of the West.",2024-10-16,162,en,"Drama, Romance, Fantasy","witch, dancing, based on novel or book, fairy tale, college, wish, musical, female friendship, bullying, based on play or musical, celebrity, prequel, singer, singing, corrupt politician, death in childbirth, fantasy world, wizard, gravity, discrimination, ostracism, woman in wheelchair, lyrical, musical comedy, sister sister relationship, belonging, fantasy, romantic fantasy",150000000,763963597,22.6469,6.904,3253
119450,Dawn of the Planet of the Apes,"A group of scientists in San Francisco struggle to stay alive in the aftermath of a plague that is wiping out humanity, while Caesar tries to maintain dominance over his community of intelligent apes.",2014-07-08,130,en,"Science Fiction, Action, Drama, Thriller","san francisco, california, peace, solidarity, gorilla, intelligence, dystopia, chimpanzee, horse, post-apocalyptic future, pacifism, animal attack, colony, tank, forest, sequel, woods, anthropomorphism, dam, revenge, betrayal, golden gate bridge, explosion, ape, scientist, orangutan, death, medical research, primate, dead horse, allegorical, sign languages, virus, plague, assassination attempt, shocking, aggressive, murder by gunshot, contagion, guns, soldiers, 2030s, animal human friendship, war, cgi-live action hybrid, violence against animals, war horse, depressing, bitter, bold, powerful, horse riding",170000000,710644566,20.3094,7.343,12519
1272837,28 Years Later: The Bone Temple,Dr. Kelson finds himself in a shocking new relationship - with consequences that could change the world as they know it - and Spike's encounter with Jimmy Crystal becomes a nightmare he can't escape.,2026-01-14,109,en,"Horror, Thriller, Science Fiction","england, satanism, cult, sequel, zombie, crucifix, survival horror, satanic cult, zombie apocalypse, woman director, northumberland, post-apocalyptic",63000000,58527279,25.4009,7.088,1782
61791,Rise of the Planet of the Apes,"A highly intelligent chimpanzee named Caesar has been living a peaceful suburban life ever since he was born. But when he gets taken to a cruel primate facility, Caesar decides to revolt against those who have harmed him.",2011-08-03,105,en,"Thriller, Action, Drama, Science Fiction","san francisco, california, solidarity, gorilla, intelligence, dystopia, zoo, chimpanzee, alzheimer's disease, death of father, cage, anthropomorphism, golden gate bridge, disease, ape, orangutan, medical research, primate, duringcreditsstinger, sign languages, virus, animal testing, contagion, father son relationship, animal human friendship, cgi-live action hybrid, violence against animals, meddling neighbor, medical trials",93000000,481800873,22.8873,7.354,13095
109418,Grown Ups 2,"Lenny has relocated his family back to the small town where he and his friends grew up. This time around, the grown ups are the ones learning lessons from their kids on a day notoriously full of surprises—the last day of school.",2013-07-11,101,en,Comedy,"friendship, journey in the past, cliff, past, sequel, friends, ridiculous, burpsnart",80000000,247022278,24.1859,6.2,4829
608,Men in Black II,"Kay and Jay reunite to provide our best, last and only line of defense against a sinister seductress who levels the toughest challenge yet to the MIB's untarnished mission statement – protecting Earth from the scum of the universe. It's been four years since the alien-seeking agents averted an intergalactic disaster of epic proportions. Now it's a race against the clock as Jay must convince Kay – who not only has absolutely no memory of his time spent with the MIB, but is also the only living person left with the expertise to save the galaxy – to reunite with the MIB before the earth submits to ultimate destruction.",2002-07-03,88,en,"Action, Comedy, Science Fiction","new york city, space marine, saving the world, flying saucer, undercover, secret identity, superhero, deportation, illegal immigration, new identity, firearm, light, based on comic, sequel, alien, buddy cop, fictional government agency",140000000,445135288,23.1629,6.391,10924
1481343,The Devil's Mouth,"A group of college friends' Thailand adventure turns deadly when they become trapped in submerged caves with a dangerous predator. As oxygen runs low, past conflicts emerge in their desperate fight for survival.",2026-07-29,106,en,"Horror, Thriller","cave, animal attack, thailand, survival, creature, shark, survival horror, killer shark, college friends, animal horror, frustrated, survival thriller",0,0,23.9492,6.502,802
1299655,Blue Moon,"On the evening of March 31, 1943, legendary lyricist Lorenz Hart confronts his shattered self-confidence in Sardi’s bar as his former collaborator, Richard Rodgers, celebrates the opening night of his ground-breaking hit musical, “Oklahoma!”",2025-10-17,101,en,"Music, History, Drama, Comedy","alcoholism, lyricist, lgbt, 1940s, bar, witty",0,3569263,19.6953,6.636,337
82690,Wreck-It Ralph,"Wreck-It Ralph is the 9-foot-tall, 643-pound villain of an arcade video game named Fix-It Felix Jr., in which the game's titular hero fixes buildings that Ralph destroys. Wanting to prove he can be a good guy and not just a villain, Ralph escapes his game and lands in Hero's Duty, a first-person shooter where he helps the game's hero battle against alien invaders. He later enters Sugar Rush, a kart racing game set on tracks made of candies, cookies and other sweets. There, Ralph meets Vanellope von Schweetz who has learned that her game is faced with a dire threat that could affect the entire arcade, and one that Ralph may have inadvertently started.",2012-11-01,101,en,"Family, Animation, Comedy, Adventure","video game, support group, villain, bullying, medal, product placement, jail, racing, arcade, based on video game, self esteem, curiosity, precocious child, aftercreditsstinger, duringcreditsstinger, first person shooter, glitch, carefree, interrupted wedding, social reject, escape from jail, hoverboard, 3d animation, inspirational, metaverse, admiring, amused, enthusiastic, joyful, based on game",165000000,471222889,23.3712,7.362,13342
1318621,Descendants: Wicked Wonderland,"Now that the Queen of Hearts is nice and Cinderella is safe, things seem perfect for Red and Chloe… But little do they know that changing the past created a new villain — Maddox Hatter. When Maddox captures the Queen of Hearts, Red and Chloe must work alongside Red’s new sister Pink, Luisa Madrigal’s son Luis, and Maddox’s son Max to save her and Wonderland.",2026-07-16,98,en,"Fantasy, TV Movie, Family, Adventure","musical, sequel, spin off, wonderland",0,0,25.1175,7.5,183
345887,The Equalizer 2,"Robert McCall, who serves an unflinching justice for the exploited and oppressed, embarks on a relentless, globe-trotting quest for vengeance when his former partner is murdered.",2018-07-19,121,en,"Action, Thriller, Crime","drug dealer, central intelligence agency (cia), rape, kidnapping, hostage, hurricane, sequel, revenge, murder, gang, massacre, elite forces, vigilante justice",62000000,190400157,23.3911,6.795,6173
10674,Mulan,"When Imperial China calls one man from every family to defend the empire from invading Huns, a young woman disguises herself as a soldier to take her ailing father’s place. Facing ruthless invaders, brutal training, and the risk of execution if discovered, she must decide who she truly is— and what she’s willing to fight for.",1998-06-18,88,en,"Animation, Family, Adventure","princess, daughter, china, homeland, villain, musical, sexism, training, cricket, female protagonist, dragon, east asian lead, war hero, based on song, poem or rhyme, luck, great wall of china, gender disguise, based on fairy tale, female warrior, hand drawn animation, father daughter relationship, action comedy, woman disguised as man",90000000,304320254,23.2688,7.902,10705
637,Life Is Beautiful,A touching story of an Italian book seller of Jewish ancestry who lives in his own little fairy tale. His creative and happy life would come to an abrupt halt when his entire family is deported to a concentration camp during World War II. While locked up he tries to convince his son that the whole thing is just a game.,1997-12-20,116,it,"Comedy, Drama","dying and death, bookshop, love of one's life, nazi, self sacrifice, loss of loved one, italy, riddle, mass murder, concentration camp, fascism, holocaust (shoah), world war ii, deportation, jew persecution, story teller, riding a bicycle, national socialism, dark comedy, charade, concentration camp prisoner, romcom, dark, war, nazi germany",20000000,230098753,23.9793,8.436,14271
1084199,Companion,"During a weekend getaway at a secluded lakeside estate, a group of friends finds themselves entangled in a web of secrets, deception, and advanced technology. As tensions rise and loyalties are tested, they uncover unsettling truths about themselves and the world around them.",2025-01-22,97,en,"Horror, Science Fiction, Thriller","android, artificial intelligence (a.i.), cabin, robot, boyfriend girlfriend relationship, duringcreditsstinger, robot girl, weekend getaway, human android relationship, toxic relationship, abusive relationship, malfunctioning android, robot companion, sentient machine, sci-fi horror, human vs machines, cybernetics, android horror",10000000,36869122,24.9332,7.0,2670
1038392,The Conjuring: Last Rites,Paranormal investigators Ed and Lorraine Warren take on one last terrifying case involving mysterious entities they must confront.,2025-09-03,136,en,Horror,"pennsylvania, usa, supernatural, exorcism, halloween, haunted house, sequel, priest, religion, wedding, spirit, paranormal investigation, ghost, 1980s, demonic, mirror, supernatural horror, horror",55000000,499256445,25.549,6.943,2151
11688,The Emperor's New Groove,"When the self‑absorbed Emperor Kuzco is accidentally transformed into a llama, he must rely on a humble villager to survive the jungle and reclaim his throne.",2000-12-15,78,en,"Adventure, Animation, Comedy, Family, Fantasy","central and south america, emperor, cartoon, incan empire, kids, lighthearted, animation, comedy, cartoons, amusing, llama",100000000,169327687,23.56,7.566,7477
335787,Uncharted,"A young street-smart, Nathan Drake and his wisecracking partner Victor “Sully” Sullivan embark on a dangerous pursuit of “the greatest treasure never found” while also tracking clues that may lead to Nathan’s long-lost brother.",2022-02-10,116,en,"Action, Adventure, Mystery","lighter, treasure hunt, treasure map, based on video game, lost treasure, duringcreditsstinger, missing relative",120000000,407141258,23.447,6.87,7182
45269,The King's Speech,"The King's Speech tells the story of the man who became King George VI, the father of Queen Elizabeth II. After his brother abdicates, George ('Bertie') reluctantly assumes the throne. Plagued by a dreaded stutter and considered unfit to be king, Bertie engages the help of an unorthodox speech therapist named Lionel Logue. Through a set of unexpected techniques, and as a result of an unlikely friendship, Bertie is able to find his voice and boldly lead the country into war.",2010-11-26,118,en,"Drama, History","great britain, world war ii, marriage, stutter, monarchy, palace, radio, radio transmission, royal family, biography, based on true story, death of father, speech, royalty, historical fiction, period drama, king of england, 1930s, british royal family, british monarchy, winston churchill, stammering, speech therapy, corgi, relaxed, witty",15000000,414211549,24.0092,7.7,9536
1233575,Black Bag,"When intelligence agent Kathryn Woodhouse is suspected of betraying the nation, her husband – also a legendary agent – faces the ultimate test of whether to be loyal to his marriage, or his country.",2025-03-12,94,en,"Drama, Mystery, Thriller","london, england, husband wife relationship, spy, zurich, marriage, suspicion, dinner, intelligence officer, calm, polygraph, modest",50000000,43887905,25.1785,6.373,1391
1857,The Transformers: The Movie,"The Autobots must stop a colossal planet-consuming robot who goes after the Autobot Matrix of Leadership. At the same time, they must defend themselves against an all-out attack from the Decepticons.",1986-08-08,85,en,"Animation, Science Fiction, Action, Adventure, Family","transformation, based on cartoon, based on toy, robot, taunting, war, depressing",6000000,10024103,25.9983,7.151,643
1035259,The Naked Gun,"Only one man has the particular set of skills... to lead Police Squad and save the world: Lt. Frank Drebin Jr. Following in his father's footsteps, he must solve a murder case to prevent Police Squad from closure.",2025-07-30,85,en,"Comedy, Crime, Action","sequel, slapstick comedy, spoof, reboot, aftercreditsstinger, duringcreditsstinger, action comedy, based on tv series, bumbling detective",42000000,102147396,23.1857,6.344,2001
609681,The Marvels,"When her duties send her to an anomalous wormhole linked to a Kree revolutionary, Carol's powers become entangled with that of Jersey City super-fan Kamala Khan, aka Ms. Marvel, and Carol's estranged niece, now S.A.B.E.R. astronaut Captain Monica Rambeau. Together, this unlikely trio must team up and learn to work in concert to save the universe.",2023-11-08,105,en,"Science Fiction, Adventure, Action","hero, superhero, space travel, based on comic, sequel, teenage girl, female protagonist, aftercreditsstinger, duringcreditsstinger, marvel cinematic universe (mcu), woman director, space adventure, foreboding",274800000,206136825,25.0778,5.908,3658
162,Edward Scissorhands,A small suburban town receives a visit from a castaway unfinished science experiment named Edward.,1990-12-07,105,en,"Fantasy, Drama, Romance","underdog, small town, unsociability, inventor, hairdresser, isolation, scissors, burglar, love at first sight, fairy tale, sadness, symbolism, halloween, castle, alone, flashback, tragic love, snow, gothic, told in flashback, christmas horror, artificial, hair salon, signs & wonders, love story, goth, frankenstein, topiary, tragic, suburban gothic",20000000,86024005,24.0932,7.7,14059
246655,X-Men: Apocalypse,"After the re-emergence of the world's first mutant, world-destroyer Apocalypse, the X-Men must unite to defeat his extinction level plan.",2016-05-18,144,en,"Science Fiction, Fantasy, Action","egypt, hero, superhero, mutant, based on comic, sequel, superhuman, super power, superhero team, world domination, aftercreditsstinger, 1980s, origin, appreciative",178000000,543934787,23.8835,6.528,14138
614479,Insidious: The Red Door,"To put their demons to rest once and for all, Josh Lambert and a college-aged Dalton Lambert must go deeper into The Further than ever before, facing their family's dark past and a host of new and more horrifying terrors that lurk behind the red door.",2023-07-05,107,en,"Horror, Thriller","supernatural, medium, halloween, college, sequel, evil spirit, art, demon, other dimension, father son relationship, insidious, malicious, supernatural horror, horror, sinister",16000000,189090647,23.4154,6.528,2122
772,Home Alone 2: Lost in New York,"Instead of flying to Florida with his folks, Kevin ends up alone in New York, where he gets a hotel room with his dad's credit card—despite problems from a clerk and meddling bellboy. But when Kevin runs into his old nemeses, the Wet Bandits, he's determined to foil their plans to rob a toy store on Christmas Eve.",1992-11-15,120,en,"Comedy, Family, Adventure","new york city, burglar, holiday, family relationships, sequel, slapstick comedy, little boy, home invasion, family, precocious child, home alone, mischievous child, shocking, aggressive, christmas, kids on their own, child rescue",18000000,358994850,23.3427,6.793,10923
137113,Edge of Tomorrow,"Major Bill Cage is an officer who has never seen a day of combat when he is unceremoniously demoted and dropped into combat. Cage is killed within minutes, managing to take an alpha alien down with him. He awakens back at the beginning of the same day and is forced to fight and die again... and again - as physical contact with the alien has thrown him into a time loop.",2014-05-27,114,en,"Action, Science Fiction","deja vu, based on novel or book, restart, military officer, dystopia, affectation, time travel, training, alien, time loop, soldier, alien invasion, war hero, exoskeleton, somber, anxious, soldiers, war, sentimental, adoring, defiant, dignified, earnest, 2020s",178000000,370541256,22.7983,7.643,15543
1487861,Elize: Shadows of a Woman,"In this retelling of a real case, a former escort discovers her wealthy husband's infidelity and struggles to cope as betrayal poisons their marriage.",2026-07-22,93,pt,"Thriller, Crime, Drama","biography, based on true story, real incident, true story",0,0,23.5247,7.5,216
1062722,Frankenstein,"Dr. Victor Frankenstein, a brilliant but egotistical scientist, brings a creature to life in a monstrous experiment that ultimately leads to the undoing of both the creator and his tragic creation.",2025-10-17,150,en,"Drama, Fantasy, Horror","monster, based on novel or book, supernatural, halloween, identity crisis, surgeon, mad scientist, reanimation, gothic horror, father son relationship, mother son relationship, frankenstein, excited, tragic creature, moral transgression, forbidden science, unnatural life",120000000,480678,22.7324,7.609,3885
331482,Little Women,Four sisters come of age in America in the aftermath of the Civil War.,2019-12-25,135,en,"Drama, Romance","new york city, sibling relationship, based on novel or book, massachusetts, coming of age, remake, period drama, american civil war, christmas, 19th century, sister sister relationship, female writer, 1860s, sisters, four sisters",40000000,332103783,22.3764,7.842,7016
508442,Soul,"Joe Gardner is a middle school teacher with a love for jazz music. After a successful audition at the Half Note Club, he suddenly gets into an accident that separates his soul from his body and is transported to the You Seminar, a center in which souls develop and gain passions before being transported to a newborn child. Joe must enlist help from the other souls-in-training, like 22, a soul who has spent eons in the You Seminar, in order to get back to Earth.",2020-12-25,101,en,"Animation, Family, Drama, Music, Fantasy","new york city, jazz, musician, cat, self-discovery, jazz singer or musician, teacher, nostalgic, questioning, aftercreditsstinger, duringcreditsstinger, life after death, calm, philosophical, reflective, wonder, introspective, 3d animation, inspirational, sentimental, gentle, hopeful, optimistic, sincere, pixar",150000000,121977511,21.9964,8.088,11764
270303,It Follows,A young woman is followed by an unknown supernatural force after a sexual encounter.,2015-02-04,101,en,"Horror, Mystery","beach, chase, supernatural, friends, vision, teenage girl, school, detroit, michigan, entity, evil, voyeurism, sexually transmitted disease, young adult, followed, nudity, ambiguity, psychological horror, pastiche, suspenseful, horrified",2300000,23374076,22.9993,6.582,7166
1064213,Anora,"A young sex worker from Brooklyn gets her chance at a Cinderella story when she meets and impulsively marries the son of an oligarch. Once the news reaches Russia, her fairytale is threatened as his parents set out to get the marriage annulled.",2024-10-14,139,en,"Drama, Comedy, Romance","new year's eve, new york city, marriage, boardwalk, baptism, strip club, coney island, female protagonist, mansion, class differences, las vegas, lap dance, home invasion, drunk, sexual desire, brooklyn, new york city, screwball comedy, new york subway, hedonism, immaturity, city hall, exotic dancer, sex worker, naive children, female stripping, meddling parents, annulment, sex work, strip show, russian oligarch, sex, independent film, party, female rage, vegas wedding, romantic dramedy, cinderella story, brighton beach",6000000,56286295,20.9378,7.075,3483
572802,Aquaman and the Lost Kingdom,"Black Manta seeks revenge on Aquaman for his father's death. Wielding the Black Trident's power, he becomes a formidable foe. To defend Atlantis, Arthur (Aquaman) forges an alliance with his imprisoned brother. They must protect the kingdom.",2023-12-20,124,en,"Action, Adventure, Fantasy","superhero, secret society, half-brother, sequel, revenge, dysfunctional relationship, dc extended universe (dceu), ancient evil, underwater world, vengeance, brother brother relationship",205000000,440181226,23.8461,6.496,3678
8467,Dumb and Dumber,"Lloyd and Harry are two men whose stupidity is really indescribable. When Mary, a beautiful woman, loses an important suitcase with money before she leaves for Aspen, the two friends (who have found the suitcase) decide to return it to her. After some ""adventures"" they finally get to Aspen where, using the lost money they live it up and fight for Mary's heart.",1994-12-16,107,en,Comedy,"gas station, utah, motel, stupidity, cigar smoking, road trip, pill, prank, criminal, buddy, fired from the job, clumsiness, stepparent stepchild relationship, aspen colorado, parakeet, defecation, scooter, endangered species, foolish, laxative",16000000,247275374,22.1416,6.666,6952
855,Black Hawk Down,"When U.S. Rangers and an elite Delta Force team attempt to kidnap two underlings of a Somali warlord, their Black Hawk helicopters are shot down, and the Americans suffer heavy casualties, facing intense fighting from the militia on the ground.",2001-12-28,145,en,"Action, War, History","based on novel or book, ambush, chaos, militia, prisoner of war, wound, somalia, warlord, famine, arms dealer, based on true story, delta force, gunfight, combat, us military, 1990s, helicopter crash, mogadishu, rescue operation, peacekeeper, soldiers, street shootout",92000000,172989651,22.0886,7.4,6613
140607,Star Wars: The Force Awakens,"Thirty years after defeating the Galactic Empire, Han Solo and his allies face a new threat from the evil Kylo Ren and his army of Stormtroopers.",2015-12-15,136,en,"Adventure, Action, Science Fiction","android, spacecraft, sequel, space opera, tuwaderalit",245000000,2068223624,22.2392,7.241,20946
44214,Black Swan,"A committed dancer struggles to maintain her sanity after winning the lead role in a production of Tchaikovsky's ""Swan Lake.""",2010-12-03,108,en,"Drama, Thriller, Horror","new york city, dance, nightmare, obsession, insanity, paranoia, hallucination, ballet dancer, ballet, female protagonist, psychological thriller, fear, mental illness, madness, reality vs fantasy, swan lake, ballerina, stage performance, self-harm, mother daughter relationship, self destructiveness, body horror, theater, psychological horror, suspenseful, perfectionism",13000000,329398046,23.4002,7.683,15915
809,Shrek 2,"Happily ever after never seemed so far far away when a trip to meet the in-laws turns into a hilariously twisted adventure for Shrek and Fiona. With the help of ever-faithful Donkey, Shrek takes on the potion-brewing Fairy Godmother, pompous Prince Charming, and infamous ogre-killer Puss In Boots.",2004-05-19,92,en,"Animation, Comedy, Family, Fantasy, Romance","prison, princess, magic, kingdom, fairy tale, liberation, transformation, honeymoon, prince, villain, parents-in-law, enchantment, sequel, anthropomorphism, dragon, aftercreditsstinger, ogre, fairy godmother, philosophical, complex, 3d animation, cartoon donkey, hilarious, romantic, bold, excited",150000000,932542741,21.925,7.33,13807
2048,"I, Robot","In 2035, where robots are commonplace and abide by the three laws of robotics, a technophobic cop investigates an apparent suicide. Suspecting that a robot may be responsible for the death, his investigation leads him to believe that humanity may be in danger.",2004-07-15,115,en,"Action, Science Fiction","chicago, illinois, future, man vs machine, hero, artificial intelligence (a.i.), based on novel or book, grandparent grandchild relationship, homicide, detective, dystopia, hologram, murder, robot as menace, car accident, robot, grandmother, humanity, futuristic city, robotics, humanoid robot, talking robot, self-driving car, homicide investigation, 2030s, serious, robot companion, old robot, new robot, tense",120000000,347234916,24.0696,6.973,13033
146233,Prisoners,"After his six-year-old daughter is abducted, a desperate father takes justice into his own hands when he loses faith in the detective leading the investigation, setting both men on a collision course as the search descends into obsession and moral compromise.",2013-09-19,153,en,"Drama, Thriller, Crime","pennsylvania, usa, kidnapping, detective, symbolism, investigation, father, vigilante, psychological thriller, brutality, neo-noir, search for child, child abduction, rural town, baffled, suspense mystery",46000000,122127446,21.2064,8.106,13543
135397,Jurassic World,"Twenty-two years after the events of Jurassic Park, Isla Nublar now features a fully functioning dinosaur theme park, Jurassic World, as originally envisioned by John Hammond.",2015-06-06,124,en,"Adventure, Science Fiction, Thriller","island, primal fear, escape, velociraptor, dna, tyrannosaurus rex, animal attack, sequel, dinosaur, creature, scientist, park, amusement park, theme park, genetic engineering, nostalgic, costa rica, raptor, animal horror, playful, jungle adventure, mosasaurus, excited, exhilarated",150000000,1671537444,22.9848,6.702,21941
75780,Jack Reacher,"One morning in an ordinary town, five people are shot dead in a seemingly random attack. All evidence points to a single suspect: an ex-military sniper who is quickly brought into custody. The interrogation yields one written note: 'Get Jack Reacher!'. Reacher, an enigmatic ex-Army investigator, believes the authorities have the right man but agrees to help the sniper's defense attorney. However, the more Reacher delves into the case, the less clear-cut it appears. So begins an extraordinary chase for the truth, pitting Jack Reacher against an unexpected enemy, with a skill for violence and a secret to keep.",2012-12-20,130,en,"Crime, Drama, Thriller, Action","sniper, coma, based on novel or book, detective, investigation, police chase, investigator, district attorney, defense attorney, military police, murder investigation, loner, off the grid, mass shooting, ex army, father daughter relationship, army veteran, physical evidence, fist fight, forensic evidence, gun range, random act of violence",60000000,218300000,21.1523,6.678,7882
913290,Barbarian,"In town for a job interview, a young woman arrives at her Airbnb late at night only to find that it has been mistakenly double-booked and a strange man is already staying there. Against her better judgement, she decides to stay the night anyway.",2022-08-29,103,en,"Horror, Mystery, Thriller","monster, sexual abuse, paranoia, flashback, basement, serial killer, duringcreditsstinger, paranoid, airbnb, abduction, metoo, secret room, ghoulish",4500000,45400000,22.1718,6.88,3545
338953,Fantastic Beasts: The Secrets of Dumbledore,"Professor Albus Dumbledore knows the powerful, dark wizard Gellert Grindelwald is moving to seize control of the wizarding world. Unable to stop him alone, he entrusts magizoologist Newt Scamander to lead an intrepid team of wizards and witches. They soon encounter an array of old and new beasts as they clash with Grindelwald's growing legion of followers.",2022-04-06,142,en,"Fantasy, Adventure","prison, witch, berlin, germany, magic, election campaign, affectation, sequel, curse, bhutan, lgbt, fantasy world, wizard, magical creature, 1930s, based on young adult novel, good versus evil, amused, powerful",200000000,407200000,22.1984,6.622,5270
176,Saw,"Two men wake up to find themselves shackled in a grimy, abandoned bathroom. As they struggle to comprehend their predicament, they discover a disturbing tape left behind by the sadistic mastermind known as Jigsaw. With a chilling voice and cryptic instructions, Jigsaw informs them that they must partake in a gruesome game in order to secure their freedom.",2004-10-01,103,en,"Horror, Mystery, Crime","sadism, shotgun, detective, flashback, hospital, doctor, torture, sadist, survival horror, chained, bludgeoning, death match, booby trap, disguised voice, mind game, extreme violence, death game, sadistic horror, splatter horror, blood and gore",1200000,104045735,21.2952,7.427,10362
941109,Play Dirty,"Expert thief Parker gets a shot at a major heist, but to pull it off he and his team must outsmart a South American dictator, the New York mob, and the world's richest man.",2025-09-30,128,en,"Crime, Action, Thriller","heist, thief, insecure, reflective, wonder, awestruck",2500000,0,22.2746,6.576,719
49018,Insidious,"A family discovers that dark spirits have invaded their home after their son inexplicably falls into an endless sleep. When they reach out to a professional for help, they learn things are a lot more personal than they thought.",2011-03-31,102,en,"Horror, Thriller","supernatural, medium, halloween, haunted house, evil spirit, house warming, demon, new home, aftercreditsstinger, other dimension, insidious, supernatural power, supernatural horror, horror, distressing, possessed child",1500000,100106454,24.2721,6.958,7628
296096,Me Before You,"Lou Clark, a directionless 26-year-old from the English countryside, takes a job at the local castle as a caregiver and companion to a wealthy young banker, Will Traynor. Wheelchair-bound from an accident two years prior, the once adventurous Will has all but given up — that is until Lou determines to show him that life is worth living.",2016-06-01,110,en,"Drama, Romance","depression, small town, based on novel or book, england, artist, wheelchair, romance, love, caretaker, caregiver, disabled, valentine's day, twenty something, woman director, accident, depressing",20000000,207945075,22.1575,7.9,13600
363088,Ant-Man and the Wasp,"Just when his time under house arrest is about to end, Scott Lang once again puts his freedom at risk to help Hope van Dyne and Dr. Hank Pym dive into the quantum realm and try to accomplish, against time and any chance of success, a very dangerous rescue mission.",2018-07-04,119,en,"Action, Adventure, Science Fiction","van, dreams, insect, flying, chase, fight, superhero, ant, nuclear missile, shrinking, based on comic, giant insect, sequel, flashback, house arrest, alternate dimension, tragic villain, laboratory, fugitive, school, miniaturization, montage, toy car, giant man, female villain, aftercreditsstinger, duringcreditsstinger, marvel cinematic universe (mcu), giant, action hero, father daughter relationship, mother daughter relationship",140000000,622674139,22.6545,6.894,14548
1316092,“Wuthering Heights”,"Tragedy strikes when Heathcliff falls in love with Catherine Earnshaw, a woman from a wealthy family in 18th-century England.",2026-02-11,136,en,"Romance, Drama, History","dying and death, infidelity, based on novel or book, forbidden love, grief, orphan, period drama, sexual sadism, kinky, foster child, 18th century, woman director, gothic romance, whitewashing, passion and romance, romantic drama, violence, romantic, gothic period, pettiness, period romance, sensual, steamy romance",80000000,241601072,24.0115,6.648,1368
273248,The Hateful Eight,Bounty hunters seek shelter from a raging blizzard and get caught up in a plot of betrayal and deception.,2015-12-25,188,en,"Drama, Mystery, Western","bounty hunter, wyoming, usa, narration, mountain, hangman, whodunit, stagecoach, blizzard, post civil war, 19th century, huis clos, absurd, male rape, everyone dies",44000000,155760117,21.0206,7.756,15648
74,War of the Worlds,"Ray Ferrier is a divorced dockworker and less-than-perfect father. Soon after his ex-wife and her new husband drop off his teenage son and young daughter for a rare weekend visit, a strange and powerful lightning storm touches down.",2005-06-28,117,en,"Adventure, Thriller, Science Fiction","daughter, new jersey, post-traumatic stress disorder (ptsd), airplane, based on novel or book, underground, dystopia, alien, survival, disaster, apocalypse, creature, alien invasion, human subjugation",132000000,603873119,21.813,6.574,9563
402,Basic Instinct,"Catherine, a novelist with an insatiable sexual appetite, becomes a prime suspect when her boyfriend is brutally murdered -- a crime she had described in her latest story.",1992-03-20,128,en,"Thriller, Mystery","dying and death, california, jealousy, sexual obsession, police, san francisco, california, sadism, psychopath, detective, eroticism, bisexuality, suspicion of murder, lover, striptease, celebrity, femme fatale, sociopath, dead, neo-noir, erotic thriller, manipulative woman, book writing, killed during sex, american giallo",49000000,352927224,23.0362,6.951,4551
567609,Ready or Not,A young bride's wedding night turns into her worst nightmare when her ridiculously rich in-laws force her to play a gruesome game of hide-and-seek.,2019-08-21,96,en,"Horror, Comedy","escape, ritual, marriage, satanism, gore, pact with the devil, wealth, murder, wedding, cat and mouse, game, exploding body, wedding dress, satanic cult, hostile, wonder, death game, witty, intense, exhilarated",6000000,57615777,23.1516,7.094,5908
680493,Return to Silent Hill,"When James receives a mysterious letter from his lost love Mary, he is drawn to Silent Hill—a once-familiar town now consumed by darkness. As he searches for her, James faces monstrous creatures and unravels a terrifying truth that will push him to the edge of his sanity.",2026-01-21,106,en,"Horror, Mystery","monster, wife, supernatural, letter, painter, sequel, punishment, love, survival, murder, creature, based on video game, ghost town, psychological, plot twist, psychological horror, violence, ambivalent",23000000,47976996,24.1247,5.348,854
359724,Ford v Ferrari,"American car designer Carroll Shelby and the British-born driver Ken Miles work together to battle corporate interference, the laws of physics, and their own personal demons to build a revolutionary race car for Ford Motor Company and take on the dominating race cars of Enzo Ferrari at the 24 Hours of Le Mans in France in 1966.",2019-11-13,153,en,"Drama, History, Action","based on novel or book, car race, sports, car mechanic, biography, based on true story, le mans, racing, race car driver, frantic, 1960s, motorsport",97600000,225508210,21.2857,8.008,9328
398818,Call Me by Your Name,"In the summer of 1983, a 17-year-old Elio spends his days in his family's villa in Italy. One day Oliver, a graduate student, arrives to assist Elio's father, a professor of Greco-Roman culture. Soon, Elio and Oliver discover a summer that will alter their lives forever.",2017-10-01,132,en,"Romance, Drama","based on novel or book, upper class, italy, swimming pool, coming of age, love, breaking the fourth wall, summer, teenage boy, masturbation, first love, lgbt, jewish family, 1980s, gay theme",3500000,43143046,23.0824,8.08,12963
1100782,Smile 2,"About to embark on a new world tour, global pop sensation Skye Riley begins experiencing increasingly terrifying and inexplicable events. Overwhelmed by the escalating horrors and the pressures of fame, Skye is forced to face her dark past to regain control of her life before it spirals out of control.",2024-10-16,127,en,"Horror, Mystery","drug dealer, depression, new york city, dancing, suicide, concert, nightmare, escape, musician, winter, gun, talk show, delusion, possession, hallucination, mental breakdown, gore, stalker, self-inflicted injury, addiction, sequel, drug use, flashback, singer, murder, curse, hospital, fear, corpse, scar, drugs, demon, cell phone, apartment building, guilt, pop music, self esteem, family conflict, evil, phone, injury, mental health, watching tv, text messaging, knee injury, sobriety, substance abuse, gruesome, press agent, creepy person, breakdown, unsettling, woman agent, gun fight, creepy, hospital visit, abusive mother, chronic pain, depressed woman, jump scare, self-harm, delusional, spinal injury, popstar, emotional breakdown, pain medication, smile, drug, scared, pills, supernatural horror, self destructiveness, bar, bloody, city, body horror, blood, apartment, united states of america (usa), phone message, psychological horror, nightmares, drug usage, hallucinations, public image, tour, horror, unknown number, mom, public figure, creepy faces, 2020s, going insane, iphone footage, gorefest, new york winter, taking drugs, disturbing",28000000,138128854,22.6123,6.596,2356
760104,X,"In 1979, a group of young filmmakers set out to make an adult film in rural Texas, but when their reclusive, elderly hosts catch them in the act, the cast find themselves fighting for their lives.",2022-03-17,106,en,Horror,"van, pornography, sheriff, war veteran, gas station, shotgun, 1970s, texas, alligator, porn star, serial killer, slasher, violent death, porn actress, elderly couple, farm house, isolated farmhouse, existentialism, adult filmmaking, televangelist, intimate, pastiche, compassionate",1000000,14745049,24.2363,6.704,4147
345940,The Meg,"A deep sea submersible pilot revisits his past fears in the Mariana Trench, and accidentally unleashes the seventy foot ancestor of the Great White Shark believed to be extinct.",2018-08-08,113,en,"Action, Science Fiction, Horror","beach, based on novel or book, deep sea, underwater, shark, oceanic expedition, kaiju, animal horror, underwater facility, mariana trench, megalodon, amused, frightened",150000000,530517320,20.844,6.25,8406
1402,The Pursuit of Happyness,A struggling salesman takes custody of his son as he's poised to begin a life-changing professional career.,2006-12-14,117,en,Drama,"work, worker, homeless person, single parent, san francisco, california, bus, homelessness, church service, bad luck, biography, based on true story, salesman, stockbroker, single father, inspiring story, poor, father son relationship, working life, happiness",55000000,307077295,20.441,7.882,10889
1417,Pan's Labyrinth,"In post–civil war Spain, 10-year-old Ofelia moves with her pregnant mother to live under the control of her cruel stepfather. Drawn into a mysterious labyrinth, she meets a faun who reveals that she may be a lost princess from an underground kingdom. To return to her true father, she must complete a series of surreal and perilous tasks that blur the line between reality and fantasy.",2006-10-11,118,es,"Fantasy, Drama, War","princess, army, fairy tale, resistance, servant, anti hero, franco regime (francoism), woods, cruelty, hiding, labyrinth, magic realism, dark fantasy, dark fairy tale, children in wartime, post spanish civil war, faun, horror, enchant, gloomy",19000000,83258226,22.7718,7.769,11761
1359,American Psycho,"A wealthy New York investment banking executive hides his alternate psychopathic ego from his co-workers and friends as he escalates deeper into his illogical, gratuitous fantasies.",2000-04-13,102,en,"Thriller, Drama, Crime","new york city, based on novel or book, businessman, psychopath, dark comedy, satire, wall street, serial killer, chainsaw, big city, psychological thriller, character study, white collar, harvard business school, voice imitation, 1980s, american businessman, bloody, ambiguity, psychological horror, horror, horrified, instructive",7000000,34269748,22.8949,7.401,12773
377,A Nightmare on Elm Street,"Teenagers in a small town are dropping like flies, apparently in the grip of mass hysteria causing their suicides. A cop's daughter, Nancy Thompson, traces the cause to child molester Fred Krueger, who was burned alive by angry parents many years before. Krueger has now come back in the dreams of his killers' children, claiming their lives as his revenge. Nancy and her boyfriend, Glen, must devise a plan to lure the monster out of the realm of nightmares and into the real world...",1984-11-09,91,en,Horror,"dreams, nightmare, psychopath, sleep, child murder, supernatural, halloween, ohio, murder, slasher, trapped, alcoholic, boiler room, booby trap, disfigurement, medical test, nightmare becomes reality, caffeine, shocking, vexed, frantic, grim, desperate, anxious, supernatural horror, suspenseful, frightened, suburban gothic",1800000,57004513,19.422,7.355,5956
177677,Mission: Impossible - Rogue Nation,"Ethan and team take on their most impossible mission yet—eradicating 'The Syndicate', an International and highly-skilled rogue organization committed to destroying the IMF.",2015-07-28,131,en,"Action, Adventure","mask, mission, assassin, london, england, spy, morocco, villain, fake identity, austria, europe, double agent, sequel, secret government organization, conspiracy, infiltration, mi6, mole, vienna, austria, british prime minister, vienna opera, fictional government agency, british intelligence, government agency, based on tv series",150000000,682716636,18.9572,7.227,9967
598,City of God,"In the poverty-stricken favelas of Rio de Janeiro in the 1970s, two young men choose different paths. Rocket is a budding photographer who documents the increasing drug-related violence of his neighborhood, while José “Zé” Pequeno is an ambitious drug dealer diving into a dangerous life of crime.",2002-08-30,129,pt,"Drama, Crime","police brutality, street gang, photographer, gangster, journalism, rio de janeiro, gang war, ghetto, based on true story, coming of age, favela, extreme violence, brazil, introspective, baile funk, thrilling, gang rivalry, 60s, cidade de deus",3300000,30641770,20.6977,8.426,8476
198184,Chappie,"Every child comes into the world full of promise, and none more so than Chappie: he is gifted, special, a prodigy. Like any child, Chappie will come under the influence of his surroundings—some good, some bad—and he will rely on his heart and soul to find his way in the world and become his own man. But there's one thing that makes Chappie different from any one else: he is a robot.",2015-03-04,120,en,"Crime, Action, Science Fiction","future, android, artificial intelligence (a.i.), dystopia, johannesburg, south africa, robot, robot cop, cyber thriller",49000000,104399548,20.9221,6.8,8689
15512,Monsters vs Aliens,"When Susan Murphy is unwittingly clobbered by a meteor full of outer space gunk on her wedding day, she mysteriously grows to 49-feet-11-inches. The military jumps into action and captures Susan, secreting her away to a covert government compound. She is renamed Ginormica and placed in confinement with a ragtag group of Monsters...",2009-03-19,94,en,"Animation, Family, Adventure, Science Fiction","monster, villain, alien, giant robot, aftercreditsstinger, duringcreditsstinger, 3d animation, 3d, witty",175000000,381509870,20.9129,6.272,5141
423,The Pianist,"The true story of pianist Władysław Szpilman's experiences in Warsaw during the Nazi occupation. When the Jews of the city find themselves forced into a ghetto, Szpilman finds work playing in a café; and when his family is deported in 1942, he stays behind, works for a while as a laborer, and eventually goes into hiding in the ruins of the war-torn city.",2002-09-17,150,en,"Drama, War","concert, nazi, resistance, warsaw ghetto, polish resistance, homeland, holocaust (shoah), hunger, world war ii, prisoner of war, ghetto, deportation, jew persecution, liberation, biography, based on true story, survival, tragedy, based on memoir or autobiography, pianist, poland, tearjerker, angry, complex",35000000,120098945,21.0323,8.371,10475
550988,Free Guy,"A bank teller discovers he is actually a background player in an open-world video game, and decides to become the hero of his own story. Now, in a world where there are no limits, he is determined to be the guy who saves his world his way before it's too late.",2021-08-11,115,en,"Comedy, Adventure, Science Fiction","hero, artificial intelligence (a.i.), video game, virtual reality, gun, code, gamer, bank robbery, bank teller, programmer, mmorpg, virtual game, heroic, vrmmo",110000000,331526598,22.8307,7.433,10205
333339,Ready Player One,"When the creator of a popular video game system dies, a virtual contest is created to compete for his fortune.",2018-03-28,140,en,"Adventure, Action, Science Fiction","future, based on novel or book, video game, virtual reality, dystopia, nostalgia, love, film in film, evil corporation, quest, 1980s, 2040s, based on young adult novel, virtual game, columbus, ohio, dreary, gloomy, vrmmo",175000000,607274134,21.4571,7.586,17396
120467,The Grand Budapest Hotel,"The Grand Budapest Hotel tells of a legendary concierge at a famous European hotel between the wars and his friendship with a young employee who becomes his trusted protégé. The story involves the theft and recovery of a priceless Renaissance painting, the battle for an enormous family fortune and the slow and then sudden upheavals that transformed Europe during the first half of the 20th century.",2014-02-26,100,en,"Comedy, Drama","hotel, painting, wartime, eastern europe, author, gunfight, theft, period drama, bellhop  , mentor protégé relationship, european, hotel lobby, renaissance painting, 1960s, 1930s, hilarious",30000000,174600318,21.2557,8.025,16537
56292,Mission: Impossible - Ghost Protocol,"Ethan Hunt and his team are racing against time to track down a dangerous terrorist named Hendricks, who has gained access to Russian nuclear launch codes and is planning a strike on the United States. An attempt to stop him ends in an explosion causing severe destruction to the Kremlin and the IMF to be implicated in the bombing, forcing the President to disavow them. No longer being aided by the government, Ethan and his team chase Hendricks around the globe, although they might still be too late to stop a disaster.",2011-12-07,133,en,"Action, Thriller, Adventure","mask, assassin, budapest, hungary, skyscraper, secret intelligence service, sandstorm, seattle, washington, satellite, fake identity, mumbai (bombay), india, car crash, sequel, prison escape, dubai, secret government organization, infiltration, billionaire, terrorism, disguise, bombing, nuclear threat, undercover operation, fictional government agency, moscow, russia, clandestine, analyst, government agency, nuclear submarine, based on tv series",145000000,694713380,21.5948,7.117,11029
194,Amélie,"At a tiny Parisian café, the adorable yet painfully shy Amélie accidentally discovers a gift for helping others. Soon Amelie is spending her days as a matchmaker, guardian angel, and all-around do-gooder. But when she bumps into a handsome stranger, will she find the courage to become the star of her very own love story?",2001-04-25,122,fr,"Comedy, Romance","daughter, paris, france, love triangle, photography, ghost train, sex shop, shyness, journey around the world, postcard, romcom, hypochondriac, romance, cafe, kindness, magic realism, child's point of view, nostalgic, montmartre, paris, neighbor neighbor relationship, father daughter relationship, loving, happy ending, childhood memory, lighthearted",10000000,173921954,20.996,7.92,12679
577922,Tenet,"Armed with only one word - Tenet - and fighting for the survival of the entire world, the Protagonist journeys through a twilight world of international espionage on a mission that will unfold in something beyond real time.",2020-08-22,150,en,"Action, Thriller, Science Fiction","assassin, espionage, spy, time travel, mumbai (bombay), india, arms dealer, terrorism, terrorist attack, nuclear weapons, terrorist plot, backwards, alternate timeline, oslo, norway, time paradox, kyiv (kiev), ukraine, ambivalent",205000000,365304105,18.9606,7.172,11558
474350,It Chapter Two,"27 years after overcoming the malevolent supernatural entity Pennywise, the former members of the Losers' Club, who have grown up and moved away from Derry, are brought back together by a devastating phone call.",2019-09-04,169,en,"Horror, Thriller, Drama","suicide, based on novel or book, halloween, haunted house, clown, carnival, sequel, maine, creature, fear, lgbt, 1980s, grim, ancient evil, creepy house, 2010s, loss of a friend, ambiguous, amused, frightened, gloomy",79000000,473123154,22.9353,6.827,9871
76492,Hotel Transylvania,"Welcome to Hotel Transylvania, Dracula's lavish five-stake resort, where monsters and their families can live it up and no humans are allowed. One special weekend, Dracula has invited all his best friends to celebrate his beloved daughter Mavis's 118th birthday. For Dracula catering to all of these legendary monsters is no problem but the party really starts when one ordinary guy stumbles into the hotel and changes everything!",2012-09-20,91,en,"Animation, Comedy, Family, Fantasy","hotel, witch, vampire, halloween, romance, love, zombie, invisible person, duringcreditsstinger, nosferatu, protective father, magical creature, philosophical, father daughter relationship, 3d animation",85000000,358375603,22.7999,6.971,9379
792307,Poor Things,"Brought back to life by an unorthodox scientist, a young woman runs off with a lawyer on a whirlwind adventure across the continents. Free from the prejudices of her times, she grows steadfast in her purpose to stand for equality and liberation.",2023-12-07,141,en,"Science Fiction, Romance, Comedy","ship, london, england, experiment, paris, france, based on novel or book, obsession, lisbon, portugal, crooked lawyer, love, domestic abuse, female protagonist, doctor, prostitution, cruelty, scientist, masturbation, disfigured face, sexual awakening, exploring sexuality, sex worker, female empowerment, female sexuality, brain transplant, absurdism, spousal abuse, women's liberation, alexandria egypt, victorian era, quest for identity, frankenstein, body horror, amused, melodramatic, wry",35000000,117607117,27.2454,7.631,5776
87,Indiana Jones and the Temple of Doom,"After arriving in India, Indiana Jones is asked by a desperate village to find a mystical stone. He agrees – and stumbles upon a secret cult plotting a terrible plan in the catacombs of an ancient palace.",1984-05-23,118,en,"Adventure, Action","treasure, skeleton, wind, elephant, heart, riddle, crocodile, bridge, treasure hunt, sequel, prequel, torture, india, monkey, archaeologist, conveyor belt, child driving car, mine car, rope bridge, splits, adventurer, archeology, 1930s, excited, exhilarated",28000000,333000000,22.3753,7.309,10401
311,Once Upon a Time in America,"A former Prohibition-era Jewish gangster returns to the Lower East Side of Manhattan over thirty years later, where he once again must confront the ghosts and regrets of his old life.",1984-05-23,139,en,"Drama, Crime","new york city, regret, lovesickness, rape, life and death, sexual abuse, street gang, corruption, based on novel or book, prohibition era, gangster, sadistic, money laundering, opium, mafia boss, murder, memory, jewish american, torture, brooklyn bridge, childhood friends, aggressive, 1920s, 1960s, 1930s",30000000,5500000,20.324,8.4,6229
273481,Sicario,An idealistic FBI agent is enlisted by a government task force to aid in the escalating war against drugs at the border area between the U.S. and Mexico.,2015-09-17,122,en,"Action, Crime, Thriller","mission, assassin, central intelligence agency (cia), mexico, corruption, bomb, fbi, smoking, texas, border, manipulation, cynicism, revenge, murder, dirty cop, brutality, drugs, special forces, interrogation, desert, surveillance, blunt, night vision, death of daughter, moral dilemma, neo-noir, death of wife, mexican cartel, reflective, serious, secret tunnel, dramatic, violence, suspenseful, intense, awestruck, powerful, juárez, mexico",30000000,84997446,19.6688,7.43,9904
423108,The Conjuring: The Devil Made Me Do It,"Paranormal investigators Ed and Lorraine Warren encounter what would become one of the most sensational cases from their files. The fight for the soul of a young boy takes them beyond anything they'd ever seen before, to mark the first time in U.S. history that a murder suspect would claim demonic possession as a defense.",2021-05-25,111,en,"Horror, Mystery, Thriller","supernatural, exorcism, halloween, connecticut, sequel, paranormal investigation, 1980s, religious horror, intense",39000000,206444123,22.1559,7.336,6724
141052,Justice League,"Fuelled by his restored faith in humanity and inspired by Superman's selfless act, Bruce Wayne and Diana Prince assemble a team of metahumans consisting of Barry Allen, Arthur Curry and Victor Stone to face the catastrophic threat of Steppenwolf and the Parademons who are on the hunt for three Mother Boxes on Earth.",2017-11-15,120,en,"Action, Adventure, Science Fiction","superhero, based on comic, super power, superhero team, aftercreditsstinger, duringcreditsstinger, dc extended universe (dceu)",300000000,661326987,22.405,6.065,13971
447277,The Little Mermaid,"The youngest of King Triton’s daughters, and the most defiant, Ariel longs to find out more about the world beyond the sea, and while visiting the surface, falls for the dashing Prince Eric. With mermaids forbidden to interact with humans, Ariel makes a deal with the evil sea witch, Ursula, which gives her a chance to experience life on land, but ultimately places her life – and her father’s crown – in jeopardy.",2023-05-18,135,en,"Adventure, Family, Fantasy, Romance","witch, mermaid, musical, based on fairy tale, live action remake, adoring",297000000,569626289,20.8792,6.249,3422
106,Predator,A team of elite commandos on a secret mission in a Central American jungle come to find themselves hunted by an extraterrestrial warrior.,1987-06-12,107,en,"Science Fiction, Action, Adventure, Thriller","guerrilla warfare, central and south america, predator, trap, alien, survival, stalking, creature, alien invasion, invisible, commando, aggressive, prey, violence, suspenseful, assertive",15000000,98267558,21.4462,7.583,9540
438695,Sing 2,"Buster and his new cast now have their sights set on debuting a new show at the Crystal Tower Theater in glamorous Redshore City. But with no connections, he and his singers must sneak into the Crystal Entertainment offices, run by the ruthless wolf mogul Jimmy Crystal, where the gang pitches the ridiculous idea of casting the lion rock legend Clay Calloway in their show. Buster must embark on a quest to find the now-isolated Clay and persuade him to return to the stage.",2021-12-01,110,en,"Animation, Comedy, Family, Music","wolf, stage, villain, musical, sequel, anthropomorphism, singing, thug, animals, villain arrested, talking animal, 3d animation, jukebox musical, suspenseful, appreciative, approving, enthusiastic",85000000,408402685,21.031,7.831,4912
270946,Penguins of Madagascar,"Skipper, Kowalski, Rico and Private join forces with undercover organization The North Wind to stop the villainous Dr. Octavius Brine from destroying the world as we know it.",2014-11-22,92,en,"Family, Animation, Adventure, Comedy","rescue, wolf, octopus, spy, zoo, penguin, cartoon, villain, madagascar, anthropomorphism, revenge, spin off, animals, aftercreditsstinger, duringcreditsstinger, talking animal, 3d animation",132000000,373515621,21.9682,6.548,4590
128,Princess Mononoke,"Ashitaka, a prince of the disappearing Emishi people, is cursed by a demonized boar god and must journey to the west to find a cure. Along the way, he encounters San, a young human woman fighting to protect the forest, and Lady Eboshi, who is trying to destroy it. Ashitaka must find a way to bring balance to this conflict.",1997-07-12,134,ja,"Adventure, Fantasy, Animation","friendship, human vs nature, wolf, fight, wild boar, territory, leprosy, feral child, decapitation, rural area, historical fiction, spirit, demon, nature, environmentalism, adult animation, deforestation, anime, thoughtful, philosophical, industrialization, fantasy, adventure",20000000,231379818,23.4163,8.322,9322
507089,Five Nights at Freddy's,"Recently fired and desperate for work, a troubled young man named Mike agrees to take a position as a night security guard at an abandoned theme restaurant: Freddy Fazbear's Pizzeria. But he soon discovers that nothing at Freddy's is what it seems.",2023-10-25,110,en,"Horror, Thriller","night shift, child murder, restaurant, custody battle, child in peril, security guard, based on video game, evil child, duringcreditsstinger, troubled past, child neglect, haunted attractions, animatronic, abandoned building, brother sister relationship, supernatural horror, child abduction, cliché, conceited, horrified, vibrant, android horror, animatronic band",20000000,297242145,21.6786,7.27,5206
1156593,Your Fault,The love between Noah and Nick seems unwavering despite their parents' attempts to separate them. But his job and her entry into college open up their lives to new relationships that will shake the foundations of both their relationship and the Leister family itself.,2024-12-26,117,es,"Drama, Romance","based on novel or book, suicide attempt, sequel, mental health, romantic drama",0,0,22.1541,7.1,1630
269955,Obsessed,"A secret, passionate affair happens in the summer of 1969 between Colonel Jin Pyeong, trapped in a loveless marriage with Soo Jin, and Jong Ga Heun, the Chinese-Korean wife of Captain Kyung Woo Jin.",2014-05-14,132,ko,"Drama, Romance","vietnam war, military base, love affair, 1960s, korean army",0,0,21.4438,6.7,84
829557,365 Days: This Day,"Laura and Massimo are back and hotter than ever. But the reunited couple's new beginning is complicated by Massimo’s family ties and a mysterious man who enters Laura’s life to win her heart and trust, at any cost.",2022-04-26,110,pl,"Romance, Drama","gangster, sequel, bdsm, rich man poor woman, sex, erotique",0,0,22.4783,5.9,1877
616,The Last Samurai,"Nathan Algren is an American hired to instruct the Japanese army in the ways of modern warfare, which finds him learning to respect the samurai and the honorable principles that rule them. Pressed to destroy the samurai's way of life in the name of modernization and open trade, Algren decides to become an ultimate warrior himself and to fight for their right to exist.",2003-12-05,154,en,"Drama, Action, War","japan, samurai, swordplay, general, sense of guilt, war veteran, sword, war crimes, loss of loved one, self-discovery, arms deal, homeland, katana, emperor, language barrier, mountain village, foreign legion, insurgence, mercenary, campaign, war strategy, gettysburg, slaughter, soldier, period drama, alcoholic, u.s. soldier, japanese army, warrior, meditative, 19th century, war trauma, racial harmony, inspirational, celebratory, cultural pride, going native",140000000,456800000,20.6433,7.61,7797
420818,The Lion King,"Simba idolizes his father, King Mufasa, and takes to heart his own royal destiny. But not everyone in the kingdom celebrates the new cub's arrival. Scar, Mufasa's brother—and former heir to the throne—has plans of his own. The battle for Pride Rock is ravaged with betrayal, tragedy and drama, ultimately resulting in Simba's exile. With help from a curious pair of newfound friends, Simba will have to figure out how to grow up and take back what is rightfully his.",2019-07-12,118,en,"Adventure, Drama, Family, Animation","africa, lion, prince, redemption, musical, uncle, remake, grief, king, family, sidekick, live action and animation, father son relationship, live action remake",260000000,1662020819,22.5918,7.089,10922
573435,Bad Boys: Ride or Die,"After their late former Captain is framed, Lowrey and Burnett try to clear his name, only to end up on the run themselves.",2024-06-05,116,en,"Action, Comedy, Crime","miami, florida, sequel, police headquarter, on the run, police detective, buddy cop, buddy comedy, aftercreditsstinger, police manhunt, high-speed chase, adrenaline, criminal hideout, public scandal, wrongful accusation",100000000,404547819,20.6573,7.312,3481
953,Madagascar,Four animal friends get a taste of the wild life when they break out of captivity at the Central Park Zoo and wash ashore on the island of Madagascar.,2005-05-25,86,en,"Adventure, Animation, Comedy, Family","friendship, island, escape, africa, lion, zoo, hippopotamus, giraffe, penguin, cartoon, villain, zebra, slapstick comedy, madagascar, animals, lemur, escaped animal, talking animal, 3d animation, witty",75000000,542064525,20.9616,6.933,12039
510,One Flew Over the Cuckoo's Nest,"A petty criminal fakes insanity to serve his sentence in a mental ward rather than prison. He soon finds himself as a leader to the other patients—and an enemy to the cruel, domineering nurse who runs the ward.",1975-11-19,135,en,Drama,"mentally disabled, friendship, based on novel or book, nurse, lunatic asylum, affectation, insane asylum, oregon, usa, hospital, medication, female villain, shock treatment, medical drama, psychological drama, brisk, derisive, informative",3000000,108981275,21.7565,8.405,11796
1151031,Bring Her Back,"Following the death of their father, a brother and sister are sent to live with a foster mother, only to learn that she is hiding a terrifying secret.",2025-05-19,104,en,Horror,"sibling relationship, ritual, supernatural, death of father, grief, death, death of daughter, angry, aggressive, folk horror, foster mom, blind child, supernatural horror, gaslighting, body horror, horror",15000000,39410222,20.786,7.326,1972
1124620,The Monkey,"When twin brothers find a mysterious wind-up monkey, a series of outrageous deaths tear their family apart. Twenty-five years later, the monkey begins a new killing spree forcing the estranged brothers to confront the cursed toy.",2025-02-10,97,en,"Horror, Comedy","sibling relationship, shotgun, supernatural, drums, harpoon, dark comedy, gore, twin brother, maine, decapitation, accidental death, wasp, monkey, exploding body, death, evil, evil twin, based on short story, macabre, dual role, aftercreditsstinger, cursed, 1990s, father son relationship, mother son relationship, brother brother relationship, toy monkey, supernatural horror, toy, body horror, cursed object, horror, japanese restaurant, father son estrangement",10000000,68871071,23.6751,5.985,1466
9323,Ghost in the Shell,"In the year 2029, the barriers of our world have been broken down by the net and by cybernetics, but this brings new vulnerability to humans in the form of brain-hacking. When a highly-wanted hacker known as 'The Puppetmaster' begins involving them in politics, Section 9, a group of cybernetically enhanced cops, are called in to investigate and stop the Puppetmaster.",1995-11-18,83,ja,"Action, Animation, Science Fiction","android, man vs machine, artificial intelligence (a.i.), computer virus, cyborg, dystopia, implantat, fugitive, female protagonist, cyberpunk, transhumanism, based on manga, adult animation, tech noir, mysterious, anime, philosophical, intense",3000000,10000000,22.0658,7.9,4069
44912,Green Lantern,"For centuries, a small but powerful force of warriors called the Green Lantern Corps has sworn to keep intergalactic order. Each Green Lantern wears a ring that grants him superpowers. But when a new enemy called Parallax threatens to destroy the balance of power in the Universe, their fate and the fate of Earth lie in the hands of the first human ever recruited.",2011-06-14,114,en,"Adventure, Action, Science Fiction","superhero, transformation, based on comic, alien, alien infection, magical object, protector, based on graphic novel, super power",200000000,219851172,20.832,5.201,7878
629,The Usual Suspects,"Held in an L.A. interrogation room, Verbal Kint attempts to convince the feds that a mythic crime lord, Keyser Soze, not only exists, but was also responsible for drawing him and his four partners into a multi-million dollar heist that ended with an explosion in San Pedro harbor – leaving few survivors. Verbal lures his interrogators with an incredible story of the crime lord's almost supernatural prowess.",1995-07-19,106,en,"Drama, Crime, Thriller","new york city, robbery, relatives, heist, flashback, police corruption, whodunit, los angeles, california, theft, criminal, criminal mastermind, cargo ship, mind game, neo-noir, mystery villain, intense, excited, rashomon effect",6000000,23300000,21.4916,8.163,11782
122906,About Time,"The night after another unsatisfactory New Year's party, Tim's father reveals to him that the men in their family have the ability to travel through time. They can't change history, but they can change what happens and has happened in their own lives. Thus begins the start of a lesson in learning to appreciate life itself as it is, as it comes, and most importantly, the people living alongside us.",2013-06-27,123,en,"Drama, Romance, Fantasy","london, england, soulmates, parent child relationship, time travel, family secrets, cornwall, england, family, second chance, time-manipulation, reflective, playful, introspective, intimate, whimsical, admiring, adoring, appreciative, celebratory, comforting, compassionate, exuberant, hopeful, viajes en el tiempo, viaje en el tiempo",12000000,87100449,21.1617,7.901,9532
630,The Wizard of Oz,"Young Dorothy finds herself in a magical world where she makes friends with a lion, a scarecrow and a tin man as they make their way along the yellow brick road to talk with the Wizard and ask for the things they miss most in their lives. The Wicked Witch of the West is the only thing that could stop them.",1939-08-21,102,en,"Adventure, Fantasy, Family","witch, adolescence, dreams, based on novel or book, secret identity, lion, tornado, twister, scarecrow, villain, musical, kansas, usa, imaginary land, cowardliness, monkey, female villain, fantasy world, wizard, hourglass, quest, red shoes, based on young adult novel, tin man, inspirational, admiring, exuberant, trying to get home",2777000,33754967,21.7632,7.6,6300
950,Ice Age: The Meltdown,"Diego, Manny and Sid return in this sequel to the hit animated movie Ice Age. This time around, the deep freeze is over, and the ice-covered earth is starting to melt, which will destroy the trio's cherished valley. The impending disaster prompts them to reunite and warn all the other beasts about the desperate situation.",2006-03-29,91,en,"Animation, Family, Comedy, Adventure","mammoth, sloth, ice age, barrier ice, ice melting, iceberg, villain, flooding, deluge, lovers, sequel, saber-toothed tiger, 3d animation",80000000,660998756,22.476,6.728,10565
439079,The Nun,A priest with a dark past and a novice nearing her final vows are sent by the Vatican to Romania to investigate a nun's death and face a demonic force.,2018-09-05,96,en,Horror,"rome, italy, nun, supernatural, exorcism, halloween, father, priest, spirit, demon, spin off, evil nun, demonic possession, romania, murder mystery, ancient evil",22000000,366082797,21.6108,5.9,7324
10882,Sleeping Beauty,"Cursed to die by the evil fairy Maleficent when she was a baby, Princess Aurora is sent into hiding under protection from three good fairies. As she grows up far away, Maleficent becomes increasingly determined to seal the princess's fate.",1959-02-17,75,en,"Fantasy, Animation, Romance, Family","witch, princess, magic, kingdom, fairy tale, sleep, fairy, cartoon, prince, castle, villain, kiss, knight, dragon, dungeon, female villain, based on fairy tale, comforting, sleeping beauty, technirama",6000000,51600000,20.6095,6.946,5585
47971,xXx: Return of Xander Cage,"Xander Cage is left for dead after an incident, though he secretly returns to action for a new, tough assignment with his handler Augustus Gibbons.",2017-01-13,107,en,"Action, Adventure, Crime","airplane, tattoo, spy, extreme sports, parachute, secret agent, swimming pool, sequel, back from the dead, dominican republic, frantic, free fall, intense",85000000,346118277,22.1602,6.128,9337
291805,Now You See Me 2,"One year after outwitting the FBI and winning the public’s adulation with their mind-bending spectacles, the Four Horsemen resurface only to find themselves face to face with a new enemy who enlists them to pull off their most dangerous heist yet.",2016-06-02,129,en,"Crime, Thriller","prison, new york city, magic, kidnapping, fbi, card trick, secret society, hypnosis, illusion, twin brother, sequel, heist, revenge, vigilante, on the run, fake death, macau, perception, illusionist, secrecy, illusionism, debunker, sleight of hand, fbi agent, intense, cheerful",120000000,334897606,19.9885,6.822,11832
1321008,Black Box,"A routine domestic flight turns into the flight from hell through a series of inexplicable phenomena and raw terror. Surreal encounters blur the boundaries between reality and nightmare. Passengers fight against all the odds in an attempt to survive while combating bizarre technological malfunctions, accelerating supernatural events and alien influences.",2026-06-25,85,en,"Horror, Thriller","airplane, supernatural, airplane trip",1000000,224611,22.4061,6.0,92
320288,Dark Phoenix,"The X-Men face their most formidable and powerful foe when one of their own, Jean Grey, starts to spiral out of control. During a rescue mission in outer space, Jean is nearly killed when she's hit by a mysterious cosmic force. Once she returns home, this force not only makes her infinitely more powerful, but far more unstable. The X-Men must now band together to save her soul and battle aliens that want to use Grey's new abilities to rule the galaxy.",2019-06-05,114,en,"Science Fiction, Action, Adventure","superhero, mutant, telekinesis, based on comic, sequel, prequel, superhero team, hostile, 1990s, cosmic, excited",200000000,252442974,20.491,5.959,7321
282035,The Mummy,"Though safely entombed in a crypt deep beneath the unforgiving desert, an ancient queen whose destiny was unjustly taken from her is awakened in our current day, bringing with her malevolence grown over millennia, and terrors that defy human comprehension.",2017-06-06,110,en,"Fantasy, Thriller, Action, Adventure, Horror","egypt, monster, supernatural, mummy, halloween, remake, tomb, egyptian mythology, dark universe",125000000,409231607,23.6585,5.521,7806
18239,The Twilight Saga: New Moon,"Forks, Washington resident Bella Swan is reeling from the departure of her vampire love, Edward Cullen, and finds comfort in her friendship with Jacob Black, a werewolf. But before she knows it, she's thrust into a centuries-old conflict, and her desire to be with Edward at any cost leads her to take greater and greater risks.",2009-11-18,131,en,"Adventure, Fantasy, Drama, Romance","moon, based on novel or book, vampire, sequel, teen movie, werewolf, interspecies romance, based on young adult novel, supernatural power, good versus evil, vampire human love, cliché",50000000,709827462,21.6159,5.983,9917
591,The Da Vinci Code,"A murder in Paris’ Louvre Museum and cryptic clues in some of Leonardo da Vinci’s most famous paintings lead to the discovery of a religious mystery. For 2,000 years a secret society closely guards information that — should it come to light — could rock the very foundations of Christianity.",2006-05-17,149,en,"Thriller, Mystery","paris, france, based on novel or book, holy grail, christianity, monk, secret society, louvre museum, grave, heresy, mona lisa (la gioconda), freemason, pentagram, melancholy, conspiracy, tomb, mourning, catholicism, cryptologist, iconography, albino, sect, meditative, vexed, somber, philosophical, reflective, wonder, loving, introspective, serene, irreverent, intimate, dramatic, romantic, appreciative, commanding, dignified, earnest, euphoric, exhilarated, gentle, hopeful, modest, optimistic, powerful, sincere, sympathetic, tragic",125000000,760006945,21.2054,6.736,10337
8392,My Neighbor Totoro,"Two sisters move to the country with their father in order to be closer to their hospitalized mother, and discover the surrounding trees are inhabited by Totoros, magical spirits of the forest. When the youngest runs away from home, the older sister seeks help from the spirits to find her.",1988-04-16,86,ja,"Fantasy, Animation, Family","mother, sibling relationship, village, leave, rural area, hospital, new neighbor, new home, super power, magical creature, anime, magical realism",3700000,41000000,21.1643,8.1,9107
316029,The Greatest Showman,"The story of American showman P.T. Barnum, founder of the circus that became the famous traveling Ringling Bros. and Barnum & Bailey Circus.",2017-12-20,105,en,Drama,"adultery, circus, musical, biography, rags to riches, based on true story, outcast, singing, social outcast, dreamer, freak show, social prejudice, absurd, amused, cliché, complicated, showman, oddity",84000000,459066134,21.1573,7.853,10253
245891,John Wick,Ex-hitman John Wick comes out of retirement to track down the gangsters that took everything from him.,2014-10-16,101,en,"Action, Thriller","hitman, bratva (russian mafia), gangster, secret organization, revenge, murder, dog, retired, widower",20000000,86085191,21.1101,7.464,21385
297762,Wonder Woman,An Amazon princess comes to the world of Man in the grips of the First World War to confront the forces of evil and bring an end to human conflict.,2017-05-30,141,en,"Action, Adventure, Fantasy","island, hero, strong woman, world war i, empowerment, superhero, feminism, greek mythology, based on comic, female protagonist, period drama, super power, heroine, woman director, female empowerment, 1910s, dc extended universe (dceu)",149000000,823970682,21.1066,7.201,21235
324852,Despicable Me 3,Gru and his wife Lucy must stop former '80s child star Balthazar Bratt from achieving world domination.,2017-06-15,90,en,"Action, Animation, Comedy, Family, Adventure","prison, villain, twin brother, sequel, jail, 3d animation, apologetic, appreciative, enthusiastic",80000000,1034800131,21.0961,6.468,7806
1698856,Master of the Universe,"A young man must use his untapped powers to fight back against an evil alien and their army, who will stop at nothing to take over Earth and then the universe.",2026-05-22,81,en,"Science Fiction, Action, Fantasy","based on toy, mockbuster, bewildered",0,0,20.9775,5.1,87
1305781,Blades of the Guardians,"Dao Ma, the ""second most wanted fugitive,"" is entrusted by his benefactor, the chief of Mo family clan, to take on a mysterious escort mission-escorting the ""most wanted fugitive"" to Chang'an.",2026-02-17,126,zh,"Action, Adventure","martial arts, bounty hunter, nostalgic, wuxia, historical drama, historical epic, a.d. anno domini, based on manhua, grand, dramatic",123000000,203356793,20.9349,8.2,239
2105,American Pie,"At a high-school party, four friends find that losing their collective virginity isn't as easy as they had thought. But they still believe that they need to do so before college. To motivate themselves, they enter a pact to all ""score"" by their senior prom.",1999-07-09,95,en,"Comedy, Romance","innocence, graduation, loss of virginity, coming of age, high school student, pie, teen comedy, teenage sexuality, exchange student, sex comedy, voyeurism, virginity, laxative, prom night, teenager",11000000,235483004,20.9269,6.618,8575
870028,The Accountant²,"When an old acquaintance is murdered, Wolff is compelled to solve the case. Realizing more extreme measures are necessary, Wolff recruits his estranged and highly lethal brother, Brax, to help. In partnership with Marybeth Medina, they uncover a deadly conspiracy, becoming targets of a ruthless network of killers who will stop at nothing to keep their secrets buried.",2025-04-23,133,en,"Mystery, Crime, Thriller","hitman, autism, sequel, conspiracy, whodunit, insecure, accountant, mysterious death, brother brother relationship, grand, incredulous, excited, hum",80000000,103223366,20.9186,7.082,1955
4247,Scary Movie,"A familiar-looking group of teenagers find themselves being stalked by a more-than-vaguely recognizable masked killer! As the victims begin to pile up and the laughs pile on, none of your favorite scary movies escape the razor-sharp satire of this outrageously funny parody!",2000-07-07,88,en,Comedy,"high school, psychopath, garage, satire, parody, crude humor, spoof, slasher, horror spoof, drugs, aftercreditsstinger, weed, horror parody, absurd, whimsical, enthusiastic",19000000,278023280,20.9075,6.43,8160
297761,Suicide Squad,"From DC Comics comes the Suicide Squad, an antihero team of incarcerated supervillains who act as deniable assets for the United States government, undertaking high-risk black ops missions in exchange for commuted prison sentences.",2016-08-03,122,en,"Action, Adventure, Fantasy","secret mission, superhero, anti hero, villain, supervillain, dc extended universe (dceu)",175000000,749200054,20.9029,5.916,22455
661374,Glass Onion: A Knives Out Mystery,World-famous detective Benoit Blanc heads to Greece to peel back the layers of a mystery surrounding a tech billionaire and his eclectic crew of friends.,2022-11-23,140,en,"Comedy, Crime, Mystery","detective, greece, investigation, mona lisa (la gioconda), dark comedy, satire, sequel, murder, billionaire, whodunit, puzzle box, clue, identical twin, murder mystery, arrested development, closeted homosexual, covid-19, offbeat",40000000,15000000,20.8849,7.021,7202
290859,Terminator: Dark Fate,"Decades after Sarah Connor prevented Judgment Day, a lethal new Terminator is sent to eliminate the future leader of the resistance. In a fight to save mankind, battle-hardened Sarah Connor teams up with an unexpected ally and an enhanced super soldier to stop the deadliest Terminator yet.",2019-10-23,128,en,"Science Fiction, Action, Adventure, Thriller","helicopter, mexico city, mexico, artificial intelligence (a.i.), cyborg, dystopia, time travel, sequel, plane crash",185000000,261119292,20.7376,6.42,5878
1771,Captain America: The First Avenger,"During World War II, Steve Rogers is a sickly man from Brooklyn who's transformed into super-soldier Captain America to aid in the war effort. Rogers must stop the Red Skull – Adolf Hitler's ruthless head of weaponry, and the leader of an organization that intends to use a mysterious device of untold powers for world domination.",2011-07-22,124,en,"Action, Adventure, Science Fiction","new york city, nazi, superhero, heroism, based on comic, super soldier, brooklyn, new york city, aftercreditsstinger, marvel cinematic universe (mcu), origin story, soldiers, war, admiring, celebratory, earnest, aspirational",140000000,370569774,20.7293,7.013,23291
812,Aladdin,"In the boorish city of Agrabah, kind-hearted street urchin Aladdin and Princess Jasmine fall in love, although she can only marry a prince. He and power-hungry Grand Vizier Jafar vie for a magic lamp that can fulfill their wishes.",1992-11-25,91,en,"Animation, Family, Adventure, Fantasy, Romance","princess, magic, tiger, cartoon, villain, parrot, sultan, flying carpet, wish, musical, love, monkey, arab, aftercreditsstinger, genie, arabian nights, animal sidekick, magic lamp, good versus evil, enchant",28000000,504050219,20.7211,7.657,12280
227159,Horrible Bosses 2,"Dale, Kurt and Nick decide to start their own business but things don't go as planned because of a slick investor, prompting the trio to pull off a harebrained and misguided kidnapping scheme.",2014-11-12,108,en,Comedy,"prison, kidnapping, sex addiction, sequel, sex tape",42000000,107645357,20.6778,6.178,4500
76493,The Dictator,The heroic story of a dictator who risks his life to ensure that democracy would never come to the country he so lovingly oppressed.,2012-05-15,83,en,Comedy,"petrol, culture clash, dictator, coup d'etat, satire, parody, uncle, conspiracy, female soldier, united nations, weapon of mass destruction, dissident, grocery store, identity swap, hilarious",65000000,179379533,20.6426,6.247,6638
968051,The Nun II,"In 1956 France, a priest is violently murdered, and Sister Irene begins to investigate. She once again comes face-to-face with a powerful evil.",2023-09-06,110,en,Horror,"france, nun, halloween, bullying, sequel, priest, religion, church, demon, gothic horror, demonic possession, praying, duringcreditsstinger, 1950s, demonic, girls' school, convent",38500000,269670590,20.6129,6.6,2588
2059,National Treasure,"Modern treasure hunters, led by archaeologist Ben Gates, search for a chest of riches rumored to have been stashed away by George Washington, Thomas Jefferson and Benjamin Franklin during the Revolutionary War. The chest's whereabouts may lie in secret clues embedded in the Constitution and the Declaration of Independence, and Gates is in a race to find the gold before his enemies do.",2004-11-19,131,en,"Adventure, Action, Mystery","new york city, treasure, philadelphia, pennsylvania, washington dc, usa, riddle, fbi, translation, expedition, secret society, family history, wall street, treasure hunt, historical figure, church, archaeologist, revisionist history, archeology, based on myths, legends or folklore, american revolution, usa history, revolutionary war, aircraft carrier, father son conflict, father son relationship, decipher, anxious, hidden history, lincoln memorial, history and legacy, fictionalized history, national archives, ben franklin, declaration of independence, secret history, arctic circle, historical artifacts, independence hall",100000000,347500000,20.6097,6.653,7080
524434,Eternals,"The Eternals are a team of ancient aliens who have been living on Earth in secret for thousands of years. When an unexpected tragedy forces them out of the shadows, they are forced to reunite against mankind’s most ancient enemy, the Deviants.",2021-11-03,156,en,"Science Fiction, Action, Adventure","saving the world, superhero, supernatural, based on comic, alien, super power, lgbt, aftercreditsstinger, marvel cinematic universe (mcu), woman director, sign languages, ancient, god-like",200000000,402064899,20.5997,6.751,9443
539,Psycho,"When larcenous real estate clerk Marion Crane goes on the lam with a wad of cash and hopes of starting a new life, she ends up at the notorious Bates Motel, where manager Norman Bates cares for his housebound mother.",1960-06-22,109,en,"Horror, Thriller, Mystery","hotel, clerk, detective, shower, arizona, motel, halloween, stolen money, alter ego, taxidermy, money, murder, on the run, secretary, serial killer, slasher, psychological thriller, black and white, corpse, murderer, theft, overbearing mother, stabbing, mental illness, private detective, missing person, split personality, psycho, voyeurism, voyeur, oedipus complex, double identity, abusive mother, dual personality, proto-slasher, multiple personality disorder, mother son relationship, birds, motel owner, corruptibility, confused identities, human vulnerabilities, man with female alter ego",806947,50000000,20.5769,8.407,11281
281338,War for the Planet of the Apes,"Caesar and his apes are forced into a deadly conflict with an army of humans led by a ruthless Colonel. After the apes suffer unimaginable losses, Caesar wrestles with his darker instincts and begins his own mythic quest to avenge his kind. As the journey finally brings them face to face, Caesar and the Colonel are pitted against each other in an epic battle that will determine the fate of both their species and the future of the planet.",2017-07-11,140,en,"Drama, Science Fiction, War","suicide, civil war, escape, winter, mutation, peace, solidarity, gorilla, intelligence, dystopia, chimpanzee, horse, post-apocalyptic future, slavery, pacifism, imprisonment, colony, sequel, anthropomorphism, revenge, betrayal, mute, snow, torture, disease, ape, orangutan, death of family, death, evolution, avalanche, albino, primate, sign languages, virus, underground tunnel, assassination attempt, enslavement, murder by gunshot, human becoming an animal, contagion, father son relationship, 2040s, guns, soldiers, avenging father, animal human friendship, war, cgi-live action hybrid, violence against animals, explosions, war horse, survival of the fittest, brisk",150000000,490719763,20.323,7.225,9980
424694,Bohemian Rhapsody,"Singer Freddie Mercury, guitarist Brian May, drummer Roger Taylor and bass guitarist John Deacon take the music world by storm when they form the rock 'n' roll band Queen in 1970. Hit songs become instant classics. When Mercury's increasingly wild lifestyle starts to spiral out of control, Queen soon faces its greatest challenge yet – finding a way to keep the band together amid the success and excess.",2018-10-24,135,en,"Music, Drama","london, england, aids, musician, 1970s, biography, based on true story, singer, hiv, male homosexuality, fame, rock band, lgbt, 1980s, gay theme, excited",52000000,910813521,18.8906,7.949,18072
343668,Kingsman: The Golden Circle,"When an attack on the Kingsman headquarters takes place and a new villain rises, Eggsy and Merlin are forced to work together with the American agency known as the Statesman to save the world.",2017-09-20,141,en,"Crime, Comedy, Action","saving the world, spy, secret agent, europe, sequel, secret government organization, agent, statesman, joyous, amused",104000000,410902662,18.9785,6.941,11402
580489,Venom: Let There Be Carnage,"After finding a host body in investigative reporter Eddie Brock, the alien symbiote must face a new enemy, Carnage, the alter ego of serial killer Cletus Kasady.",2021-09-30,97,en,"Science Fiction, Action, Adventure","hero, psychopath, superhero, anti hero, villain, alien life-form, based on comic, sequel, fear, aftercreditsstinger, symbiote, carnage",110000000,506863592,18.3165,6.728,11446
73861,A Serbian Film,"Retired porn star Milos leads a normal family life trying to make ends meet. Presented with the opportunity of a lifetime to financially support his family for the rest of their lives, Milos must participate in one last mysterious film. From then on, Milos is drawn into a maelstrom of unbelievable cruelty and mayhem.",2010-01-06,104,sr,"Crime, Horror, Thriller","mask, pedophilia, suicide, pornography, rape, sexual abuse, sadism, necrophilia, insanity, perversity, masochism, controversy, snuff, gore, sadomasochism, porn star, serbia, sexual violence, murder, statutory rape, torture, fear, rape and murder, brutality, sexual sadism, incest, evil, sexual torture, depravity, infanticide, murder by gunshot, child sexual abuse, shocksploitation, banned film, male rape, child homicide, sadistic horror, sexual brutality, sexual cruelty, disturbing, splatter horror, blood and gore",0,0,19.7205,5.4,2278
36557,Casino Royale,"Le Chiffre, a banker to the world's terrorists, is scheduled to participate in a high-stakes poker game in Montenegro, where he intends to use his winnings to establish his financial grip on the terrorist market. M sends Bond—on his maiden mission as a 00 Agent—to attend this game and prevent Le Chiffre from winning. With the help of Vesper Lynd and Felix Leiter, Bond enters the most important poker game in his already dangerous career.",2006-11-14,144,en,"Adventure, Action, Thriller","banker, casino, based on novel or book, poker, italy, spy, money, torture, terrorism, mi6, british secret service, montenegro, james bond, dramatic, suspenseful, action, adventure, earnest",150000000,599045960,19.3558,7.575,12029
934433,Scream VI,"Following the latest Ghostface killings, the four survivors leave Woodsboro behind and start a fresh chapter.",2023-03-08,123,en,"Horror, Thriller, Crime","mask, new york city, trauma, halloween, college, dark comedy, fake identity, sequel, conspiracy theory, revenge, public murder, murder, social commentary, serial killer, police corruption, slasher, whodunit, multiple stabbings, brutality, killing spree, self-referential, crime spree, aftercreditsstinger, murder mystery, movie fan, copycat killer, generation z, fbi agent, ridiculous",33000000,169063850,20.3279,6.922,3338
185,A Clockwork Orange,"In a near-future Britain, young Alexander DeLarge and his pals get their kicks beating and raping anyone they please. When not destroying the lives of others, Alex swoons to the music of Beethoven. The state, eager to crack down on juvenile crime, gives an incarcerated Alex the option to undergo an invasive procedure that'll rob him of all personal agency. In a time when conscience is a commodity, can Alex change his tune?",1971-10-28,137,en,"Science Fiction, Crime","london, england, police brutality, robbery, street gang, great britain, based on novel or book, nihilism, parent child relationship, society, sexuality, social worker, psychopath, dystopia, dark comedy, satire, beating, juvenile delinquent, home invasion, sex crime, futuristic society, ultraviolence, social decay, malicious, dreary, audacious, mean spirited",2200000,27033812,20.4199,8.17,14159
9297,Monster House,"Monsters under the bed are scary enough, but what happens when an entire house is out to get you? Three teens aim to find out when they go up against a decrepit neighboring home and unlock its frightening secrets.",2006-06-30,91,en,"Animation, Comedy, Family, Fantasy, Horror","mission, monster, halloween, haunted house, neighbor, curious, motion capture, kids, creepy house, 3d animation, admiring",75000000,140175006,21.841,6.713,4467
242582,Nightcrawler,"When Lou Bloom, desperate for work, muscles into the world of L.A. crime journalism, he blurs the line between observer and participant to become the star of his own story. Aiding him in his effort is Nina, a TV-news veteran.",2014-10-23,118,en,"Crime, Drama, Thriller","underground, psychopath, journalism, job interview, cynicism, sociopath, murder, serial killer, crime scene, psychological thriller, los angeles, california, home invasion, stakeout, newsreel footage, character study, neo-noir, frantic, ethics, stringer, police scanner, news business",8500000,47425835,19.0522,7.7,12091
91314,Transformers: Age of Extinction,"As humanity picks up the pieces after the battle of Chicago, a shadowy group reveals itself in an attempt to control the direction of history…while an ancient, powerful new menace sets Earth in its crosshairs. With help from Cade Yeager, Optimus Prime and the Autobots rise to meet their most fearsome challenge yet.",2014-06-25,165,en,"Science Fiction, Action, Adventure","bounty hunter, texas, sequel, alien, on the run, based on toy, giant robot, robot, metal",210000000,1105261713,19.9595,5.973,8965
406563,Insidious: The Last Key,"Parapsychologist Elise Rainier and her team travel to Five Keys, NM, to investigate a man’s claim of a haunting. Terror soon strikes when Rainier realizes that the house he lives in was her family’s old home.",2018-01-03,103,en,"Horror, Thriller","key, supernatural, medium, halloween, haunted house, sequel, evil spirit, prequel, spirit, demon, 1950s, other dimension, insidious, supernatural horror, suspenseful, horror",10000000,172811971,21.4765,6.3,3280
38700,Bad Boys for Life,"Marcus and Mike are forced to confront new threats, career changes, and midlife crises as they join the newly created elite team AMMO of the Miami police department to take down the ruthless Armando Armas, the vicious leader of a Miami drug cartel.",2020-01-15,124,en,"Thriller, Action, Crime","mexico, miami, florida, detective, women's prison, sequel, prison escape, murder, drug cartel, police chase, police detective, buddy cop, buddy film, action hero, past relationship, reflective, dramatic",90000000,426505244,19.0088,7.104,8897
260346,Taken 3,"Ex-government operative Bryan Mills finds his life is shattered when he's falsely accused of a murder that hits close to home. As he's pursued by a savvy police inspector, Mills employs his particular set of skills to track the real killer and exact his unique brand of justice.",2014-12-16,109,en,"Thriller, Action","california, escape, funeral, gas station, detective, bodyguard, suspicion of murder, golf, penthouse apartment, morgue, car crash, sequel, confusion, murder, fugitive, on the run, shootout, police chase, one man army, explosion, foot chase, anger, group of friends, death of mother, surveillance camera, murder investigation, failing marriage, ex-husband ex-wife relationship, police surveillance, wanted man, police inspector, framed for murder, protective father, gps, money problems, elevator, prime suspect, curious, college student, rich husband, thoughtful, ex special forces, ex-cia agent, unhappy marriage, unplanned pregnancy, spetsnaz, secret hideout, innocent suspect, father daughter relationship, army veteran, associates, secret investigation, homicide investigation, russian, deep sadness, enemy, evasion, understated, mystery, honorable, stepfather stepdaughter relationship, death of ex, spy tech, outsmart, special skills, owe money to criminals, amused, awestruck, enthusiastic, venganza",48000000,325800000,21.762,6.27,6295
14161,2012,"Dr. Adrian Helmsley, part of a worldwide geophysical team investigating the effect on the earth of radiation from unprecedented solar storms, learns that the earth's core is heating up. He warns U.S. President Thomas Wilson that the crust of the earth is becoming unstable and that without proper preparations for saving a fraction of the world's population, the entire race is doomed. Meanwhile, writer Jackson Curtis stumbles on the same information. While the world's leaders race to build ""arks"" to escape the impending cataclysm, Curtis struggles to find a way to save his family. Meanwhile, volcanic eruptions and earthquakes of unprecedented strength wreak havoc around the world.",2009-10-10,158,en,"Action, Adventure, Science Fiction","race against time, maya civilization, civilization, natural disaster, earthquake, end of the world, disaster, apocalypse, destruction, volcanic eruption, flood, disaster movie, ark, solar, 2010s, cautionary, dramatic, tense, urban collapse",200000000,791217826,18.6196,5.897,13065
1579,Apocalypto,"Set in the Mayan civilization, when a man's idyllic presence is brutally disrupted by a violent invading force, he is taken on a perilous journey to a world ruled by fear and oppression where a harrowing end awaits him. Through a twist of fate and spurred by the power of his love for his woman and his family he will make a desperate break to return home and to ultimately save his way of life.",2006-12-07,138,en,"Action, Drama, History","loss of loved one, maya civilization, village, solar eclipse, affectation, slavery, tribe, native american, forest, human sacrifice, eclipse, central america, ancient civilization, angry, aggressive, 16th century, candid, maya temple, ancient language film, absurd, dramatic, critical, admiring, adoring, ambiguous, ambivalent, approving, assertive, audacious, authoritarian, awestruck, baffled, celebratory, commanding, defiant, earnest, empathetic, enchant",40000000,120654337,21.3663,7.7,6690
755,From Dusk Till Dawn,"After kidnapping a father and his two kids, the Gecko brothers head south to a seedy Mexican bar to hide out in safety, unaware of its notorious clientele.",1996-01-19,108,en,"Horror, Action, Crime","dancing, showdown, sheriff, sibling relationship, vampire, bank robber, holy water, siege, stripper, priest, bank robbery, preacher, hostage situation, crucifix, recreational vehicle, mexican american border, female stripping, boa constrictor, loss of faith, foot fetish, killer on the run, brothers, barefoot",19000000,25800000,19.269,7.051,6721
50619,The Twilight Saga: Breaking Dawn - Part 1,Bella Swan and Edward Cullen's honeymoon phase is abruptly disrupted by betrayals and unforeseen tragedies that endanger their world.,2011-11-16,117,en,"Adventure, Fantasy, Romance","based on novel or book, vampire, hybrid, sequel, teen movie, werewolf, supernatural creature, dead, duringcreditsstinger, based on young adult novel",110000000,712171856,19.9425,6.2,9426
1593,Night at the Museum,"Chaos reigns at the natural history museum when night watchman Larry Daley accidentally stirs up an ancient curse, awakening Attila the Hun, an army of gladiators, a Tyrannosaurus rex and other exhibits.",2006-12-20,108,en,"Fantasy, Family, Comedy","night shift, skeleton, chaos, maya civilization, museum, genghis khan, natural history, dinosaur, based on children's book, magical object, security guard, aftercreditsstinger, duringcreditsstinger, pharaoh, inanimate objects come to life, cheerful",110000000,574480841,20.1669,6.6,11229
184315,Hercules,"When a new enemy threatens the innocent, Hercules must lead his fearless team of warriors in a battle against overwhelming odds.",2014-07-23,98,en,"Action, Adventure","killing, mercenary, past, based on comic, battle, ancient greece, hercules, peplum, warrior, sagen, 4th century bc",100000000,244819862,18.1502,5.81,4452
2501,The Bourne Identity,"Wounded to the brink of death and suffering from amnesia, Jason Bourne is rescued at sea by a fisherman. With nothing to go on but a Swiss bank account number, he starts to reconstruct his life, but finds that many people he encounters want him dead. However, Bourne realizes that he has the combat and mental skills of a world-class spy—but who does he work for?",2002-06-14,119,en,"Action, Mystery, Thriller","assassin, amnesia, paris, france, based on novel or book, escape, barcelona, spain, spy, secret identity, passport, mission of murder, lovers, flashback, shootout, foot chase, cell phone, multiple identities, surveillance camera, hamburg, germany, fishing boat, langley virginia, safe deposit box, hand to hand combat, political thriller, thoughtful, action hero, bourne, jason bourne, globe trotter",60000000,214034224,20.1216,7.486,10410
11836,The SpongeBob SquarePants Movie,"There's trouble brewing in Bikini Bottom. Someone has stolen King Neptune's crown, and it looks like Mr. Krab, SpongeBob's boss, is the culprit. Though he's just been passed over for the promotion of his dreams, SpongeBob stands by his boss, and along with his best pal Patrick, sets out on a treacherous mission to Shell City to reclaim the crown and save Mr. Krab's life.",2004-11-19,87,en,"Adventure, Animation, Comedy, Family, Fantasy","princess, sea, ocean, falsely accused, mermaid, villain, crown, based on cartoon, squid, crab, underwater, aftercreditsstinger, duringcreditsstinger, starfish, live action and animation, hero's journey, neptune, based on tv series, admiring, adoring, approving, spongebob",30000000,141067890,18.0285,7.113,3312
1307118,Soulm8te,"After a ruthless tech giant acquires a small robotics company, a grieving engineer is tasked with testing their new AI companion. But when he attempts to reprogram her to be a truly sentient soulmate, she develops needs of her own—unleashing a relentless spree of precision-engineered mayhem.",2026-07-31,99,en,"Horror, Science Fiction, Thriller","android, artificial intelligence (a.i.), obsession, killer robot, grief, relationship, robot, spin off, woman director, erotic thriller, death of wife, erotic, robot companion, android horror",0,0,20.1421,7.426,349
137,Groundhog Day,"A cynical TV weatherman, along with his idealistic producer and his sardonic cameraman, is sent to report on Groundhog Day in the small town of Punxsutawney, where he finds himself repeating the same day over and over.",1993-02-11,101,en,"Romance, Fantasy, Comedy","deja vu, groundhog, weather forecast, telecaster, pennsylvania, usa, alarm clock, winter, time warp, holiday, time loop, magic realism, existentialism, groundhog day, february",14600000,71108778,19.9607,7.635,9201
302946,The Accountant,"As a math savant uncooks the books for a new client, the Treasury Department closes in on his activities and the body count starts to rise.",2016-10-13,128,en,"Crime, Thriller, Drama","prison, sniper, assassin, autism, military service, money, treasury department, sniper rifle, gunfight, loner, hand to hand combat, numbers, accountant, math genius, brother brother relationship",44000000,155160045,20.0958,7.14,7606
254128,San Andreas,"In the aftermath of a massive earthquake in California, a rescue-chopper pilot makes a dangerous journey across the state in order to rescue his estranged daughter.",2015-05-27,114,en,"Action, Drama, Thriller","california, san francisco, california, looting, earthquake, tsunami, disaster, los angeles, california, helicopter pilot, scientist, teenage daughter, seismologist, catastrophe, disaster movie, divorced couple, san andreas, california, helicopter crash, mass destruction, rescue operation, tectonic plates, hoover dam, search and rescue, lafd - los angeles fire department, aftershocks",110000000,473990832,19.1349,6.251,9219
1064028,Subservience,"With his wife out sick, a struggling father brings home a lifelike AI, only to have his self-aware new help want everything her new family has to offer... Like the affection of her owner and she'll kill to get it.",2024-08-15,105,en,"Horror, Science Fiction, Thriller","artificial intelligence (a.i.), robot, fight for survival, loss of control, android horror, psychological tension, rogue ai, sci‑fi horror thriller, domestic danger, family under threat, humanoid caretaker, sentient robot, malfunction turning deadly, advanced robotics, domestic automation, fear of technology",4400000,262793,19.1227,6.6,1121
512200,Jumanji: The Next Level,"As the gang return to Jumanji to rescue one of their own, they discover that nothing is as they expect. The players will have to brave parts unknown and unexplored in order to escape the world’s most dangerous game.",2019-12-04,123,en,"Adventure, Comedy, Fantasy","based on novel or book, video game, magic, animal attack, sequel, body-swap, adventurer, superhuman strength, duringcreditsstinger, kids, action hero, trapped in a game, absurd, live action, hilarious, amused, awestruck, baffled, enthusiastic",125000000,801693929,20.029,6.866,9629
393,Kill Bill: Vol. 2,"The Bride unwaveringly continues on her roaring rampage of revenge against the band of assassins who had tried to kill her and her unborn child. She visits each of her former associates one-by-one, checking off the victims on her Death List Five until there's nothing left to do … but kill Bill.",2004-04-16,136,en,"Action, Crime, Thriller","daughter, martial arts, kung fu, showdown, right and justice, rage and hate, sibling relationship, swordplay, katana, mother role, sword fight, revenge, vigilante, female protagonist, female assassin, retribution, aftercreditsstinger, duringcreditsstinger, master and student, extreme violence",30000000,152159461,18.1391,7.873,15476
37799,The Social Network,"In 2003, Harvard undergrad and computer programmer Mark Zuckerberg begins work on a new concept that eventually turns into the global social network known as Facebook. Six years later, Mark is one of the youngest billionaires ever, but his unprecedented success leads to both personal and legal complications when he ends up on the receiving end of two lawsuits, one involving his former friend.",2010-10-01,121,en,Drama,"hacker, based on novel or book, boston, massachusetts, ex-girlfriend, biography, based on true story, historical fiction, university, twins, docudrama, blunt, social media, legal drama, conceited",40000000,224920315,20.1243,7.376,13562
615457,Nobody,"Hutch Mansell, a suburban dad, overlooked husband, nothing neighbor — a ""nobody."" When two thieves break into his home one night, Hutch's unknown long-simmering rage is ignited and propels him on a brutal path that will uncover dark secrets he fought to leave behind.",2021-03-18,91,en,"Action, Thriller","assassin, double life, midlife crisis, bratva (russian mafia), secret organization, thief, one man army, home invasion, family, brawl, duringcreditsstinger, hidden past, gunfights, violent retaliation, family protection",16000000,57512470,19.5738,7.862,8745
843527,The Idea of You,"40-year-old single mom Solène begins an unexpected romance with 24-year-old Hayes Campbell, the lead singer of August Moon, the hottest boy band on the planet. As they begin a whirlwind romance, it isn't long before Hayes' superstar status poses unavoidable challenges to their relationship, and Solène soon discovers that life in the glare of his spotlight might be more than she bargained for.",2024-05-02,116,en,"Music, Comedy, Romance, Drama","based on novel or book, age difference, singer, forty something, single mother, older woman younger man relationship, boy band, cougar relationship",0,36178,20.4147,7.243,2033
1631807,The Secret Woman,"After discovering she has a family and a shipping empire, a woman with amnesia returns to a wealthy and seemingly perfect past to uncover why she left.",2026-08-28,119,da,"Drama, Thriller, Mystery","based on novel or book, psychological, excited",0,0,21.6323,6.4,131
364,Batman Returns,"The monstrous Penguin, who dwells in the sewers beneath Gotham, joins up with corrupt mayoral candidate Max Shreck to topple the Batman once and for all. But when Shreck's timid assistant Selina Kyle finds out, and Shreck tries to kill her, she's transformed into the sexy Catwoman. She teams up with the Penguin and Shreck to destroy Batman, but sparks fly unexpectedly when she confronts the caped crusader.",1992-06-19,126,en,"Action, Fantasy","double life, corruption, darkness, crime fighter, superhero, hallucination, villain, christmas tree, based on comic, revenge, vigilante, dark hero, super power, super villain, deformed, bird cage, evil circus, christmas, good versus evil",80000000,280000000,19.0332,6.953,7309
10198,The Princess and the Frog,"A waitress, desperate to fulfill her dreams as a restaurant owner, is set on a journey to turn a frog prince back into a human being, but she has to face the same problem after she kisses him.",2009-12-08,98,en,"Animation, Romance, Fantasy, Family","princess, voodoo, new orleans, louisiana, restaurant, villain, kiss, musical, turns into animal, cajun, firefly, based on fairy tale, duringcreditsstinger, big dreams, frog prince, charlatan, 1920s, magic spell",105000000,270997378,19.902,7.239,6294
854,The Mask,"Timid bank clerk Stanley Ipkiss discovers a magical mask infused with the spirit of the Norse god Loki. Donning it transforms him into an unrestrained, green-faced, cartoon-like wild man. While the mask grants him the confidence to woo a local singer, it also makes him the target of a ruthless mobster.",1994-07-29,101,en,"Comedy, Fantasy, Crime, Romance","dual identity, bank, superhero, mockery, transformation, villain, surrealism, based on comic, slapstick comedy, balloon, dog, urban setting, jail cell, super villain, norse mythology, supernatural power, comforting",23000000,351583407,19.8495,7.0,11618
9837,The Prince of Egypt,"The strong bond between two Royal Egyptian brothers is challenged when their chosen responsibilities set them at odds, with extraordinary consequences.",1998-12-16,99,en,"Adventure, Animation, Drama, Family","egypt, moses, kingdom, pyramid, exodus, bible, musical, governance, ancient egypt, nostalgic, aftercreditsstinger, pharaoh, woman director, passover, music, dramatic, hopeful, 13th century bc",70000000,218613188,19.8361,7.3,4444
1734,The Mummy Returns,"Rick and Evelyn O’Connell, along with their 8-year-old son Alex, discover the key to the legendary Scorpion King’s might: the fabled Bracelet of Anubis. Unfortunately, a newly resurrected Imhotep has designs on the bracelet as well, and isn’t above kidnapping its new bearer, Alex, to gain control of Anubis’s otherworldly army.",2001-05-04,130,en,"Adventure, Action, Fantasy","egypt, pyramid, son, mummy, nile, sequel, tomb, ancient egypt, 1930s, egyptian tomb, good versus evil, witty",98000000,443280904,19.7741,6.416,7927
2034,Training Day,"On his first day on the job as a narcotics officer, a rookie cop works with a rogue detective who isn't what he appears.",2001-10-05,122,en,"Action, Crime, Drama","drug dealer, california, police brutality, poker, bratva (russian mafia), war on drugs, drug trafficking, police corruption, los angeles, california, gang member, rookie cop, narcotics cop, mexican american, cholo, neo-noir, admiring, audacious",45000000,104900000,19.7693,7.531,6863
568124,Encanto,"The tale of an extraordinary family, the Madrigals, who live hidden in the mountains of Colombia, in a magical house, in a vibrant town, in a wondrous, charmed place called an Encanto. The magic of the Encanto has blessed every child in the family—every child except one, Mirabel. But when she discovers that the magic surrounding the Encanto is in danger, Mirabel decides that she, the only ordinary Madrigal, might just be her exceptional family's last hope.",2021-10-13,102,en,"Animation, Comedy, Family, Fantasy","strong woman, magic, sadness, immigration, supernatural, beauty, musical, big family, forest, family secrets, family relationships, flamenco, joy of life, teenage girl, female protagonist, family conflict, helping children, matriarch, 3d animation, colombia",150000000,261292688,19.7623,7.566,10416
1084577,Balls Up,"Two marketing executives go ""balls out"" and pitch a bold full‑coverage condom sponsorship with the World Cup. After their drunken celebration in Brazil sparks a global scandal, they must outrun furious fans, criminals, and power-hungry officials to salvage their careers and make it home alive.",2026-04-15,104,en,"Comedy, Action, Adventure","world cup, football (soccer), brazil",0,0,19.7446,5.9,335
73,American History X,"Derek Vineyard is paroled after serving 3 years in prison for killing two African-American men. Through his brother, Danny Vineyard's narration, we learn that before going to prison, Derek was a skinhead and the leader of a violent white supremacist gang that committed acts of racial crime throughout L.A. and his actions greatly influenced Danny. Reformed and fresh out of prison, Derek severs contact with the gang and becomes determined to keep Danny from going down the same violent path as he did.",1998-07-01,119,en,Drama,"prison, neo-nazism, rape, skinhead, sibling relationship, swastika, nazi, brother, gangster, fascism, tragedy, jail, school, los angeles, california, family, xenophobia, interracial friendship, nazism, violence, crime, distressing, excited, powerful",20000000,23900000,19.6792,8.323,12951
1408208,Exit 8,"A man trapped in an endless sterile subway passageway sets out to find Exit 8. The rules of his quest are simple: do not overlook anything out of the ordinary. If you discover an anomaly, turn back immediately. If you don’t, carry on. Then leave from Exit 8. But even a single oversight will send him back to the beginning. Will he ever reach his goal and escape this infinite corridor?",2025-08-03,95,ja,"Mystery, Thriller, Horror","exit, based on video game, found footage, station, anomaly, cautionary, introspective, psychological, liminal, metro, psychological horror, liminal space, bewildered, ominous, liminal horror, found footage adjacent, endless cycle, exit 8",1400000,43892680,19.6446,7.012,816
8835,Legally Blonde,"Fashionable sorority queen Elle Woods has it all, but, she wants nothing more than to be Mrs. Warner Huntington III. But he dumps her before heading to Harvard Law School. Elle rallies all of her resources and gets into Harvard, determined to win him back. While there, she figures out that there is more to herself than just good looks.",2001-07-13,96,en,Comedy,"father murder, blonde, superficiality, beauty salon, law school, murder, cynical, girl power, toy dog, chihuahua dog, blonde stereotype, proving oneself, murder confession",18000000,141778365,19.6294,6.816,4734
11770,Shaolin Soccer,A young Shaolin follower reunites with his discouraged brothers to form a soccer team using their martial art skills to their advantage.,2001-07-05,113,cn,"Action, Comedy","martial arts, kung fu, sports, steel helmet, stadium, champion, shaolin, football (soccer), football (soccer) player",10000005,42776760,19.5758,7.222,2666
91586,Insidious: Chapter 2,The haunted Lambert family seeks to uncover the mysterious childhood secret that has left them dangerously connected to the spirit world.,2013-09-12,106,en,"Horror, Thriller","supernatural, medium, halloween, haunted house, possession, sequel, evil spirit, demon, family, ghost, bride in black, other dimension, insidious, supernatural horror, suspenseful, horror, intense, sinister",5000000,161921515,19.5729,6.702,4766
27578,The Expendables,"Barney Ross leads a band of highly skilled mercenaries including knife enthusiast Lee Christmas, a martial arts expert Yin Yang, heavy weapons specialist Hale Caesar, demolitionist Toll Road, and a loose-cannon sniper Gunner Jensen. When the group is commissioned by the mysterious Mr. Church to assassinate the dictator of a small South American island, Barney and Lee visit the remote locale to scout out their opposition and discover the true nature of the conflict engulfing the city.",2010-08-07,103,en,"Thriller, Adventure, Action","rescue, sniper, island, martial arts, tattoo, escape, mercenary, bridge, church, drugs, blade, duringcreditsstinger",80000000,274470394,19.5506,6.251,8483
752,V for Vendetta,"In a world in which Great Britain has become a fascist state, a masked vigilante known only as “V” conducts guerrilla warfare against the oppressive British government. When V rescues a young woman from the secret police, he finds in her an ally with whom he can continue his fight to free the people of Britain.",2006-02-23,132,en,"Action, Thriller, Science Fiction","government, detective, revolution, dystopia, fascism, fascist, chancellor, based on comic, revenge, female protagonist, torture, hatred, masked vigilante, vengeful spirit, activist, political thriller, thoughtful, vengeful",54000000,134686457,19.4921,7.897,15982
114,Pretty Woman,"Vivian is a carefree, streetwise diamond in the rough when she meets sophisticated billionaire Edward in a chance encounter that turns into a week-long business arrangement. But Vivian's energetic spirit challenges Edward's no-nonsense approach to life, and soon they are teaching each other – and falling in love!",1990-03-23,120,en,"Romance, Comedy","prostitute, sports car, capitalism, expensive restaurant, workaholic, fire escape, romcom, los angeles, california, millionaire, valentine's day, beverly hills, pygmalion, entrepreneur, social differences, business deal, penthouse, italian opera, shopping spree, bubble bath, loving, hooker, street smarts, contract relationship, cinderella story, cheerful, polo match",14000000,463406268,19.4216,7.441,9198
438148,Minions: The Rise of Gru,"A fanboy of a supervillain supergroup known as the Vicious 6, Gru hatches a plan to become evil enough to join them, with the backup of his followers, the Minions.",2022-06-29,87,en,"Animation, Comedy, Crime, Science Fiction, Family","1970s, villain, sequel, prequel, spin off, duringcreditsstinger, supervillain, 3d animation, amused, derisive, enthusiastic, joyful",85000000,940203765,19.4012,7.262,4193
318846,The Big Short,The men who made millions from a global economic meltdown.,2015-12-11,131,en,"Comedy, Drama","based on novel or book, bank, fraud, wall street, biography, based on true story, finances, animated scene, historical fiction, loan, financial crisis, real estate, mortgage, financial suspense",28000000,133346506,19.3962,7.373,10117
280092,Insidious: Chapter 3,A prequel set before the haunting of the Lambert family that reveals how gifted psychic Elise Rainier reluctantly agrees to use her ability to contact the dead in order to help a teenage girl who has been targeted by a dangerous supernatural entity.,2015-05-28,97,en,"Horror, Thriller","supernatural, medium, halloween, sequel, evil spirit, prequel, demon, other dimension, insidious, supernatural horror, suspenseful, horror",10000000,120453155,19.3691,6.301,3770
1893,Star Wars: Episode I - The Phantom Menace,"Anakin Skywalker, a young slave strong with the Force, is discovered on Tatooine. Meanwhile, the evil Sith have returned, enacting their plot for revenge against the Jedi.",1999-05-19,136,en,"Adventure, Action, Science Fiction","galaxy, senate, taskmaster, prophecy, queen, apprentice, taxes, prequel, space opera, admiring, tuwaderalit",115000000,1046515409,19.3511,6.583,16250
1072790,Anyone but You,"After an amazing first date, Bea and Ben’s fiery attraction turns ice cold — until they find themselves unexpectedly reunited at a destination wedding in Australia. So they do what any two mature adults would do: pretend to be a couple.",2023-12-21,103,en,"Romance, Comedy","australia, hiking, romcom, based on play or musical, law school, aftercreditsstinger, duringcreditsstinger, fake dating, destination wedding, comforting",25000000,214891370,19.3377,6.746,3234
1083862,Resident Evil: Death Island,"In San Francisco, Jill Valentine is dealing with a zombie outbreak and a new T-Virus, Leon Kennedy is on the trail of a kidnapped DARPA scientist, and Claire Redfield is investigating a monstrous fish that is killing whales in the bay. Joined by Chris Redfield and Rebecca Chambers, they discover the trail of clues from their separate cases all converge on the same location, Alcatraz Island, where a new evil has taken residence and awaits their arrival.",2023-06-22,91,ja,"Action, Animation, Science Fiction, Horror","prison, alcatraz prison, sequel, outbreak, zombie, based on video game, survival horror, virus, special agent, anime, bio terrorism",0,53929,19.3265,7.26,1148
353081,Mission: Impossible - Fallout,"When an IMF mission ends badly, the world is faced with dire consequences. As Ethan Hunt takes it upon himself to fulfill his original briefing, the CIA begin to question his loyalty and his motives. The IMF team find themselves in a race against time, hunted by assassins while trying to prevent a global catastrophe.",2018-07-25,147,en,"Action, Adventure","mask, race against time, london, england, central intelligence agency (cia), helicopter, paris, france, chase, gun, spy, countdown, fake identity, stunt, fistfight, double agent, norway, sequel, secret government organization, infiltration, mi6, motorcycle, killer, bomb remote detonator, nuclear weapons, handgun, fictional government agency, hand to hand combat, motorcycle chase, government agency, french police, helicopter chase, based on tv series, action",178000000,824171374,19.2922,7.452,9406
379686,Space Jam: A New Legacy,"When LeBron and his young son Dom are trapped in a digital space by a rogue A.I., LeBron must get them home safe by leading Bugs, Lola Bunny and the whole gang of notoriously undisciplined Looney Tunes to victory over the A.I.'s digitized champions on the court. It's Tunes versus Goons in the highest-stakes challenge of his life.",2021-07-08,115,en,"Family, Comedy, Adventure, Animation, Science Fiction","sports, cartoon, basketball, sequel, game, live action and animation",150000000,163692228,19.2894,6.619,4298
1008042,Talk to Me,"When a group of friends discover how to conjure spirits using an embalmed hand, they become hooked on the new thrill, until one of them goes too far and unleashes terrifying supernatural forces.",2023-07-26,95,en,Horror,"suicide, trauma, possession, female friendship, addiction, grief, female protagonist, death of mother, self mutilation, mental health, found footage, dead parent, social media, peer pressure, disembodied hand, generation z, self-harm, supernatural horror, cautionary tale, adelaide australia, body horror, teenager, modern australia",4500000,91959188,19.2599,7.14,3990
639933,The Northman,"Prince Amleth is on the verge of becoming a man when his father is brutally murdered by his uncle, who kidnaps the boy's mother. Two decades later, Amleth is now a Viking who's on a mission to save his mother, kill his uncle and avenge his father.",2022-04-07,137,en,"Action, Adventure, Fantasy","sword, prince, gore, vikings (norsemen), iceland, northern ireland, sword fight, revenge, fate, king, brutality, based on myths, legends or folklore, nordic, 10th century, wonder, grimdark, fantasy, dramatic, suspenseful, admiring, amused, bold, commanding, ominous",70000000,69633110,19.251,7.023,5300
10591,The Girl Next Door,"Exceptionally ambitious high schooler Matthew has aspirations for a career in politics when he falls in love with his gorgeous 19-year-old neighbor, Danielle. But Matthew's bright future is jeopardized when he finds Danielle was once a porn star. As Danielle's past catches up with her, Matthew's love for her forces him to re-evaluate his goals.",2004-04-09,110,en,"Comedy, Romance","high school, porn actor, pornographic video, school party, blonde, prom, sexual attraction, teenage boy, porn industry, sex comedy, girl next door, sex video, loving",21000000,31635150,19.2504,6.756,4193
425909,Ghostbusters: Afterlife,"When single mom Callie and her two kids Trevor and Phoebe arrive in a small Oklahoma town, they begin to discover their connection to the original Ghostbusters and the secret legacy their grandfather left behind.",2021-11-18,124,en,"Fantasy, Comedy, Adventure","small town, afterlife, ghostbuster, nostalgia, sequel, ghost, nostalgic, aftercreditsstinger, duringcreditsstinger, dead grandfather, ancient evil, otherworldly beings, paranormal events, ghostbusters, excited",75000000,204445747,19.2482,7.3,5345
339403,Baby Driver,"After being coerced into working for a crime boss, a young getaway driver finds himself taking part in a heist doomed to fail.",2017-06-28,113,en,"Action, Crime","robbery, waitress, atlanta, crime boss, romance, heist, getaway car, on the run, shootout, bank robbery, getaway driver, sign languages, armed robbery, hearing impaired, music, bewildered",34000000,226945087,19.2389,7.446,17234
812583,Wake Up Dead Man: A Knives Out Mystery,"When young priest Jud Duplenticy is sent to assist charismatic firebrand Monsignor Jefferson Wicks, it’s clear that all is not well in the pews. After a sudden and seemingly impossible murder rocks the town, the lack of an obvious suspect prompts local police chief Geraldine Scott to join forces with renowned detective Benoit Blanc to unravel a mystery that defies all logic.",2025-11-26,145,en,"Thriller, Mystery, Comedy","dark comedy, sequel, whodunit, murder investigation, murder mystery, upstate new york, web of lies, mystery thriller, hidden motives, clue‑based deduction, high‑society secrets, eccentric detective, manipulative personalities, hidden relationships, isolated mansion, character‑driven mystery",210000000,4000000,19.2371,7.207,2906
889737,Joker: Folie à Deux,"While struggling with his dual identity, Arthur Fleck not only stumbles upon true love, but also finds the music that's always been inside him.",2024-10-01,138,en,"Drama, Crime, Thriller","based on comic, sequel, madness, mental health, super villain, 1980s, prisoner abuse, dark romance, jukebox musical, corrupt officials",190000000,207500287,19.2306,5.4,3074
335983,Venom,"Investigative journalist Eddie Brock attempts a comeback following a scandal, but accidentally becomes the host of Venom, a violent, super powerful alien symbiote. Soon, he must rely on his newfound powers to protect the world from a shadowy organization looking for a symbiote of their own.",2018-09-28,112,en,"Science Fiction, Action","spacecraft, san francisco, california, superhero, anti hero, alien life-form, based on comic, aftercreditsstinger, duringcreditsstinger, business tycoon, symbiote, genetic experiment, venom",116000000,856085151,19.1985,6.823,17634
882598,Smile,"After witnessing a bizarre, traumatic incident involving a patient, Dr. Rose Cotter starts experiencing frightening occurrences that she can't explain.",2022-09-23,115,en,"Horror, Mystery","suicide, new jersey, post-traumatic stress disorder (ptsd), therapist, detective, paranoia, trauma, curse, hospital, doctor, mental illness, evil, self-harm, demonic, smile, supernatural horror, based on short film, body horror, psychological horror, horror",17000000,217408513,18.6381,6.669,4278
45243,The Hangover Part II,"The Hangover crew heads to Thailand for Stu's wedding. After the disaster of a bachelor party in Las Vegas last year, Stu is playing it safe with a mellow pre-wedding brunch. However, nothing goes as planned and Bangkok is the perfect setting for another adventure with the rowdy group.",2011-05-25,102,en,Comedy,"stag night, sequel, memory loss, undercover cop, drugs, hopeless",80000000,586764305,18.6089,6.512,11574
620,Ghostbusters,"After losing their university jobs, three parapsychologists start a ghost-catching business in New York City and uncover a supernatural threat that could destroy the world.",1984-06-08,105,en,"Comedy, Fantasy","new york city, environmental protection agency, library, supernatural, halloween, ghostbuster, paranormal phenomena, loser, slime, gatekeeper, nerd, giant monster, haunting, hybrid, possession, mythology, horror spoof, paranormal investigation, urban setting, super power, receptionist, world trade center, ghost, nostalgic, duringcreditsstinger, fighting supernatural, satirical, ghostbusters, monsters, witty, amused, enchant",30000000,296640120,16.9896,7.497,10020
100402,Captain America: The Winter Soldier,"After the cataclysmic events in New York with The Avengers, Steve Rogers, aka Captain America is living quietly in Washington, D.C. and trying to adjust to the modern world. But when a S.H.I.E.L.D. colleague comes under attack, Steve becomes embroiled in a web of intrigue that threatens to put the world at risk. Joining forces with the Black Widow, Captain America struggles to expose the ever-widening conspiracy while fighting off professional assassins sent to silence him at every turn. When the full scope of the villainous plot is revealed, Captain America and the Black Widow enlist the help of a new ally, the Falcon. However, they soon find themselves up against an unexpected and formidable enemy—the Winter Soldier.",2014-03-20,136,en,"Action, Adventure, Science Fiction","washington dc, usa, superhero, based on comic, sequel, super soldier, aftercreditsstinger, duringcreditsstinger, marvel cinematic universe (mcu), political thriller",170000000,714766572,20.1993,7.656,20499
373571,Godzilla: King of the Monsters,"Follows the heroic efforts of the crypto-zoological agency Monarch as its members face off against a battery of god-sized monsters, including the mighty Godzilla, who collides with Mothra, Rodan, and his ultimate nemesis, the three-headed King Ghidorah. When these ancient super-species, thought to be mere myths, rise again, they all vie for supremacy, leaving humanity's very existence hanging in the balance.",2019-05-29,132,en,"Science Fiction, Action","mexico, boston, massachusetts, giant monster, cryptozoology, eco terrorism, creature feature, rodan, kaiju, aftercreditsstinger, global threat, animal horror, king ghidorah, sunken city, mothra, godzilla, monsterverse",170000000,387300138,18.5726,6.682,6920
346364,It,"In a small town in Maine, seven children known as The Losers Club come face to face with life problems, bullies and a monster that takes the shape of a clown called Pennywise.",2017-09-06,135,en,"Horror, Thriller, Drama","small town, based on novel or book, halloween, haunted house, clown, bullying, abandoned house, coming of age, flashback, murder, balloon, maine, school, creature, fear, summer, killer, missing person, death of brother, well, 1980s, kids, grim, creepy house, demonic, town history, frightened, ghoulish, gloomy",35000000,719766009,28.8927,7.241,20707
10494,Perfect Blue,"Rising pop star Mima Kirigoe quits singing to pursue a career as an actress. After she takes up a role on a popular detective show, her handlers and collaborators begin turning up murdered. Harboring feelings of guilt and haunted by visions of her former self, Mima's reality and fantasy meld into a frenzied paranoia.",1998-02-28,81,ja,"Animation, Thriller","career, rape, based on novel or book, paranoia, stalker, celebrity, singer, stalking, fame, female protagonist, psychological thriller, mental illness, madness, split personality, adult animation, literary adaptation, j-pop, celebrity worship, anime, aspiring actress, idolatry, suspense, psychological horror, avant garde, psychological drama",830442,2743097,18.5799,8.305,3374
48650,Room in Rome,"A hotel room in the center of Rome serves as the setting for Alba and Natasha, two sexy and recently acquainted women, to have a physical adventure that touches their very souls.",2010-05-07,109,es,"Drama, Romance","hotel, hotel room, rome, italy, female friendship, one-night stand, lesbian sex, based on movie, lying, erotic movie, intimacy, lesbian",0,844281,20.2188,6.4,850
930094,"Red, White & Royal Blue","After an altercation between Alex, the president's son, and Britain's Prince Henry at a royal event becomes tabloid fodder, their long-running feud now threatens to drive a wedge in U.S./British relations. When the rivals are forced into a staged truce, their icy relationship begins to thaw and the friction between them sparks something deeper than they ever expected.",2023-07-27,118,en,"Comedy, Romance","based on novel or book, politics, prince, royal family, royalty, lgbt, gay theme, gay relationship, enemies to lovers, boys' love (bl), cheerful, powerful",20000000,0,19.1212,7.929,1638
8681,Taken,"Bryan Mills, a former government operative, is trying to reconnect with his teenage daughter Kim. After reluctantly agreeing with his ex-wife to let Kim go to Paris on vacation with a friend, his worst nightmare comes true. While on the phone with his daughter shortly after she arrives in Paris, she and her friend are abducted by a gang of human traffickers. Working against the clock, Bryan relies on his extensive training and skills to track down the ruthless gang that abducted her and launch a one-man war to rescue his daughter.",2008-02-18,94,en,"Action, Thriller","rescue, paris, france, kidnapping, prostitution, sex trafficking, albanian, missing daughter, calm, candid, ex special forces, ex-cia agent, abduction, search for daughter, army veteran",25000000,226830568,18.1175,7.412,12428
4951,10 Things I Hate About You,"On the first day at his new school, Cameron instantly falls for Bianca, the gorgeous girl of his dreams. The only problem is that Bianca is forbidden to date until her ill-tempered, completely un-dateable older sister Kat goes out, too. In an attempt to solve his problem, Cameron singles out the only guy who could possibly be a match for Kat: a mysterious bad boy with a nasty reputation of his own.",1999-03-30,97,en,"Comedy, Romance, Drama","high school, seattle, washington, deception, based on play or musical, coming of age, teen movie, shrew, teen comedy, valentine's day, opposites attract, duringcreditsstinger, teenage romance, overprotective father, playful, lighthearted, casual, cliché",16000000,53478166,18.433,7.598,9166
81774,Exploits of a Young Don Juan,"In 1914, sixteen year old Roger returned home from boarding school during vacation to find his puberty hit hard in a house filled with beautiful women. These women have previous engagements with other men who are away, and during this time, Roger impregnates them all, including his aunt and sister, then devises plans to cuckold the men.",1986-11-04,100,fr,"Comedy, Drama","virgin, based on novel or book, coming of age, spanking, maid, teenage boy, masturbation, incest, softcore, aunt nephew relationship, war context, 1910s, brother sister sex, 20th century, erotic comedy, seductive maid, brother sister incest, aunt nephew sex, aunt nephew incest",0,1300000,20.1343,6.2,336
1022787,Elio,"Elio, a space fanatic with an active imagination, finds himself on a cosmic misadventure where he must form new bonds with eccentric alien lifeforms, navigate a crisis of intergalactic proportions and somehow discover who he is truly meant to be.",2025-06-18,98,en,"Animation, Adventure, Science Fiction, Family, Comedy","villain, alien, coming of age, computer animation, eye patch, social outcast, aftercreditsstinger, beforecreditsstinger, woman director, space adventure, sattelite, pre-teen, amateur radio, mother son relationship, good versus evil, 3d animation, depressed, interspecies friendship, clones, adoring, comforting, powerful, pixar",150000000,154291182,18.8584,6.927,1144
81188,Rise of the Guardians,"When an evil spirit known as Pitch lays down the gauntlet to take over the world, the immortal Guardians must join forces for the first time to protect the hopes, beliefs and imagination of children all over the world.",2012-11-21,97,en,"Action, Adventure, Animation, Family, Fantasy","new york city, friendship, amnesia, santa claus, cartoon, villain, easter bunny, boogeyman, jack frost, aftercreditsstinger, duringcreditsstinger, christmas, 3d animation",145000000,306941670,19.1953,7.4,7302
1390300,Over Your Dead Body,"A dysfunctional couple head to a remote cabin to ""reconnect"", but each has secret intentions to kill the other.",2026-03-14,105,en,"Action, Comedy, Thriller","remake, dysfunctional marriage, cabin, couple, hilarious, intense, mean spirited",0,2055131,18.8944,6.4,617
399579,Alita: Battle Angel,"When Alita awakens with no memory of who she is in a future world she does not recognize, she is taken in by Ido, a compassionate doctor who realizes that somewhere in this abandoned cyborg shell is the heart and soul of a young woman with an extraordinary past.",2019-01-31,122,en,"Action, Science Fiction, Adventure","martial arts, bounty hunter, strong woman, dystopia, extreme sports, superhero, cyberpunk, transhumanism, based on manga, female cyborg, live action remake, floating city, ridiculous, 26th century",170000000,405000000,17.4551,7.278,10415
533533,TRON: Ares,"A highly sophisticated Program called Ares is sent from the digital world into the real world on a dangerous mission, marking humankind's first encounter with A.I. beings.",2025-10-08,119,en,"Science Fiction, Adventure, Action","artificial intelligence (a.i.), computer program, identity crisis, computer simulation, sequel, business rivalry, virtual world, digital world, real‑world crossover, advanced program, technological conflict, system instability, cyber universe, quantum computing, system breach, existential threat",220000000,142249983,18.4315,6.5,1649
1119878,Ice Road: Vengeance,"Big rig ice road driver Mike McCann travels to Nepal to scatter his late brother’s ashes on Mt. Everest. While on a packed tour bus traversing the deadly 12,000 ft. terrain of the infamous Road to the Sky, McCann and his mountain guide encounter a group of mercenaries and must fight to save themselves, the busload of innocent travelers, and the local villagers’ homeland.",2025-06-27,113,en,"Action, Thriller, Drama","mercenary, sequel, mount everest, suspenseful, embarrassed, optimistic, urgent",0,0,23.157,6.227,672
115,The Big Lebowski,"Jeffrey 'The Dude' Lebowski, a Los Angeles slacker who only wants to bowl and drink White Russians, is mistaken for another Jeffrey Lebowski, a wheelchair-bound millionaire, and finds himself dragged into a strange series of events involving nihilists, adult film producers, ferrets, errant toes, and large sums of money.",1998-03-06,117,en,"Comedy, Crime","vietnam veteran, white russian, bowling, carpet, nihilism, heart attack, kidnapping, lsd, marijuana, los angeles, california, millionaire, cowboy, ashes, impregnation, bowling team, unemployed, bowling ball, neo-noir, weeds, psychedelic drug, absurd, amused, shaggy dog story",15000000,47010480,17.8229,7.8,12514
766507,Prey,"When danger threatens her camp, the fierce and highly skilled Comanche warrior Naru sets out to protect her people. But the prey she stalks turns out to be a highly evolved alien predator with a technically advanced arsenal.",2022-08-05,100,en,"Thriller, Action, Science Fiction","hunter, native american, alien life-form, alien, prequel, decapitation, bear, dog, severed foot, bear attack, comanche, human vs alien, indigenous peoples, severed arm, dog hero, grand, great plains",65000000,0,17.3604,7.646,8013
1239193,Deep Cover,"Kat is an improv comedy teacher beginning to question if she’s missed her shot at success. When an undercover cop offers her the role of a lifetime, she recruits two of her students to infiltrate London’s gangland by impersonating dangerous criminals.",2025-06-12,99,en,"Action, Comedy, Crime","drug dealer, london, england, comedian, organized crime, infiltration, undercover operation, hit by a car, sting operation, buddy comedy, met police, improv group",0,0,20.2232,6.7,652
941,Lethal Weapon,A veteran cop and an unstable detective become partners who must put their differences aside in order to bring down a heroin-smuggling ring run by ex-Special Forces.,1987-03-06,110,en,"Action, Thriller, Crime","showdown, police, self-destruction, christmas party, mixed martial arts (mma), los angeles, california, police detective, ex soldier, buddy cop, lapd, buddy comedy, maverick cop, homicide detective, death of wife, action hero, shooting, cops, intense",15000000,120207127,18.8634,7.304,5226
1119449,"Good Luck, Have Fun, Don't Die",A 'Man from the Future' arrives at an LA diner where he must recruit the precise combination of disgruntled patrons to join him on a one-night quest to save the world from the terminal threat of a rogue artificial intelligence.,2026-02-13,134,en,"Science Fiction, Action, Comedy","artificial intelligence (a.i.), time travel, diner, transhumanism, los angeles, california, blunt, dark future, mother son relationship, cautionary, adventure comedy, absurd, assertive, exuberant, frustrated, team mission",20000000,9755038,18.5569,7.118,1062
14,American Beauty,"Lester Burnham, a depressed suburban father in a mid-life crisis, decides to turn his hectic life around after developing an infatuation with his daughter's attractive friend.",1999-09-15,122,en,Drama,"estate agent, adultery, coming out, first time, virgin, cheating, parent child relationship, age difference, midlife crisis, cheerleader, dark comedy, rose, satire, dysfunctional family, suburbia, coming of age, sexual fantasy, dysfunctional marriage, marijuana, loneliness, love affair, exercise, extramarital affair, realtor, voyeurism, quitting a job, neighborhood, philosophical, retired army man, closeted homosexual, singing in a car, gay theme, intimate, existential, teenager, camcorder",15000000,356296601,18.9689,7.997,13388
10897,The Little Rascals,"When nine-year-old Alfalfa falls for Darla, his ""He-Man-Woman-Hating"" friends attempt to sabotage their relationship.",1994-08-05,82,en,"Romance, Comedy, Family","friendship, shenanigan, group of friends, woman director",0,67308282,23.6932,6.8,1373
4248,Scary Movie 2,"A group of students visit a mansion called ""Hell House,"" and murderous high jinks ensue.",2001-07-04,82,en,Comedy,"supernatural, exorcism, haunted house, parody, sequel, spoof, horror spoof, secret door, college student, school project, haunted mansion, weed, horror parody, supernatural horror, whimsical, supernatural comedy",45000000,141220678,18.9828,5.851,5413
501929,The Mitchells vs. the Machines,"A quirky, dysfunctional family's road trip is upended when they find themselves in the middle of the robot apocalypse and suddenly become humanity's unlikeliest last hope.",2021-04-22,110,en,"Animation, Adventure, Comedy","man vs machine, technology, dysfunctional family, family relationships, family drama, father daughter conflict, evil robot, 3d animation, cheerful",75000000,0,17.1759,7.824,3510
360920,The Grinch,The Grinch hatches a scheme to ruin Christmas when the residents of Whoville plan their annual holiday celebration. But a certain little who might change things.,2018-11-08,85,en,"Animation, Comedy, Family, Fantasy","holiday, surrealism, remake, based on children's book, christmas, 3d animation, cheerful",75000000,552976825,18.3977,6.862,4525
1250,Ghost Rider,"In order to save his dying father, young stunt cyclist Johnny Blaze sells his soul to Mephistopheles and sadly parts from the pure-hearted Roxanne Simpson, the love of his life. Years later, Johnny's path crosses again with Roxanne, now a go-getting reporter, and also with Mephistopheles, who offers to release Johnny's soul if Johnny becomes the fabled, fiery 'Ghost Rider'.",2007-01-15,114,en,"Thriller, Action, Fantasy","dying and death, religion and supernatural, superhero, supernatural, possession, devil's son, stunt, flame, stuntman, based on comic, religion, soul selling, fallen angel, motorcycle, devil, person on fire, demon, first love, news reporter, faustian pact, stunt riding, supernatural horror, tortured soul, lost souls, deal with the devil",110000000,228738393,20.1475,5.623,6671
107,Snatch,"Unscrupulous boxing promoters, violent bookies, a Russian gangster, incompetent amateur robbers, and supposedly Jewish jewellers fight to track down a priceless stolen diamond.",2000-09-01,103,en,"Crime, Comedy","robbery, trailer park, england, gypsy, gambling, bare knuckle boxing, slang, diamond, antwerp, pig, gangster, boxer, caper, underground fighting, diamond heist, pikey, farce, excited",100000000,83557872,17.6908,7.8,10310
20526,TRON: Legacy,"Sam Flynn, the tech-savvy and daring son of Kevin Flynn, investigates his father's disappearance and is pulled into The Grid. With the help of a mysterious program named Quorra, Sam quests to stop evil dictator Clu from crossing into the real world.",2010-12-14,126,en,"Adventure, Action, Science Fiction","artificial intelligence (a.i.), computer program, video game, secret identity, dystopia, simulation, super computer, utopia, deception, computer simulation, sequel, computer game, based on video game, 80s style, autocracy, based on game",170000000,409912892,19.066,6.549,8174
41513,The Smurfs,"When the evil wizard Gargamel chases the tiny blue Smurfs out of their village, they tumble from their magical world and into ours -- in fact, smack dab in the middle of Central Park. Just three apples high and stuck in the Big Apple, the Smurfs must find a way to get back to their village before Gargamel tracks them down.",2011-07-29,103,en,"Animation, Family, Adventure, Comedy, Fantasy","moon, magic, based on comic, blue, vortex, cat and mouse, duringcreditsstinger, live action and animation, 3d animation, casual",110000000,563749323,18.7391,5.754,4089
1236153,Mercy,"In the near future, a detective stands on trial accused of murdering his wife. He has ninety minutes to prove his innocence to the advanced AI Judge he once championed, before it determines his fate.",2026-01-19,100,en,"Science Fiction, Thriller, Crime, Mystery","race against time, mission, artificial intelligence (a.i.), bomb, kidnapping, dystopia, cop, los angeles, california, false accusations, innocent suspect, father daughter relationship, criminal justice system, evidence room, near future, screenlife, alcoholic cop, crime",60000000,54708061,19.1148,7.1,1723
118340,Guardians of the Galaxy,"Light years from Earth, 26 years after being abducted, Peter Quill finds himself the prime target of a manhunt after discovering an orb wanted by Ronan the Accuser.",2014-07-30,121,en,"Action, Science Fiction, Adventure","spacecraft, based on comic, space, orphan, adventurer, aftercreditsstinger, duringcreditsstinger, marvel cinematic universe (mcu)",170000000,772776600,19.034,7.908,30360
10340,Lady and the Tramp,"Lady, a golden cocker spaniel, meets up with a mongrel dog who calls himself the Tramp. He is obviously from the wrong side of town, but happenings at Lady's home make her decide to travel with him for a while.",1955-06-22,76,en,"Animation, Family, Romance, Adventure, Comedy","love of one's life, female lover, cartoon, villain, kiss, cartoon cat, cartoon dog, pets, enchant",4000000,36359037,16.6461,7.127,5755
77,Memento,"Leonard Shelby is tracking down the man who raped and murdered his wife. The difficulty of locating his wife's killer, however, is compounded by the fact that he suffers from a rare, untreatable form of short-term memory loss. Although he can recall details of life before his accident, Leonard cannot remember what happened fifteen minutes ago, where he's going, or why.",2000-10-11,113,en,"Mystery, Thriller","drug dealer, amnesia, insulin, tattoo, waitress, motel, manipulation, flashback, confusion, revenge, murder, memory loss, memory, psychological thriller, whodunit, los angeles, california, polaroid, based on short story, nonlinear timeline, mourning, insurance agent, individuality, phone call, paranoid, neo-noir, somber, reverse chronology, awestruck, bewildered, bold, suspense mystery",9000000,40060108,18.3008,8.173,16807
75612,Oblivion,"Jack Harper is one of the last few drone repairmen stationed on Earth. Part of a massive operation to extract vital resources after decades of war with a terrifying threat known as the Scavs, Jack’s mission is nearly complete. His existence is brought crashing down when he rescues a beautiful  stranger from a downed spacecraft. Her arrival triggers a chain of events that  forces him to question everything he knows and puts the fate of humanity in his hands.",2013-04-10,124,en,"Action, Science Fiction, Adventure, Mystery","spacecraft, dystopia, post-apocalyptic future, based on comic, space, drone, surveillance, human vs alien, wonder, 2070s",120000000,286168572,16.9956,6.693,11855
87827,Life of Pi,"The story of an Indian boy named Pi, a zookeeper's son who finds himself in the company of a hyena, zebra, orangutan, and a Bengal tiger after a shipwreck sets them adrift in the Pacific Ocean.",2012-11-20,127,en,"Adventure, Drama","sea, faith, loss of loved one, 1970s, zebra, survival, young boy, zookeeper, orangutan, teenage boy, hyena, meerkat, magic realism, cargo ship, lifeboat, injured animal, storm at sea, told in flashback, wreckage, loss of family, teenage protagonist, family loss, flying fish, exhilarated, vibrant, teen fantasy",120000000,609016565,18.5565,7.414,14036
697843,Extraction 2,"Back from the brink of death, highly skilled commando Tyler Rake takes on another dangerous mission: saving the imprisoned family of a ruthless gangster.",2023-06-09,122,en,"Action, Thriller, Crime","explosive, mercenary, rescue mission, sequel, revenge, georgia europe, criminal underworld, based on graphic novel, behind enemy lines, gritty, violence, survival instinct, family rescue, intense firefights, broken hero",65000000,0,19.161,7.4,3067
615453,Ne Zha,"A young boy is born as the reincarnation of a demonic power, into a society that hates and fears him. Destined by prophecy to bring destruction to the world, Nezha must choose between good and evil to see if he can change his fate.",2019-07-26,110,zh,"Animation, Fantasy, Adventure","fight, magic, dragon, demon, dark fantasy, based on myths, legends or folklore, 3d animation, nezha, chinese folklore, chinese mythology, donghua, shenmo, ne zha",22000000,742718496,20.3281,7.912,967
940721,Godzilla Minus One,"In postwar Japan, Godzilla brings new devastation to an already scorched landscape. With no military intervention or government help in sight, the survivors must join together in the face of despair and fight back against an unrelenting horror.",2023-11-03,125,ja,"Science Fiction, Horror, Action","monster, loss of loved one, giant monster, kamikaze, duty, atomic bomb test, radioactivity, naval combat, reboot, kaiju, macabre, duringcreditsstinger, post war japan, 1940s, naval battle, naval battleship, survivor's guilt, found family, godzilla, war orphan, tokusatsu",15000000,113676322,18.8743,7.6,3450
142,Brokeback Mountain,"In 1960s Wyoming, two men develop a strong emotional and sexual relationship that endures as a lifelong connection complicating their lives as they get married and start families of their own.",2005-10-22,134,en,"Drama, Romance","secret love, wyoming, usa, countryside, homophobia, marriage crisis, intolerance, in the closet, summer, cowboy, lgbt, star crossed lovers, 1960s, thoughtful, closeted homosexual, gay romance, gay theme, gay relationship, matter of fact",14000000,178043761,18.657,7.783,7746
495764,Birds of Prey (and the Fantabulous Emancipation of One Harley Quinn),"Harley Quinn joins forces with a singer, an assassin and a police detective to help a young girl who had a hit placed on her after she stole a rare diamond from a crime lord.",2020-02-05,109,en,"Action, Crime","police, pickpocket, chase, psychopath, superhero, nightclub, dark comedy, gang leader, based on comic, breaking the fourth wall, betrayal, vigilante, mobster, organized crime, shootout, female protagonist, orphan, criminal, police officer, police detective, spin off, death of family, crime family, female police officer, woman director, hand to hand combat, vigilantism, dc extended universe (dceu), supernatural power, betrayal of trust, vigilante justice, bewildered",75000000,205537933,18.7011,6.863,11017
1125257,Freakier Friday,"Years after Tess and Anna endured an identity crisis, Anna now has a daughter of her own and a soon-to-be stepdaughter. As they navigate the myriad challenges that come when two families merge, Tess and Anna discover lightning might indeed strike twice.",2025-08-06,110,en,"Comedy, Fantasy, Family","based on novel or book, body exchange, sequel, female protagonist, body-swap, mother daughter relationship, amused",42000000,153176952,18.2741,6.8,802
787,Mr. & Mrs. Smith,"A husband and wife struggle to keep their marriage alive until they realize they are both secretly working as assassins. Now, their respective assignments require them to kill each other.",2005-06-07,120,en,"Action, Comedy, Drama, Thriller","assassin, bomb, hitman, marriage crisis, gun, secret identity, married couple, assault rifle, marriage, decoy, secret agent, dysfunctional marriage, gunfight, bullet wound, embarrassed",110000000,487287646,17.0995,6.695,11530
875828,Peaky Blinders: The Immortal Man,"After his estranged son gets embroiled in a Nazi plot, self-exiled gangster Tommy Shelby must return to Birmingham to save his family — and his nation.",2026-03-05,112,en,"Crime, Drama","england, gangster, betrayal, organized crime, period drama, gang warfare, 1940s, birmingham, based on tv series, fatalism, commanding, dark atmosphere, haunted by his demons, german covert operation, british underworld, wartime trauma, smuggling network",0,0,18.6006,7.189,1241
8358,Cast Away,"Chuck Noland, a top international manager for FedEx, and Kelly, a Ph.D. student, are in love and heading towards marriage. Then Chuck's plane to Malaysia crashes at sea during a terrible storm. He's the only survivor, and finds himself marooned on a desolate island. With no way to escape, Chuck must find ways to survive in his new home.",2000-12-22,143,en,"Adventure, Drama","exotic island, suicide attempt, volleyball, survival, remarriage, loneliness, castaway, airplane crash, presumed dead, deserted island, tropical island, south pacific, intense, bold, melodramatic",90000000,429632142,17.8622,7.667,12587
675353,Sonic the Hedgehog 2,"After settling in Green Hills, Sonic is eager to prove he has what it takes to be a true hero. His test comes when Dr. Robotnik returns, this time with a new partner, Knuckles, in search for an emerald that has the power to destroy civilizations. Sonic teams up with his own sidekick, Tails, and together they embark on a globe-trotting journey to find the emerald before it falls into the wrong hands.",2022-03-30,123,en,"Action, Adventure, Family, Comedy","mad scientist, sequel, revenge, based on video game, duringcreditsstinger, hedgehog, live action and animation, relaxed, joyous, bold, cheerful, enthusiastic, sonic cinematic universe",110000000,405421518,18.5713,7.416,6031
11970,Hercules,"Bestowed with superhuman strength, a young mortal named Hercules sets out to prove himself a hero in the eyes of his father, the great god Zeus. Along with his friends Pegasus, a flying horse, and Phil, a personal trainer, Hercules is tricked by the hilarious, hotheaded villain Hades, who's plotting to take over Mount Olympus!",1997-06-13,93,en,"Animation, Family, Fantasy, Adventure, Comedy, Romance","peasant, hades, cartoon, villain, musical, pegasus, zeus, coming of age, ancient greece, aftercreditsstinger, olympus, hercules, worth",85000000,252712101,17.9359,7.499,8125
399055,The Shape of Water,"An other-worldly story, set against the backdrop of Cold War era America circa 1962, where a mute janitor working at a lab falls in love with an amphibious man being held captive there and devises a plan to help him escape.",2017-12-01,123,en,"Drama, Fantasy, Romance","government, fairy tale, cold war, supernatural, baltimore, usa, laboratory, orphan, scientist, magic realism, capture, sign languages, 1960s, calm, interspecies romance, complex, fishman, amphibious creature, informative, interspecies sex",19500000,195300000,17.0794,7.23,13098
124905,Godzilla,"Ford Brody, a Navy bomb expert, has just reunited with his family in San Francisco when he is forced to go to Japan to help his estranged father, Joe. Soon, both men are swept up in an escalating crisis when an ancient alpha predator arises from the sea to combat malevolent adversaries that threaten the survival of humanity. The creatures leave colossal destruction in their wake, as they make their way toward their final battleground: San Francisco.",2014-05-14,123,en,"Action, Drama, Science Fiction","japan, monster, san francisco, california, hawaii, giant monster, tsunami, remake, prehistoric creature, golden gate bridge, dinosaur, kaiju, honolulu, hawaii, disaster movie, global threat, animal horror, godzilla, monsterverse",160000000,524978362,17.7056,6.4,10033
1079091,It Ends with Us,"When a woman's first love suddenly reenters her life, her relationship with a charming, but abusive neurosurgeon is upended, and she realizes she must learn to rely on her own strength to make an impossible choice for her future.",2024-08-07,131,en,"Drama, Romance","based on novel or book, love triangle, abusive father, trauma, florist, flashback, love, domestic abuse, domestic violence, macabre, candid, satirical, repressed trauma, abusive relationship, adaptation, romantic drama, absurd, critical, antagonistic, baffled, defiant, vibrant",55000000,351441044,17.4253,6.951,2054
1034541,Terrifier 3,"Five years after surviving Art the Clown's Halloween massacre, Sienna and Jonathan are still struggling to rebuild their shattered lives. As the holiday season approaches, they try to embrace the Christmas spirit and leave the horrors of the past behind. But just when they think they're safe, Art returns, determined to turn their holiday cheer into a new nightmare. The festive season quickly unravels as Art unleashes his twisted brand of terror, proving that no holiday is safe.",2024-10-09,125,en,Horror,"monster, post-traumatic stress disorder (ptsd), angel, shower, child murder, santa claus, college, clown, bartender, gore, dormitory, sequel, serial killer, teenage girl, slasher, chainsaw, massacre, mental illness, disfigured face, mental asylum, cousin relationship, mall santa, killer clown, terrorist bombing, christmas horror, evil clown, christmas spirit, christmas, murder of parents, orphan siblings, supernatural power, death of a child, supernatural horror, bar, bloody, independent film, blood, low budget, megaslasher, sadistic horror",2000000,90322103,19.0368,6.8,2045
9738,Fantastic Four,"During a space voyage, four scientists are altered by cosmic rays: Reed Richards gains the ability to stretch his body; Sue Storm can become invisible; Johnny Storm controls fire; and Ben Grimm is turned into a super-strong … thing. Together, these ""Fantastic Four"" must now thwart the evil plans of Dr. Doom and save the world from certain destruction.",2005-06-29,106,en,"Action, Fantasy, Science Fiction","mask, friendship, marriage proposal, fire, sibling relationship, flying, radiation, missile, superhero, dna, transformation, based on comic, space, laboratory, explosion, scientist, super power, space station, brooklyn bridge, superhuman strength, invisibility, elasticity, baffled",100000000,333535934,17.8682,5.811,10236
297,Meet Joe Black,"Bill Parrish has it all - success, wealth and power. Days before his 65th birthday, he receives a visit from a mysterious stranger, Joe Black, who soon reveals himself as Death. In exchange for extra time, Bill agrees to serve as Joe's earthly guide. But will he regret his choice when Joe unexpectedly falls in love with Bill's beautiful daughter Susan?",1998-11-12,178,en,"Fantasy, Drama, Romance","life and death, broken engagement, love at first sight, fireworks, religion and supernatural, based on play or musical, fate, teenage crush, grim reaper, doctor, millionaire, death personified, death incarnate, angel of death, romantic, appreciative, compassionate",90000000,142940100,18.7909,7.371,5958
63,Twelve Monkeys,"In the year 2035, convict James Cole reluctantly volunteers to be sent back in time to discover the origin of a deadly virus that wiped out nearly all of the earth's population and forced the survivors into underground communities. But when Cole is mistakenly sent to 1990 instead of 1996, he's arrested and locked up in a mental hospital. There he meets psychiatrist Dr. Kathryn Railly and the son of a famous virus expert who may hold the key to the Army of the 12 Monkeys; thought to be responsible for unleashing the killer disease.",1995-12-29,129,en,"Science Fiction, Thriller, Mystery","biological weapon, philadelphia, pennsylvania, schizophrenia, stockholm syndrome, airplane, world war i, underground, insanity, asylum, paranoia, prison cell, dystopia, pimp, lion, post-apocalyptic future, time travel, florida keys, mental breakdown, melancholy, past, dormitory, insane asylum, volunteer, drug use, flashback, remake, psychiatric hospital, jail, mental institution, cyberpunk, alternate history, disease, lethal virus, paradox, psychiatrist, monkey, epidemic, trapped, street life, nonlinear timeline, medical research, gas mask, psychosis, subterranean, virus, mysterious, recurring dream, 1990s, escaped animal, future noir, animal research, anxious, 2030s, inspirational, suspenseful, critical, intense",29000000,168841459,18.6441,7.614,9415
335,Once Upon a Time in the West,"As the railroad builders advance unstoppably through the Arizona desert on their way to the sea, Jill arrives in the small town of Flagstone with the intention of starting a new life.",1968-12-21,166,it,"Drama, Western","small town, loss of loved one, harmonica, wedding party, spaghetti western, arizona territory, intercontintental railroad, outlaw gang, water pump, mysterious character, boom town, railroad company, hope for a new life, railroad construction, excited, techniscope",5000000,5380118,17.9564,8.3,5064
991494,The SpongeBob Movie: Search for SquarePants,"Desperate to be a big guy, SpongeBob sets out to prove his bravery to Mr. Krabs by following The Flying Dutchman – a mysterious swashbuckling ghost pirate – on a seafaring adventure that takes him to the deepest depths of the deep sea, where no Sponge has gone before.",2025-12-16,88,en,"Adventure, Family, Animation, Comedy, Fantasy","sequel, based on cartoon, pirate, based on tv series, 3d animation, casual, underworld, adoring, amused, cheerful, familiar",64000000,163197450,18.0477,6.8,356
882569,Guy Ritchie's The Covenant,"After an ambush, Afghan interpreter Ahmed goes to Herculean lengths to save US Army Sergeant John Kinley's life. When Kinley learns that Ahmed and his family were not given safe passage to America as promised, he must return to the war zone and repay his debt.",2023-04-19,123,en,"War, Action, Thriller","ambush, interpreter, afghanistan, rescue mission, afghanistan war (2001-2021), taliban, behind enemy lines, wounded soldier, war trauma, covenant",55000000,21948551,19.9796,7.721,3372
467905,How to Make a Killing,"Disowned at birth by his obscenely wealthy family, blue-collar Becket Redfellow will stop at nothing to reclaim his inheritance, no matter how many relatives stand in his way.",2026-02-16,105,en,"Comedy, Thriller","manipulation, dark comedy, deception, family secrets, remake, killing spree, family power struggle, disowned, revenge thriller, family fortune, hidden motives, family inheritance, succession conflict, rival heirs, estate mansion",15000000,21598574,18.9404,7.0,763
1197137,Black Phone 2,"Four years after defeating The Grabber, Finney Blake is struggling with life after captivity. When his younger sister Gwen begins receiving calls in her dreams from the Black Phone and seeing disturbing visions of three boys being stalked at a winter camp, the siblings become determined to solve the mystery and confront a killer who has grown more powerful in death and more significant to them than either could imagine.",2025-10-15,114,en,"Horror, Thriller","mask, child abuse, dreams, sibling relationship, winter, child murder, supernatural, rocky mountains, colorado, sequel, murder, domestic abuse, serial killer, snow, camp, slasher, based on short story, child kidnapping, 1980s, 1950s, masked villain, brother sister relationship, masked, supernatural horror, christian faith, psychological horror, nightmares, teen horror, horror, frozen lake",30000000,132675749,18.4885,6.6,1355
335977,Indiana Jones and the Dial of Destiny,"Finding himself in a new era, and approaching retirement, Indy wrestles with fitting into a world that seems to have outgrown him. But as the tentacles of an all-too-familiar evil return in the form of an old rival, Indy must don his hat and pick up his whip once more to make sure an ancient and powerful artifact doesn't fall into the wrong hands.",2023-06-25,155,en,"Adventure, Action","melancholy, treasure hunt, ancient rome, sequel, flashback, knife fight, archaeologist, adventurer, 1960s, nazi germany, bold, excited",294700000,383963057,18.0024,6.492,4374
399566,Godzilla vs. Kong,"In a time when monsters walk the Earth, humanity’s fight for its future sets Godzilla and Kong on a collision course that will see the two most powerful forces of nature on the planet collide in a spectacular battle for the ages.",2021-03-24,114,en,"Action, Science Fiction, Adventure","giant monster, dinosaur, creature feature, kaiju, sign languages, giant ape, godzilla, robot dinosaur, king kong, cliché, monsterverse",200000000,470116094,17.252,7.519,10837
4922,The Curious Case of Benjamin Button,"Born under unusual circumstances, Benjamin Button springs into being as an elderly man in a New Orleans nursing home and ages in reverse. Twelve years after his birth, he meets Daisy, a child who flits in and out of his life as she grows up to be a dancer. Though he has all sorts of unusual adventures over the course of his life, it is his relationship with Daisy, and the hope that they will come together at the right time, that drives Benjamin forward.",2008-12-25,166,en,"Drama, Fantasy, Romance","new york city, navy, funeral, boat, diary, tea, great depression, travel, hospital, historical fiction, period drama, magic realism, based on short story, fictional biography, 1940s, 1930s, reverse aging, father son relationship, war",150000000,335802786,17.9213,7.602,14069
205587,The Judge,"A successful lawyer returns to his hometown for his mother's funeral only to discover that his estranged father, the town's judge, is suspected of murder.",2014-10-08,141,en,Drama,"small town, indiana, usa, judge, parent child relationship, dysfunctional family, trial, family relationships, lawyer, courtroom, courtroom drama, father son relationship, legal thriller",40000000,84419388,17.3886,7.331,4557
5559,Bee Movie,"Barry B. Benson, a recent college graduate who wants more out of his life than making honey, decides to sue the human race after learning about the exploitation of bees at the hands of mankind. What will happen next?",2007-10-28,91,en,"Family, Animation, Adventure, Comedy","factory worker, airplane, court, tennis, florist, flower shop, college, pilot, beehive, lawsuit, bee sting, aftercreditsstinger, implied bestiality, 3d animation, casual, cartoon bee, empathetic, enthusiastic",150000000,287594577,18.117,6.051,5437
50476,Untold Scandal,"In late 1700s Korea, Lady Cho challenges the playboy Lord Jo-won into seducing and sleeping with her husband's coming young, virgin concubine. Lady Cho agrees to sleep with him if he succeeds.",2003-10-02,124,ko,"Drama, Romance","based on novel or book, blackmail, eroticism, seduction, sexual promiscuity, period drama, historical, tragic event, mature, 18th century, catholicism, cousin relationship, religious persecution, joseon dynasty (1392–1910)",0,0,16.1783,6.4,63
13448,Angels & Demons,"Harvard symbologist Robert Langdon is recruited by the Vatican to investigate the apparent return of the Illuminati – a secret, underground organization – after four cardinals are kidnapped on the night of the papal conclave.",2009-04-20,139,en,"Thriller, Mystery","based on novel or book, rome, italy, vatican (holy see), symbolism, illuminati, quantum mechanics, prequel, anti matter, conspiracy, investigator, catholicism, cern, conspiracy thriller",150000000,485930816,18.2501,6.73,7520
274857,King Arthur: Legend of the Sword,"When the child Arthur’s father is murdered, Vortigern, Arthur’s uncle, seizes the crown. Robbed of his birthright and with no idea who he truly is, Arthur comes up the hard way in the back alleys of the city. But once he pulls the sword Excalibur from the stone, his life is turned upside down and he is forced to acknowledge his true legacy... whether he likes it or not.",2017-05-09,126,en,"Action, Drama, Fantasy","sword, legend, camelot, knight, king arthur, king, excalibur, sword and sorcery, arthur",175000000,149175066,17.955,6.56,6200
402900,Ocean's Eight,"Debbie Ocean, a criminal mastermind, gathers a crew of female thieves to pull off the heist of the century at New York's annual Met Gala.",2018-06-07,111,en,"Crime, Comedy, Action","new york city, heist, spin off, estranged sister, the met gala, cliché",70000000,297718711,18.4029,6.946,9008
1290417,Thrash,"When a catastrophic hurricane slams a coastal town, stranded residents must survive rapidly rising waters swarming with ravenous sharks.",2026-04-09,84,en,"Horror, Thriller","hurricane, natural disaster, shark attack, survival horror, flood, animal horror, fight for survival, ocean horror, family under threat, unpredictable danger, life‑or‑death struggle, storm threat, isolated survivors, fear‑driven decisions, scientific expertise",0,0,18.4028,6.162,834
1278,The Dreamers,"When Isabelle and Theo invite Matthew to stay with them, what begins as a casual friendship ripens into a sensual voyage of discovery and desire in which nothing is off limits and everything is possible.",2003-10-10,115,en,"Drama, Romance","hotel, first time, paris, france, love triangle, students' movement, sexuality, bathing, flat, menage a trois, riot, crush, twins, incest, american abroad, polyamory, communism, 1960s, brother sister relationship, sex, nudity, foreign student, pretentious, film, female full frontal nudity",15000000,15100000,18.3905,7.2,3172
1470130,The Mortuary Assistant,"Rebecca Owens, a recent mortuary science graduate takes a night shift job at River Fields Mortuary. Initially, the job seems straightforward — embalming bodies, completing paperwork, and keeping things tidy. But once Rebecca starts working the night shift, things take a dark turn.",2026-02-13,91,en,"Horror, Mystery","night shift, based on video game, mortuary, macabre, desperate, supernatural horror, psychological horror, callous",0,1300011,18.3763,5.2,196
300668,Annihilation,"A biologist signs up for a dangerous, secret expedition into a mysterious zone where the laws of nature don't apply.",2018-02-22,115,en,"Science Fiction, Horror","depression, florida, quarantine, coma, based on novel or book, mutation, self-destruction, professor, dna, expedition, transformation, alligator, hybrid, swamp, meteor, grief, physicist, cancer, memory loss, psychologist, scientist, paramedic, missing person, mourning, beast, geologist, biologist, unusual phenomena, psychedelic, speculative, meditative, compound, missing husband, fauna, mysterious life form, flora, dreary, body horror, lovecraftian, psychological horror, absurd, ambiguous",40000000,43070915,18.3659,6.451,9662
7485,Shooter,"A top Marine sniper, Bob Lee Swagger, leaves the military after a mission goes horribly awry and disappears, living in seclusion. He is coaxed back into service after a high-profile government official convinces him to help thwart a plot to kill the President of the United States. Ultimately double-crossed and framed for the attempt, Swagger becomes the target of a nationwide manhunt. He goes on the run to track the real killer and find out who exactly set him up, and why, eventually seeking revenge against some of the most powerful and corrupt leaders in the free world.",2007-03-22,124,en,"Drama, Action, Thriller","philadelphia, pennsylvania, assassination, usa president, based on novel or book, widow, fbi, ethiopia, on the run, conspiracy, dog, ex-marine, patriot, u.s. marine, veteran, u.s. senator, framed for murder, government corruption, archbishop, aggressive, army colonel, manhunt, elite sniper, death of friend, fbi agent, pipeline, gunnery sergeant, fugitive suspect, marine sniper, intense, bitter, spotter",61000000,95700000,18.3471,7.127,5642
788,Mrs. Doubtfire,"Loving but irresponsible dad Daniel Hillard, estranged from his exasperated spouse, is crushed by a court order allowing only weekly visits with his kids. When Daniel learns his ex needs a housekeeper, he gets the job -- disguised as a British nanny. Soon he becomes not only his children's best pal but the kind of parent he should have been from the start.",1993-11-24,125,en,"Comedy, Drama, Family","mask, parent child relationship, san francisco, california, social worker, transvestite, nanny, restaurant, fake identity, custody battle, responsibility, voice acting, divorced couple, apologetic, enchant, frustrated",25000000,441286195,18.3394,7.195,6814
701387,Bugonia,"Two conspiracy obsessed young men kidnap the high-powered CEO of a major company, convinced that she is an alien intent on destroying planet Earth.",2025-10-23,119,en,"Science Fiction, Thriller, Comedy","saving the world, capitalism, kidnapping, paranoia, delusion, symbolism, dark comedy, satire, alien, remake, extraterrestrial, alien invasion, power politics, mental illness, hierarchy, global threat, absurdism, political conflict, alien conspiracy, ecologism, social critique, excited, comedy horror",55000000,43500000,18.3347,7.293,2444
76757,Jupiter Ascending,"In a universe where human genetic material is the most precious commodity, an impoverished young Earth woman becomes the key to strategic maneuvers and internal strife within a powerful dynasty…",2015-02-04,127,en,"Science Fiction, Fantasy, Action","jupiter, space, space opera, woman director, interspecies romance",176000000,184000000,18.2971,5.474,7254
310,Bruce Almighty,"Bruce Nolan toils as a ""human interest"" television reporter in Buffalo, NY, but despite his high ratings and the love of his beautiful girlfriend, Bruce remains unfulfilled. At the end of the worst day in his life, he angrily ridicules God — and the Almighty responds, endowing Bruce with all of His divine powers.",2003-05-23,101,en,"Fantasy, Comedy","new love, lovesickness, moon, street gang, moses, faith, prayer, christianity, journalism, car crash, god, religion, relationship, super power, news reporter, female journalist, religious conflict, responsibility, praying, almighty, ambiguous",80000000,484592874,18.2959,6.727,11762
138832,We're the Millers,A veteran pot dealer creates a fake family as part of his plan to move a huge shipment of weed into the U.S. from Mexico.,2013-08-07,110,en,"Comedy, Crime","drug dealer, mexico, drug smuggling, fireworks, camping, denver, colorado, carnival, witness protection, stripper, road trip, breaking the fourth wall, marijuana, drug stealing, man child, drugs, drug lord, first kiss, strip tease, dea, homeless girl, drug syndicate, drug gang, 4th of july, drug money, pretend family, rv",37000000,270000000,18.2677,6.842,9687
1294203,My Fault: London,"18-year-old Noah moves from America to London, with her mother who's recently fallen in love with William, a wealthy British businessman. Noah meets William’s son, bad-boy Nick, and soon discovers there is an attraction between them neither can avoid. As Noah spends the summer adjusting to her new life, her devastating past will catch up with her while falling in love for the first time.",2025-02-12,119,en,"Drama, Romance","based on novel or book, release from prison, estranged father",0,0,18.2608,7.4,627
98566,Teenage Mutant Ninja Turtles,"When a kingpin threatens New York City, a group of mutated turtle warriors must emerge from the shadows to protect their home.",2014-08-07,101,en,"Science Fiction, Action, Adventure, Comedy","new york city, van, martial arts, hero, experiment, mutation, superhero, turtle, based on comic, ninja, vigilante, terrorism, sewer, reboot",125000000,485004754,18.2499,5.93,7330
293167,Kong: Skull Island,"Explore the mysterious and dangerous home of the king of the apes as a team of explorers ventures deep inside the treacherous, primordial island.",2017-03-08,118,en,"Action, Adventure, Fantasy","vietnam veteran, island, monster, 1970s, expedition, giant monster, giant spider, creature, spin off, u.s. soldier, giant animal, kaiju, aftercreditsstinger, giant ape, monster island, uncharted, king kong, monsterverse",185000000,566652812,18.2441,6.559,11360
534,Terminator Salvation,"All grown up in post-apocalyptic 2018, John Connor must lead the resistance of humans against the increasingly dominating militaristic robots. But when Marcus Wright appears, his existence confuses the mission as Connor tries to determine whether Wright has come from the future or the past -- and whether he's friend or foe.",2009-05-20,115,en,"Action, Science Fiction, Thriller","army, artificial intelligence (a.i.), saving the world, prophecy, san francisco, california, gas station, cyborg, killer robot, dystopia, firearm, post-apocalyptic future, wartime, sequel, los angeles, california",200000000,371353001,18.2293,6.103,7257
20504,The Book of Eli,"A post-apocalyptic tale, in which a lone man fights his way across America in order to protect a sacred book that holds the secrets to saving humankind.",2010-01-14,118,en,"Action, Thriller, Science Fiction","faith, chaos, dystopia, post-apocalyptic future, bible, survival, gunfight, blind, brutality, cannibal, combat, 2040s, carnage, grimdark",80000000,157107755,17.5274,6.81,6913
1246049,Dracula,"In late 15th-century Eastern Europe, Prince Vlad II’s bride is brutally murdered. As a result, he renounces God and damns Heaven itself. Cursed with eternal life, Vlad is reborn as Dracula, an immortal warlord who defies fate in a blood-soaked crusade to wrench his lost love back from death.",2025-07-30,130,fr,"Horror, Fantasy, Romance","paris, france, vampire, beheading, parfum, gargoyle, gothic horror, music box, eternal love, 19th century, 15th century, loss of wife, dracula",52000000,42415061,20.0806,7.253,1501
10386,The Iron Giant,"In the small town of Rockwell, Maine in October 1957, a giant metal machine befriends a nine-year-old boy and ultimately finds its humanity by unselfishly saving people from their own fears and prejudices.",1999-08-06,86,en,"Animation, Drama, Family, Science Fiction, Adventure","friendship, small town, based on novel or book, self sacrifice, cold war, villain, alien, meteorite, giant robot, robot, autumn, fear of unknown, 1950s, mother son relationship, awestruck, euphoric, hopeful",50000000,23300000,17.6312,7.965,6388
64635,Total Recall,"Factory worker Doug Quaid takes a virtual mind-trip vacation with the Rekall company, opting for implanted memories of being a spy. When the procedure goes wrong, Quaid becomes a wanted man by the police and joins forces with a rebel fighter to stop the evil Chancellor Cohaagen.",2012-08-02,118,en,"Action, Science Fiction, Thriller","dystopia, secret agent, remake, machine gun, resistance fighter, false memory, robot cop, suppression, rebel hero, safe deposit box, british colonialism, smog, gatling gun, center of the earth, implanted memory",125000000,198800000,18.7558,6.036,6026
310131,The Witch,"In 1630, a farmer relocates his family to a remote plot of land on the edge of a forest where strange, unsettling things happen. With suspicion and paranoia mounting, each family member's faith, loyalty and love are tested in shocking ways.",2016-02-19,92,en,"Horror, Drama, Mystery, Fantasy, Thriller","witch, isolation, magic, possession, black magic, older woman seduces younger guy, new hampshire, woods, goat, puritan, religion, crying, false accusations, witchcraft, new england, praying, 17th century, folk horror, evil force, english colony, grimdark, excited",4000000,40423945,17.6996,7.003,7901
748783,The Garfield Movie,"Garfield, the world-famous, Monday-hating, lasagna-loving indoor cat, is about to have a wild outdoor adventure! After an unexpected reunion with his long-lost father – scruffy street cat Vic – Garfield and his canine friend Odie are forced from their perfectly pampered life into joining Vic in a hilarious, high-stakes heist.",2024-04-30,101,en,"Adventure, Animation, Comedy, Family","friendship, cat, villain, based on comic, lasagna, computer animation, based on cartoon, food, dog, female villain, aftercreditsstinger, father son relationship, 3d animation, adaptation",60000000,254907482,17.8483,6.946,1508
37169,The Human Centipede (First Sequence),"During a stopover in Germany in the middle of a carefree road trip through Europe, two American girls find themselves alone at night when their car breaks down in the woods. Searching for help at a nearby villa, they are wooed into the clutches of a deranged retired surgeon, who has a very disturbed vision.",2009-10-31,92,en,Horror,"sadism, kidnapping, exploitation, surgeon, disgust, body mutilation, police officer, centipede, psychosis, coprophilia, scalpel, equestrian, torture porn, disturbed, coprophagia, anesthesia, intravenous, body horror, misanthrope, banned film, shock value, sadistic horror, disgusted, disturbing, splatter horror, blood and gore",2000000,252207,18.4384,5.2,2475
8078,Alien Resurrection,"Two hundred years after Lt. Ripley died, a group of scientists clone her, hoping to breed the ultimate weapon. But the new Ripley is full of surprises … as are the new aliens. Ripley must team with a band of smugglers to keep the creatures from reaching Earth.",1997-11-12,109,en,"Science Fiction, Horror, Action","android, smuggling (contraband), dystopia, mercenary, sequel, alien, betrayal, cloning, creature, scientist, flamethrower, gene manipulation, man in wheelchair, breeding, genetic engineering, curious, regeneration, alien queen, explosive decompression, desperate, sci-fi horror, antagonistic, excited, action horror, sci-fi action",70000000,162000000,17.7992,6.171,5777
268,Batman,"Having witnessed his parents' brutal murder as a child, millionaire philanthropist Bruce Wayne fights crime in Gotham City disguised as Batman, a costumed hero who strikes fear into the hearts of villains. But when a deformed madman known as 'The Joker' seizes control of Gotham's criminal underworld, Batman must face his most ruthless nemesis ever while protecting both his identity and his love interest, reporter Vicki Vale.",1989-06-21,126,en,"Fantasy, Action, Crime","dual identity, double life, chemical, crime fighter, superhero, villain, based on comic, vigilante, mobster, organized crime, criminal, super power, madness, vigilantism, cautionary, good versus evil",35000000,411348924,16.8345,7.234,8830
9732,The Lion King II: Simba's Pride,"The circle of life continues for Simba, now fully grown and in his rightful place as the king of Pride Rock. Simba and Nala have given birth to a daughter, Kiara who's as rebellious as her father was. But Kiara drives her parents to distraction when she catches the eye of Kovu, the son of the evil lioness, Zira. Will Kovu steal Kiara's heart?",1998-10-24,81,en,"Adventure, Animation, Drama, Family, Romance","friendship, baby, africa, lion, cartoon, sequel, father daughter relationship, inspirational, familiar",0,0,18.1028,6.938,4764
9532,Final Destination,"After a teenager has a terrifying vision of him and his friends dying in a plane crash, he prevents the accident only to have Death hunt them down, one by one.",2000-03-17,98,en,Horror,"airport, time travel, omen, premonition, airplane accident, airplane crash, corpse, death, macabre, near-death experience, desperate, cheating death, supernatural horror, cliché, deaths",23000000,112880294,17.9789,6.641,6965
88,Dirty Dancing,"Expecting the usual tedium that accompanies a summer in the Catskills with her family, 17-year-old Frances 'Baby' Houseman is surprised to find herself stepping into the shoes of a professional hoofer—and unexpectedly falling in love.",1987-08-21,100,en,"Drama, Music, Romance","hotel, daughter, dancing, secret love, robbery, sibling relationship, summer camp, dancing master, mambo, dance performance, coming of age, teenage crush, teenage girl, doctor, class differences, family holiday, sensuality, summer romance, catskill resort, playful, audacious",6000000,214577242,17.8336,7.3,6688
19913,(500) Days of Summer,"Tom, greeting-card writer and hopeless romantic, is caught completely off-guard when his girlfriend, Summer, suddenly dumps him. He reflects on their 500 days together to try to figure out where their love affair went sour, and in doing so, Tom rediscovers his true passions in life.",2009-07-17,95,en,"Comedy, Drama, Romance","jealousy, gallery, fight, date, architect, interview, romcom, sister, love, friends, fate, los angeles, california, summer, year, heartache",7500000,60781545,17.4888,7.3,11328
37135,Tarzan,"Tarzan was a small orphan who was raised by an ape named Kala since he was a child. He believed that this was his family, but on an expedition Jane Porter is rescued by Tarzan. He then finds out that he's human. Now Tarzan must make the decision as to which family he should belong to...",1999-06-17,88,en,"Animation, Family, Adventure","baby, africa, gorilla, adoption, cartoon, villain, feral child, tarzan, nest, anthropomorphism, jungle, camp, orphan, accidental death",130000000,448200000,18.2243,7.406,7513
2251,Unfaithful,A New York suburban couple's marriage goes dangerously awry when the wife indulges in an adulterous fling.,2002-05-10,124,en,"Thriller, Drama, Romance","adultery, infidelity, new york city, literature, eroticism, lover, erotic thriller",50000000,119137784,18.4521,6.7,1800
296,Terminator 3: Rise of the Machines,"It's been 10 years since John Connor saved Earth from Judgment Day, and he's now living under the radar, steering clear of using anything Skynet can trace. That is, until he encounters T-X, a robotic assassin ordered to finish what T-1000 started. Good thing Connor's former nemesis, the Terminator, is back to aid the now-adult Connor … just like he promised.",2003-07-02,109,en,"Action, Thriller, Science Fiction","man vs machine, artificial intelligence (a.i.), saving the world, leather jacket, cyborg, killer robot, dystopia, nanotechnology, rocket launcher, veterinarian, fire engine, villain, time travel, sequel, psychiatrist, urban setting, female villain, firefighter, action hero, 2030s, good versus evil, ambivalent",200000000,435000000,16.4304,6.206,7506
49046,All Quiet on the Western Front,"Paul Baumer and his friends Albert and Muller, egged on by romantic dreams of heroism, voluntarily enlist in the German army. Full of excitement and patriotic fervour, the boys enthusiastically march into a war they believe in. But once on the Western Front, they discover the soul-destroying horror of World War I.",2022-10-07,147,de,"War, Drama","based on novel or book, world war i, infantry, tank, battle, brutality, period drama, german soldier, shocking, 1910s, german army, aircraft, trench warfare, intense, depressing, war epic",20000000,0,17.5529,7.741,4952
529203,The Croods: A New Age,"Searching for a safer habitat, the prehistoric Crood family discovers an idyllic, walled-in paradise that meets all of its needs. Unfortunately, they must also learn to live with the Bettermans -- a family that's a couple of steps above the Croods on the evolutionary ladder. As tensions between the new neighbors start to rise, a new threat soon propels both clans on an epic adventure that forces them to embrace their differences, draw strength from one another, and survive together.",2020-11-25,95,en,"Animation, Family, Adventure, Fantasy, Comedy","sequel, prehistory, aftercreditsstinger, duringcreditsstinger, candid, playful, 3d animation, joyous, admiring, adoring, bold, enthusiastic",65000000,215905815,18.0513,7.4,4247
1114513,Speak No Evil,"When an American family is invited to spend the weekend at the idyllic country estate of a charming British family they befriended on vacation, what begins as a dream holiday soon warps into a snarled psychological nightmare.",2024-09-11,110,en,"Horror, Thriller","husband wife relationship, paranoia, remake, weekend getaway, europe vacation, children in danger, psychological horror, dangerous escalation, emotional manipulation, subtle menace, hospitality gone wrong, disturbing behavior, fear of strangers, predatory manipulation, deceptive kindness, parental fear",15000000,77239314,17.6176,7.087,2360
290250,The Nice Guys,A private eye investigates the apparent suicide of a fading porn star in 1970s Los Angeles and uncovers a conspiracy.,2016-05-15,116,en,"Comedy, Crime, Action","daughter, detective, 1970s, investigation, alcoholism, private investigator, conspiracy, whodunit, alcoholic, buddy cop, private eye, neo-noir, father daughter relationship, amused, vibrant, bumbling detective",50000000,71261763,17.4037,7.137,8949
194662,Birdman or (The Unexpected Virtue of Ignorance),"A fading actor best known for his portrayal of a popular superhero attempts to mount a comeback by appearing in a Broadway play. As opening night approaches, his attempts to become more altruistic, rebuild his career, and reconnect with friends and family prove more difficult than expected.",2014-10-17,120,en,"Drama, Comedy","new york city, midlife crisis, show business, superhero, dark comedy, times square, alter ego, aging actor, broadway, magic realism, city life, father daughter relationship, inner voice, apologetic",18000000,103215094,16.7352,7.4,13858
1234731,Anaconda,"A group of friends facing mid-life crises head to the rainforest with the intention of remaking their favorite movie from their youth, only to find themselves in a fight for their lives against natural disasters, giant snakes and violent criminals.",2025-12-24,100,en,"Adventure, Comedy, Horror","snake, animal attack, amazon rainforest, film in film, jungle, reptile, anaconda, reboot, animal horror, meta, bold, cliché, demeaning",45000000,135148320,15.3563,5.803,1473
159824,Hotel Transylvania 2,"When the old-old-old-fashioned vampire Vlad arrives at the hotel for an impromptu family get-together, Hotel Transylvania is in for a collision of supernatural old-school and modern day cool.",2015-09-21,89,en,"Animation, Comedy, Family, Fantasy","hotel, witch, skeleton, magic, transylvania, technology, marriage, mummy, halloween, only child, backpacker, sequel, wolfman, zombie, moving out, invisible person, new life, dracula, 3d animation",80000000,473200000,18.4596,6.766,6260
420817,Aladdin,A kindhearted street urchin named Aladdin embarks on a magical adventure after finding a lamp that releases a wisecracking genie while a power-hungry Grand Vizier vies for the same lamp that has the power to make their deepest wishes come true.,2019-05-22,127,en,"Adventure, Fantasy, Romance, Family","princess, hero, hustler, palace, sultan, flying carpet, musical, rags to riches, romance, monkey, family, first love, based on myths, legends or folklore, genie, arabian nights, live action and animation, live action remake, hilarious, adoring, familiar",183000000,1054304000,17.357,7.077,10824
257211,The Intern,"70-year-old widower Ben Whittaker has discovered that retirement isn't all it's cracked up to be. Seizing an opportunity to get back in the game, he becomes a senior intern at an online fashion site, founded and run by Jules Ostin.",2015-09-23,121,en,Comedy,"new york city, friendship, san francisco, california, office, masseuse, website, tai chi, internet, fish out of water, brooklyn, new york city, business start-up, driver, senior citizen, ceo, father figure, intern, social media, gentleman, woman director, meditative, city life, chivalry, retired life, professional woman, internship, e-comm, appreciative, enthusiastic, vibrant, elderly widower, online store",35000000,194564672,21.9038,7.225,7510
530915,1917,"At the height of the First World War, two young British soldiers must cross enemy territory and deliver a message that will stop a deadly attack on hundreds of soldiers.",2019-12-25,119,en,"War, Drama, History","race against time, world war i, british army, survival, soldier, period drama, real time, trenches, 1910s, trench warfare, no man's land, intense, horrified, war epic",100000000,446064352,17.3235,7.983,13951
297802,Aquaman,"Half-human, half-Atlantean Arthur Curry is taken on the journey of his lifetime to discover if he is worth of being a king.",2018-12-07,143,en,"Action, Adventure, Fantasy","hero, chase, atlantis, superhero, half-brother, based on comic, royalty, underwater, duringcreditsstinger, quest, dc extended universe (dceu), advanced civilization, two worlds",160000000,1152028393,16.4079,6.862,15239
15121,The Sound of Music,"In the years before World War II, a tomboyish postulant at an Austrian abbey is hired as a governess in the home of a widowed naval captain with seven children and brings a new love of life and music into the home.",1965-03-29,174,en,"Drama, Family, Music, Romance","resistance, world war ii, musical, austria, based on true story, music competition, based on play or musical, alps mountains, governess, convent (nunnery), postulant, novice, puppet show, nun in love, nazi occupation, 1930s, raising children, salzburg, austria, pre world war ii, rise of nazism, escape from fascism",8200000,286214286,18.0236,7.729,3745
335797,Sing,A koala named Buster recruits his best friend to help him drum up business for his theater by hosting a singing competition.,2016-11-23,108,en,"Animation, Comedy, Family, Music","musical, anthropomorphism, singing, animals, flood, singing competition, talking animal, 3d animation, jukebox musical, amused, approving, brisk, enthusiastic",75000000,634151679,17.2013,7.124,8593
166424,Fantastic Four,"Four young outsiders teleport to a dangerous universe, which alters their physical form in shocking ways. Their lives irrevocably upended, the team must learn to harness their daunting new abilities and work together to save Earth from a former friend turned enemy.",2015-08-05,100,en,"Action, Adventure, Science Fiction","teleportation, superhero, transformation, telekinesis, portal, based on comic, superhero team, invisible person, teamwork",120000000,167977596,16.451,4.432,6553
1891,The Empire Strikes Back,"The epic saga continues as Luke Skywalker, in hopes of defeating the evil Galactic Empire, learns the ways of the Jedi from aging master Yoda. But Darth Vader is more determined than ever to capture Luke. Meanwhile, rebel leader Princess Leia, cocky Han Solo, Chewbacca, and droids C-3PO and R2-D2 are thrown into various stages of capture, betrayal and despair.",1980-05-20,124,en,"Adventure, Action, Science Fiction","rebellion, android, spacecraft, asteroid, rebel, space battle, snowstorm, space colony, swamp, sequel, space opera, arctic, tuwaderalit",18000000,538400000,17.6416,8.392,18898
1824,50 First Dates,"Henry is a player skilled at seducing women. But when this veterinarian meets Lucy, a girl with a quirky problem when it comes to total recall, he realizes it's possible to fall in love all over again…and again, and again. That's because the delightful Lucy has no short-term memory, so Henry must woo her day after day until he finally sweeps her off her feet.",2004-02-13,99,en,"Comedy, Romance","amnesia, hawaii, romcom, deception, womanizer, love, car accident, screwball comedy, short-term memory loss, true love, romantic",75000000,196482882,17.6996,6.9,7941
408,Snow White and the Seven Dwarfs,"A beautiful girl, Snow White, takes refuge in the forest in the house of seven dwarfs to hide from her stepmother, the wicked Queen. The Queen is jealous because she wants to be known as ""the fairest in the land,"" and Snow White's beauty surpasses her own.",1938-01-22,83,en,"Fantasy, Animation, Family","witch, dying and death, princess, becoming an adult, dwarf, magic, poison, sadness, queen, attempted murder, cartoon, villain, kiss, miner, surrogate mother, love, apple, candlelight vigil, evil queen, based on fairy tale, magic mirror, good versus evil, seven dwarfs, whimsical, awestruck, straightforward",1488423,184925486,17.3007,7.128,8137
1735,The Mummy: Tomb of the Dragon Emperor,"Archaeologist Rick O'Connell travels to China, pitting him against an emperor from the 2,000-year-old Han dynasty who's returned from the dead to pursue a quest for world domination. This time, O'Connell enlists the help of his wife and son to quash the so-called 'Dragon Emperor' and his abuse of supernatural power.",2008-07-01,112,en,"Adventure, Action, Fantasy","china, sword, pyramid, mummy, yeti, sequel, chinese emperor, tomb, great wall of china, terracotta army, 1940s, 3rd century bc",145000000,403449830,18.5864,5.5,4946
49530,In Time,"In the not-too-distant future, the aging gene has been switched off. To avoid overpopulation, time has become the currency and the way people pay for luxuries and necessities. The rich can live forever, while the rest struggle to negotiate for their immortality. A poor young man who suddenly comes into a fortune of time finds himself on the run from a corrupt police force known as the ""time keepers"".",2011-10-27,109,en,"Action, Thriller, Science Fiction","future, race against time, immortality, bank, dystopia, time, love, on the run, class differences, biting, cops and robbers , aggressive, rich vs poor, in time, antagonistic, defiant, urgent",40000000,173900000,18.5327,6.971,12452
50014,The Help,"Aibileen Clark is a middle-aged African-American maid who has spent her life raising white children and has recently lost her only son; Minny Jackson is an African-American maid who has often offended her employers despite her family's struggles with money and her desperate need for jobs; and Eugenia ""Skeeter"" Phelan is a young white woman who has recently moved back home after graduating college to find out her childhood maid has mysteriously disappeared. These three stories intertwine to explain how life in Jackson, Mississippi revolves around ""the help""; yet they are always kept at a certain distance because of racial lines.",2011-08-09,146,en,Drama,"based on novel or book, mississippi river, exploitation, racial segregation, racism, writer, maid, moral courage, ressentiment, southern belle, racial issues, 1960s, newspaper columnist, desperate, cautionary, dramatic",25000000,216600000,18.0103,8.207,9292
343611,Jack Reacher: Never Go Back,"Years after resigning command of an elite military police unit, the nomadic, righter-of-wrongs Reacher is drawn back into the life he left behind when his friend and successor, Major Susan Turner is framed for espionage. Reacher will stop at nothing to prove her innocence and to expose the real perpetrators behind the killings of his former soldiers.",2016-10-19,118,en,"Action, Thriller, Crime","based on novel or book, espionage, military officer, homicide, falsely accused, new orleans, louisiana, investigation, afghanistan, us army, sequel, murder, on the run, false accusations, military police, court martial, ex military, army officer, ex army, military cover-up, intense",60000000,162100000,16.9052,6.031,5495
10555,Shark Tale,"Oscar is a small fish whose big aspirations often get him into trouble. Meanwhile, Lenny is a great white shark with a surprising secret that no sea creature would guess: He's a vegetarian. When a lie turns Oscar into an improbable hero and Lenny becomes an outcast, the two form an unlikely friendship.",2004-09-20,90,en,"Animation, Action, Comedy, Family","fish, secret love, hero, mission of murder, vegetarian, threat of death, anthropomorphism, shark, woman director, 3d animation",75000000,367300000,18.0465,6.047,6847
915935,Anatomy of a Fall,"A woman is suspected of her husband's murder, and their blind son faces a moral dilemma as the sole witness.",2023-08-23,151,fr,"Thriller, Mystery, Crime","husband wife relationship, winter, bisexuality, moral conflict, autopsy, blind, courtroom, lgbt, death of husband, woman director, moral dilemma, courtroom drama, mother son relationship, introspective, bisexual woman, grenoble, suspenseful, intense, amused, human mystery",6600000,36000000,17.8742,7.512,3489
28178,Hachi: A Dog's Tale,"Professor Wilson discovers a lost Akita puppy on his way home. Despite objections from his wife, Hachi endears himself to the family and grows to be Parker's loyal companion. As their bond grows deeper, a beautiful relationship unfolds.",2009-06-08,93,en,"Drama, Family","friendship, loyalty, pet, human animal relationship, family relationships, friends, dog, newspaper reporter, family dog, waiting, pets, hopeful",16000000,46800000,17.6967,8.003,7342
1032823,Trap,"A father and teen daughter attend a pop concert, where they realize they're at the center of a dark and sinister event.",2024-07-31,105,en,"Crime, Thriller, Music","concert, philadelphia, pennsylvania, double life, escape, s.w.a.t., pop star, father, limousine, celebrity, trap, serial killer, obsessive compulsive disorder (ocd), trapped, mental illness, sting operation, mayhem, father daughter relationship, plot twist",30000000,83677281,16.6103,6.215,3044
1363123,The Family Plan 2,"Now that Dan's assassin days are behind him, all he wants for Christmas is quality time with his kids. But when he learns his daughter has her own plans, he books a family trip to London—putting them all in the crosshairs of an unexpected enemy.",2025-11-11,106,en,"Action, Comedy","europe vacation, former assassin, covert assassin",0,0,18.8301,6.586,660
240832,Lucy,"A woman, accidentally caught in a dark deal, turns the tables on her captors and transforms into a merciless warrior evolved beyond human logic.",2014-07-25,89,en,"Action, Science Fiction","artificial intelligence (a.i.), telepathy, intelligence, drug mule, time travel, telekinesis, futuristic, drugs, super power, tough girl, surgery, brain capacity, synthetic drug, human brain, absurd, cliché, melodramatic, pretentious",40000000,469058574,16.6086,6.479,17407
37724,Skyfall,"When Bond's latest assignment goes gravely wrong, agents around the world are exposed and MI6 headquarters is attacked. While M faces challenges to her authority and position from Gareth Mallory, the new Chairman of the Intelligence and Security Committee, it's up to Bond, aided only by field agent Eve, to locate the mastermind behind the attack.",2012-10-24,143,en,"Action, Adventure, Thriller","spy, aston martin, secret agent, sociopath, police impersonator, hacking, mi6, killer, art gallery, british secret service, uzi, booby trap, macao, globetrotting, helicopter crash, scottish highlands, james bond, intense, vibrant",200000000,1108594176,16.3584,7.267,16434
50546,Just Go with It,"While romancing Palmer, a much younger schoolteacher, plastic surgeon Danny Maccabee enlists his loyal assistant Katherine to pretend to be his soon to be ex-wife, in order to cover up a careless lie. When more lies backfire, Katherine's kids become involved, and everyone heads off for a weekend in Hawaii that will change all their lives.",2011-02-10,117,en,"Comedy, Romance","friendship, hawaii, assistant, plastic surgery, romcom, waterfall, falling in love, older man younger woman relationship, young woman, family vacation, single mother, plastic surgeon, divorced, schoolteacher, rich man, favor, elaborate ruse, pretending to be wife, pretend marriage, pretend family, sorority sister",80000000,214945591,16.5743,6.703,6254
1245993,Caught Stealing,"Burned-out ex-baseball player Hank Thompson unexpectedly finds himself embroiled in a dangerous struggle for survival amidst the criminal underbelly of late 1990s New York City, forced to navigate a treacherous underworld he never imagined.",2025-08-26,107,en,"Crime, Thriller, Comedy","new york city, based on novel or book, cat, baseball, dark comedy, baseball bat, criminal underworld, duringcreditsstinger, detached, 1990s, dramatic, suspenseful, urgent",40000000,32703294,18.1774,6.8,1149
398978,The Irishman,"Pennsylvania, 1956. Frank Sheeran, a war veteran of Irish origin who works as a truck driver, accidentally meets mobster Russell Bufalino. Once Frank becomes his trusted man, Bufalino sends him to Chicago with the task of helping Jimmy Hoffa, a powerful union leader related to organized crime, with whom Frank will maintain a close friendship for nearly twenty years.",2019-11-01,209,en,"Crime, Drama, History","chicago, illinois, philadelphia, pennsylvania, based on novel or book, hitman, war veteran, pennsylvania, usa, gangster, 1970s, irish-american, male friendship, aging, family relationships, murder, organized crime, mafia, religion, detroit, michigan, sicilian mafia, nonlinear timeline, character study, labor union, 1950s, 1960s, mob family, jimmy hoffa, voiceover, complex, father daughter relationship",159000000,968853,17.0983,7.57,7744
993708,The Threesome,"Connor has a threesome with his long-time crush Olivia and an alluring stranger named Jenny. It surprisingly serves as the spark to a full blown relationship with Olivia, until both women end up pregnant and all three are thrust into a difficult journey toward new realities that none of them could have expected.",2025-09-04,112,en,"Comedy, Romance, Drama","pregnancy, babysitter, arkansas, wedding, gay marriage, threesome",0,1114287,16.065,6.3,124
423204,Angel Has Fallen,"After a treacherous attack, Secret Service agent Mike Banning is charged with attempting to assassinate President Trumbull. Chased by his own colleagues and the FBI, Banning begins a race against the clock to clear his name.",2019-08-21,122,en,"Action, Thriller","usa president, sequel, secret service, framed for a crime, terrorist plot, assassination attempt, survivalism, u.s. secret service agent, manhunt, father son relationship, intense, audacious, mean spirited",40000000,146661977,18.7854,6.6,3989
50620,The Twilight Saga: Breaking Dawn - Part 2,"After the birth of Renesmee, the Cullens gather other vampire clans in order to protect the child from a false allegation that puts the family in front of the Volturi.",2012-11-13,115,en,"Fantasy, Drama, Romance","based on novel or book, vampire, villainess, affectation, sequel, romance, teen movie, werewolf, supernatural creature, super strength, imprinting, cross breed, bloodsucker, grudge, chief of police, wolf pack, misinformation, seeing the future, teen drama, based on young adult novel",120000000,829747654,18.2074,6.5,9513
64688,21 Jump Street,"When cops Schmidt and Jenko join the secret Jump Street unit, they use their youthful appearances to go undercover as high school students. They trade in their guns and badges for backpacks, and set out to shut down a dangerous drug ring. But, as time goes on, Schmidt and Jenko discover that high school is nothing like it was just a few years earlier -- and, what's more, they must again confront the teenage terror and anxiety they thought they had left behind.",2012-03-14,109,en,"Action, Comedy, Crime","drug dealer, high school, investigation, nerd, male friendship, parody, jock, crude humor, undercover cop, high school student, police academy, buddy cop, buddy comedy, duringcreditsstinger, high school rivalry, bicycle cop, based on tv series, cops, party drugs, high school classmates, bold, dignified, horrified",42000000,201585328,16.953,6.883,11295
1327862,Regretting You,"Morgan Grant and her daughter Clara explore what's left behind after a devastating accident reveals a shocking betrayal and forces them to confront family secrets, redefine love, and rediscover each other.",2025-10-22,116,en,"Romance, Drama","high school, based on novel or book, aunt niece relationship, north carolina, death of father, car crash, underage drinking, tragedy, family drama, death of husband, underage smoking, death of wife, complex relationship, mother daughter relationship, sister sister relationship, grandfather grandson relationship, 2000s, high school romance, loss of husband, cinephile, admiring, adoring, amused, bold, exhilarated, marijuana use, loss of father",30000000,90452948,18.2222,7.086,583
428078,Mortal Engines,"Many thousands of years in the future, Earth’s cities roam the globe on huge wheels, devouring each other in a struggle for ever diminishing resources. On one of these massive traction cities, the old London, Tom Natsworthy has an unexpected encounter with a mysterious young woman from the wastelands who will change the course of his life forever.",2018-11-27,128,en,"Adventure, Science Fiction","based on novel or book, dystopia, post-apocalyptic future, revenge, wasteland, steampunk, futuristic vehicle, based on young adult novel",100000000,83869818,17.5898,6.3,5347
645710,The Voyeurs,"When Pippa and Thomas move into their dream apartment, they notice that their windows look directly into the apartment opposite – inviting them to witness the volatile relationship of the attractive couple across the street. But what starts as a simple curiosity turns into full-blown obsession with increasingly dangerous consequences.",2021-08-25,117,en,Thriller,"infidelity, sexual obsession, espionage, photographer, eroticism, manipulation, seduction, montreal, canada, fashion photographer, sexual fantasy, role playing, neighbor, listening device, moving in, voyeurism, new apartment, art project, ophthalmologist, nude photography, peeping, depressing, melodramatic",0,0,18.6495,6.531,1287
785084,The Whale,A reclusive English teacher suffering from severe obesity attempts to reconnect with his estranged teenage daughter for one last chance at redemption.,2022-12-09,117,en,Drama,"depression, nurse, missionary, idaho, bible, overweight man, based on play or musical, dying man, obesity, religion, death of lover, rebellious daughter, recluse, lgbt, eating disorder, empathy, teen anger, english teacher, abandonment, alcoholic mother, father daughter relationship, essay, religious symbolism, father daughter estrangement, complicated, powerful, morbidly obese, binge eating, queer loneliness",3000000,57615635,16.7315,7.752,4920
6114,Bram Stoker's Dracula,"Count Dracula, a 15th-century prince, is condemned to live off the blood of the living for eternity. Young lawyer Jonathan Harker is sent to Dracula's castle to finalise a land deal, but when the Count sees a photo of Harker's fiancée, Mina, the spitting image of his dead wife, he imprisons him and sets off for London to track her down.",1992-11-13,128,en,"Romance, Horror","adultery, london, england, transylvania, vampire, bite, camping, maze, remake, rough sex, wake, religious conflict, correspondence, 19th century, 15th century",40000000,215862692,17.6402,7.447,5938
32657,Percy Jackson & the Olympians: The Lightning Thief,"Accident prone teenager, Percy discovers he's actually a demi-God, the son of Poseidon, and he is needed when Zeus' lightning is stolen. Percy must master his new found skills in order to prevent a war between the Gods that could devastate the entire world.",2010-02-01,118,en,"Adventure, Fantasy, Family","monster, based on novel or book, greek mythology, dyslexia, god, poseidon, lightning bolt, fantasy world, demigod, based on young adult novel, derisive",95000000,226497209,16.92,6.213,7965
137106,The Lego Movie,"An ordinary Lego mini-figure, mistakenly thought to be the extraordinary MasterBuilder, is recruited to join a quest to stop an evil Lego tyrant from conquering the universe.",2014-02-06,100,en,"Animation, Family, Adventure, Comedy, Fantasy","friendship, parent child relationship, prophecy, superhero, villain, based on comic, part live action, based on toy, falling in love, anti villain, super power, good cop bad cop, duringcreditsstinger, live action and animation, lego, father son relationship, loving, mischievous, playful, 3d animation, teamwork, evil tyrant, witty, hilarious, whimsical, admiring, celebratory, euphoric, exhilarated, exuberant, ridiculous",60000000,470759687,16.612,7.432,8734
10009,Brother Bear,"When an impulsive boy named Kenai is magically transformed into a bear, he must literally walk in another's footsteps until he learns some valuable life lessons. His courageous and often zany journey introduces him to a forest full of wildlife, including the lovable bear cub Koda, hilarious moose Rutt and Tuke, woolly mammoths and rambunctious rams.",2003-10-23,85,en,"Adventure, Animation, Family","friendship, sibling relationship, transformation, grizzly bear, affectation, inuit, bear, sibling rivalry, turns into animal, unlikely friendship, aftercreditsstinger, duringcreditsstinger, animal lead, brother bear, bjørne brødre, loving, adoring",128000000,250397798,17.9667,7.285,5873
4327,Charlie's Angels,"The captivating crime-fighting trio who are masters of disguise, espionage and martial arts are back! When a devious mastermind embroils them in a plot to destroy individual privacy, the Angels, aided by their loyal sidekick Bosley, set out to bring down the bad guys. But when a terrible secret is revealed, it makes the Angels targets for assassination.",2000-11-02,98,en,"Action, Comedy, Adventure","martial arts, undercover agent, spy, secret agent, satire, female friendship, millionaire, agent, heroine, burlesque, spy hero, based on tv series, suspenseful, reminiscent, admiring, amused, assertive, audacious, bold, excited, melodramatic, sarcastic",92000000,264105545,17.3385,5.852,4647
744275,After We Fell,"Just as Tessa's life begins to become unglued, nothing is what she thought it would be. Not her friends nor her family. The only person that she should be able to rely on is Hardin, who is furious when he discovers the massive secret that she's been keeping. Before Tessa makes the biggest decision of her life, everything changes because of revelations about her family.",2021-09-01,99,en,"Drama, Romance","based on novel or book, family history, sequel, love, teenage crush, woman director, family tension, zealous, mischievous, enraged",14000000,21753705,16.8322,6.998,2783
10545,The Hunchback of Notre Dame,"Isolated in the bell tower of Notre Dame, Quasimodo longs to experience the world beyond the cathedral walls, despite the wishes of his stern guardian, the Judge of Paris Claude Frollo. His first venture into the city leads him to Esmeralda, a fearless Romani woman whose defiance of Frollo's tyranny draws her—and Quasimodo—into his dangerous obsession.",1996-06-21,91,en,"Drama, Animation, Family","dance, paris, france, based on novel or book, judge, sword, obsession, mockery, ugliness, cathedral, cartoon, villain, melancholy, musical, fool, bell, religion, orphan, army captain, festival, angry mob, notre dame cathedral, witch hunt, 15th century, enchant, hopeful",100000000,325300000,18.1183,7.135,5488
770,Gone with the Wind,The spoiled daughter of a Georgia plantation owner conducts a tumultuous romance with a cynical profiteer during the American Civil War and Reconstruction Era.,1939-12-15,238,en,"Drama, War, Romance","civil war, based on novel or book, marriage crisis, loss of loved one, widow, atlanta, slavery, plantation, typhus, romance, casualty of war, second marriage, revisionist history, american civil war, candid, racist stereotype, reconstruction era, businesswoman, 1860s, 1870s, antebellum south, amused, powerful, pro slavery, lost cause",4000000,402352579,16.5902,7.9,4491
399174,Isle of Dogs,"In the future, an outbreak of canine flu leads the mayor of a Japanese city to banish all dogs to an island used as a garbage dump. The outcasts must soon embark on an epic journey when a 12-year-old boy arrives on the island to find his beloved pet.",2018-03-23,101,en,"Adventure, Comedy, Animation","island, japan, stop motion, dog, garbage dump, pets, witty",35000000,72991435,16.6364,7.849,5575
11230,Drunken Master,"After getting into trouble, a mischievous young man is sent to train under a brutal, but slovenly old beggar, who teaches him the secret of the Drunken Fist.",1978-10-05,111,cn,"Action, Comedy","martial arts, kung fu, trainer, sake, uncle, dojo, master, drunken master, drunken boxing, absurd, amused",0,16483650,11.2236,7.4,1178
118451,Eungyo,"A reclusive elderly poet feels the fire of his youth when gamine schoolgirl Eun-gyo enters his life, to the chagrin of the old man's assistant.",2012-04-25,129,ko,"Drama, Romance","older man younger woman relationship, young girl seduces old man",0,9048531,15.9022,6.7,104
22881,The Blind Side,"The story of Michael Oher, a homeless and traumatized boy who became an All American football player and first round NFL draft pick with the help of a caring woman and her family.",2009-11-20,129,en,Drama,"sports, american football, adoption, private school, education, based on true story, memphis, tennessee, duringcreditsstinger, christian, high school american football, inspirational, dramatic, hopeful",29000000,309231694,18.1064,7.66,7011
4982,American Gangster,"Loosely based on the criminal career of Frank Lucas, a gangster from La Grange, North Carolina, who smuggled heroin into the United States on American service planes returning from the Vietnam War, before being detained by a task force led by Newark Detective Richie Roberts.",2007-11-02,157,en,"Drama, Crime","new york city, vietnam, drug smuggling, society, gangster, drug trafficking, heroin, junkie, ghetto, nightclub, ambition, rise and fall, cop, organized crime, drug dealing, police corruption, wedding, police detective, family, surveillance, bribery, law enforcement, aftercreditsstinger, dishonesty, 1960s, provocative, violence, suspenseful, intense, brisk",100000000,269755430,17.3312,7.6,6255
70160,The Hunger Games,"In a dystopian society where the Capitol forces each district to send two young tributes to fight to the death in a televised spectacle, a girl volunteers to take her sister’s place, setting the stage for a struggle of survival and defiance.",2012-03-12,142,en,"Science Fiction, Adventure, Action, Thriller","based on novel or book, revolution, dystopia, monarchy, female protagonist, fashion, bow and arrow, game, cynical, hunting, archery, death match, questioning, speculative, futuristic city, reflective, survival competition, forced to kill, world hunger, based on young adult novel, futuristic architecture, battle royale, provocative, critical, depressing, assertive, bold, powerful, sympathetic, futuristic world",75000000,694000000,17.3469,7.223,23764
1292695,They Will Kill You,"A woman answers a help wanted ad to be a housekeeper in a mysterious New York City high-rise, unaware that she is entering a community that has seen a number of disappearances over the years and may be under the grip of a Satanic cult.",2026-03-25,94,en,"Action, Comedy, Horror, Thriller","new york city, ritual, abusive father, gore, cult, survival, disappearance, housekeeper, survival horror, high rise, satanic cult, manhattan, new york city, aftercreditsstinger, sister sister relationship, playful, mysterious disappearance, action horror",20000000,19382152,17.8702,6.925,1147
181533,Night at the Museum: Secret of the Tomb,"When the magic powers of The Tablet of Ahkmenrah begin to die out, Larry Daley spans the globe, uniting favorite and new characters while embarking on an epic quest to save the magic before it is gone forever.",2014-12-17,98,en,"Adventure, Comedy, Fantasy, Family","night watchman, museum, natural history, sequel, aftercreditsstinger, smithsonian",127000000,363204635,16.7809,6.228,6346
1138194,Heretic,"Two young missionaries are forced to prove their faith when they knock on the wrong door and are greeted by a diabolical Mr. Reed, becoming ensnared in his deadly game of cat-and-mouse.",2024-10-31,111,en,"Thriller, Horror","faith, control, sociopath, religion, cat and mouse, held captive, religious hypocrisy, mormon missionary, trapped in a house, eccentric man, women of faith, ideological clash, psychological predator",10000000,51913394,15.5892,6.965,2910
62211,Monsters University,A look at the relationship between Mike and Sulley during their days at Monsters University — when they weren't necessarily the best of friends.,2013-06-19,104,en,"Animation, Family, Comedy, Fantasy","friendship, monster, door, training camp, dormitory, feud, bully, prequel, best friend, university, game, fraternity, aftercreditsstinger, college student, personification, 3d animation, pixar",200000000,743559465,16.8957,7.058,11561
50646,"Crazy, Stupid, Love.","Cal Weaver is living the American dream. He has a good job, a beautiful house, great children and a beautiful wife, named Emily. Cal's seemingly perfect life unravels, however, when he learns that Emily has been unfaithful and wants a divorce. Over 40 and suddenly single, Cal is adrift in the fickle world of dating. Enter, Jacob Palmer, a self-styled player who takes Cal under his wing and teaches him how to be a hit with the ladies.",2011-07-29,118,en,"Comedy, Drama, Romance","friendship, soulmates, marriage crisis, midlife crisis, babysitter, womanizer, law school, los angeles, california, middle school, relationship, love affair, divorcee, teenage love, playful",50000000,145079584,17.269,7.278,9537
1228246,Five Nights at Freddy's 2,"One year since the supernatural nightmare at Freddy Fazbear's Pizza, the stories about what transpired there have been twisted into a campy local legend, inspiring the town's first ever Fazfest. With the truth kept from her, Abby sneaks out to reconnect with Freddy, Bonnie, Chica, and Foxy, setting into motion a terrifying series of events that will reveal dark secrets about the real origin of Freddy's, and unleash a decades-hidden horror.",2025-12-03,104,en,"Horror, Thriller","killer robot, pizzeria, sequel, serial killer, security guard, based on video game, theme park, dead children, aftercreditsstinger, duringcreditsstinger, haunted attractions, night guard, animatronic, possessed doll, supernatural horror, ghost child, slasher horror, android horror",36000000,239568877,17.7307,6.6,1188
10483,Death Race,"Terminal Island, New York: 2020. Overcrowding in the US penal system has reached a breaking point. Prisons have been turned over to a monolithic Weyland Corporation, which sees jails full of thugs as an opportunity for televised sport. Adrenalized inmates, a global audience hungry for violence and a spectacular, enclosed arena come together to form the 'Death Race', the biggest, most brutal event.",2008-08-22,105,en,"Action, Thriller, Science Fiction","prison, martial arts, car race, dystopia, matter of life and death, car crash, prison guard, prison escape, exploding building, vehicle combat, street race, remake, car fire, action hero, death game",45000000,76000000,17.4851,6.318,4276
89,Indiana Jones and the Last Crusade,"In 1938, an art collector appeals to eminent archaeologist Dr. Indiana Jones to embark on a search for the Holy Grail. Indy learns that a medieval historian has vanished while searching for it, and the missing man is his own father, Dr. Henry Jones Sr.. He sets out to rescue his father by following clues in the old man's notebook, which his father had mailed to him before he went missing. Indy arrives in Venice, where he enlists the help of a beautiful academic, Dr. Elsa Schneider, along with Marcus Brody and Sallah. Together they must stop the Nazis from recovering the power of eternal life and taking over the world!",1989-05-24,127,en,"Adventure, Action","saving the world, nazi, holy grail, venice, italy, entrapment, crusader, germany, riddle, brotherhood, zeppelin, tank, book burning, sequel, nazi officer, boat chase, gestapo, single father, traveling circus, archaeologist, bible quote, medieval, boy scouts, german soldier, motorcycle chase, hindenburg, german agent, 1930s, biblical archaeology, father son relationship, adolf hitler, knights templar, nazi germany, the crusades, joyous, excited",48000000,474171806,16.6576,7.856,11383
955,Mission: Impossible II,"With computer genius Luther Stickell at his side and a beautiful thief on his mind, agent Ethan Hunt races across Australia and Spain to stop a former IMF agent from unleashing a genetically engineered biological weapon called Chimera. This mission, should Hunt choose to accept it, plunges him into the center of an international crisis of terrifying magnitude.",2000-05-24,123,en,"Adventure, Action, Thriller","dying and death, mask, island, central intelligence agency (cia), helicopter, computer, spain, undercover, skyscraper, secret mission, spy, secret identity, ex-lover, fake identity, secret agent, climbing, sequel, secret government organization, infiltration, duel, lethal virus, motorcycle, rescue team, slow motion, agent, fictional government agency, research laboratory, motorcycle chase, government agency, based on tv series",125000000,546388108,16.9689,6.139,7836
1585,It's a Wonderful Life,"George Bailey has spent his entire life giving to the people of Bedford Falls.  All that prevents rich skinflint Mr. Potter from taking over the entire town is George's modest building and loan company.  But on Christmas Eve the business's $8,000 is lost and George's troubles begin.",1946-12-20,131,en,"Drama, Family, Fantasy","small town, angel, suicide attempt, holiday, christianity, bank, great depression, family business , black and white, nervous breakdown, old house, newlywed, magic realism, told in flashback, guardian angel, high school dance, christmas, candid, what if, christian film, christmas eve, christian faith, adoring, amused",3180000,9644124,17.1817,8.278,5074
974573,Another Simple Favor,"Stephanie and Emily reunite on the beautiful island of Capri, Italy for Emily's extravagant wedding to a rich Italian businessman. Along with the glamorous guests, expect murder and betrayal to RSVP for a wedding with more twists and turns than the road from the Marina Grande to the Capri town square.",2025-03-07,123,en,"Comedy, Thriller, Mystery","dark comedy, lethal injection, sequel, murder, whodunit, wedding, maid of honor, mysterious woman, evil twin, police arrest, female writer, capri, italy, gay relationship, tense, italian mafia, bold, wry, shot to death, comedy mystery",0,0,17.7816,5.796,561
1813,The Devil's Advocate,"Aspiring Florida defense lawyer Kevin Lomax accepts a job at a New York law firm. With the stakes getting higher every case, Kevin quickly learns that his boss has something far more evil planned.",1997-10-17,144,en,"Horror, Drama, Mystery","child abuse, southern usa, marriage crisis, obsession, bible, seduction, hallucination, devil's son, ambition, pact with the devil, crooked lawyer, satan, evil spirit, lust, courtroom, temptation, law firm, manhattan, new york city, seven deadly sins, ethics, anxious, legal thriller, supernatural horror, cautionary, callous",57000000,153000000,16.0758,7.481,7068
404368,Ralph Breaks the Internet,"Video game bad guy Ralph and fellow misfit Vanellope von Schweetz must risk it all by traveling to the World Wide Web in search of a replacement part to save Vanellope's video game, Sugar Rush. In way over their heads, Ralph and Vanellope rely on the citizens of the internet — the netizens — to help navigate their way, including an entrepreneur named Yesss, who is the head algorithm and the heart and soul of trend-making site BuzzzTube.",2018-11-20,112,en,"Adventure, Animation, Comedy, Family, Science Fiction","video game, cartoon, sequel, internet, lethal virus, aftercreditsstinger, duringcreditsstinger, online gaming, 3d animation, joyous, whimsical, admiring, enthusiastic, joyful",175000000,529323962,15.7901,7.151,8293
70981,Prometheus,"A team of explorers discover a clue to the origins of mankind on Earth, leading them on a journey to the darkest corners of the universe. There, they must fight a terrifying battle to save the future of the human race.",2012-05-30,124,en,"Science Fiction, Mystery, Horror","android, alien, space, creature, spin off, creation, emergency surgery, archaeological dig, stasis, god complex, cave drawing, prometheus, cosmic horror, genetic mutation, origins of life, lovecraftian, 2090s, sci-fi horror, objective",130000000,403354469,16.8258,6.611,13666
141,Donnie Darko,"After narrowly escaping a bizarre accident, a troubled teenager is plagued by visions of a large bunny rabbit that manipulates him to commit a series of crimes.",2001-01-19,114,en,"Fantasy, Drama, Mystery","high school, airplane, parent child relationship, presidential election, therapist, school performance, halloween, time travel, vandalism, melancholy, surrealism, loss, imaginary friend, suburbia, arson, vision, school, psychological thriller, mental illness, virginia, sleepwalking, 1980s, parallel universe",4500000,7500000,17.7055,7.76,13785
464052,Wonder Woman 1984,A botched store robbery places Wonder Woman in a global battle against a powerful and mysterious ancient force that puts her powers in jeopardy.,2020-12-16,151,en,"Action, Adventure, Fantasy","superhero, based on comic, woman director, 1980s, action hero, dc extended universe (dceu)",200000000,169601036,17.6857,6.347,9273
527774,Raya and the Last Dragon,"Long ago, in the fantasy world of Kumandra, humans and dragons lived together in harmony. But when an evil force threatened the land, the dragons sacrificed themselves to save humanity. Now, 500 years later, that same evil has returned and it’s up to a lone warrior, Raya, to track down the legendary last dragon to restore the fractured land and its divided people.",2021-03-03,107,en,"Animation, Action, Adventure, Fantasy, Family","kung fu, sword, warrior woman, female protagonist, dragon, vietnamese, south asian, warrior, 3d animation, audacious",100000000,130423032,16.4665,7.79,7453
339846,Baywatch,"Devoted lifeguard Mitch Buchannon butts heads with a brash new recruit. Together, they uncover a local criminal plot that threatens the future of the Bay.",2017-05-25,116,en,"Comedy, Action, Crime","drug dealer, sea, beach, life-saver, lifeguard, rookie, vigilantism",69000000,177900000,17.1861,6.076,8637
1924,Superman,"Mild-mannered Clark Kent works as a reporter at the Daily Planet alongside his crush, Lois Lane. Clark must summon his superhero alter-ego when the nefarious Lex Luthor launches a plan to take over the world.",1978-12-14,144,en,"Science Fiction, Action, Adventure","galaxy, journalist, saving the world, secret identity, crime fighter, superhero, nuclear missile, based on comic, destruction of planet, criminal, sabotage, super power, north pole, midwest, newspaper office, superhuman strength, aftercreditsstinger, save the day, evil genius, rural life",55000000,300478449,15.554,7.168,4442
1242434,Highest 2 Lowest,"When a titan music mogul, widely known as having the ""best ears in the business"", is targeted with a ransom plot, he is jammed up in a life-or-death moral dilemma.",2025-08-14,133,en,"Thriller, Crime, Drama","new york city, based on novel or book, ransom, remake, based on movie, moral dilemma, insecure, police procedural, absurd, arrogant, conceited, pretentious",25000000,1500000,15.1999,5.5,540
1029575,The Family Plan,"Dan Morgan is many things: a devoted husband, a loving father, a celebrated car salesman. He's also a former assassin. And when his past catches up to his present, he's forced to take his unsuspecting family on a road trip unlike any other.",2023-12-14,118,en,"Action, Comedy, Adventure","road trip, on the run, gamer, car salesman, las vegas, duringcreditsstinger, hidden identity, family trip, ex army, family bonding, buffalo, new york, secret, teenager, former assassin, physical therapist, covert assassin",0,0,17.3273,7.218,1994
858024,Hamnet,"The powerful story of love and loss that inspired the creation of Shakespeare's timeless masterpiece, Hamlet.",2025-11-26,125,en,"Drama, Romance","based on novel or book, grief, historical fiction, death in family, motherhood, woman director, 16th century, somber, period film, sentimental, compassionate, tragic, based on real person",35000000,107756183,17.3045,7.7,1640
117,The Untouchables,"Elliot Ness, an ambitious prohibition agent, is determined to take down Al Capone. In order to achieve this goal, he forms a group given the nickname “The Untouchables”.",1987-06-03,119,en,"Crime, History, Thriller","chicago, illinois, prohibition era, gangster, baseball bat, white suit, tough cop, treasury agent, untouchable, tax evasion, jury tampering, 1930s",25000000,76270454,17.2251,7.752,6340
747,Shaun of the Dead,"Shaun lives a supremely uneventful life, which revolves around his girlfriend, his mother, and, above all, his local pub. This gentle routine is threatened when the dead return to life and make strenuous attempts to snack on ordinary Londoners.",2004-04-09,99,en,"Horror, Comedy","london, england, dark comedy, satire, surrey, parody, slacker, friends, survival, zombie, survival horror, british pub, boyfriend girlfriend relationship, zombie apocalypse, cornetto trilogy, zombie comedy, zom-com",6000000,39396175,17.1845,7.546,9652
251,Ghost,"After a young man is murdered, his spirit stays behind to warn his lover of impending danger, with the help of a reluctant psychic.",1990-07-13,127,en,"Fantasy, Romance, Thriller","fortune teller, corruption, soulmates, afterlife, money transfer, money laundering, pottery, hell, dark comedy, heaven, love, murder, death, ghost, burlesque, power of love, spiritism, dignified, joyful, everlasting love",22000000,505000000,17.1809,7.247,6219
17654,District 9,"Thirty years ago, aliens arrive on Earth. Not to conquer or give aid, but to find refuge from their dying planet. Separated from humans in a South African area called District 9, the aliens are managed by Multi-National United, which is unconcerned with the aliens' welfare but will do anything to master their advanced technology. When a company field agent contracts a mysterious virus that begins to alter his DNA, there is only one place he can hide: District 9.",2009-08-05,112,en,Science Fiction,"street gang, government, genetics, slum, mutation, dystopia, transformation, south africa, johannesburg, south africa, satire, alien, prawn, alternate history, racism, metamorphosis, xenophobia, found footage, weapons dealer, internment camp, alien technology, segregation, medical experiment, private military company, based on short film, found footage adjacent",30000000,210888950,17.1775,7.478,10682
1083433,I Know What You Did Last Summer,"When five friends inadvertently cause a deadly car accident, they cover up their involvement and make a pact to keep it a secret rather than face the consequences. A year later, their past comes back to haunt them and they're forced to confront a horrifying truth: someone knows what they did last summer…and is hell-bent on revenge.",2025-07-16,111,en,"Horror, Thriller, Mystery","fisherman, harpoon, sequel, revenge, murder, serial killer, slasher, car accident, killer, group of friends, fourth of july, nostalgic, engagement party, duringcreditsstinger, seaside town, hopeless, insecure, pathetic, absurd, horror, holiday horror, cliché, conceited",18000000,64808120,17.1606,5.602,886
264660,Ex Machina,"Caleb, a coder at the world's largest internet company, wins a competition to spend a week at a private mountain retreat belonging to Nathan, the reclusive CEO of the company. But when Caleb arrives at the remote location he finds that he will have to participate in a strange and fascinating experiment in which he must interact with the world's first true artificial intelligence, housed in the body of a beautiful robot girl.",2015-01-21,108,en,"Drama, Science Fiction","android, dancing, friendship, man vs machine, distrust, artificial intelligence (a.i.), isolation, technology, manipulation, high technology, treason, deception, norway, laboratory, robot, power outage, surveillance, rich, surveillance camera, consciousness, employer employee relationship, isolated house, wealthy man, existentialism, lockdown, emotional intelligence, female cyborg, human android relationship, tech company, critical, intense",15000000,36869414,17.157,7.57,14620
1232449,Young Hearts,"14-year-old Elias increasingly feels like an outsider in his village. When he meets his new neighbour of the same age, Alexander, Elias is confronted with his burgeoning sexuality.",2024-10-26,99,nl,"Drama, Romance","coming out, friendship, sexuality, identity crisis, male friendship, coming of age, love, teenage boy, first love, lgbt, lgbt teen, grandfather grandson relationship, gay theme, playful, male, boys' love (bl), boy, gay teenager, amused, young hearts",0,136344,17.1552,8.6,319
190859,American Sniper,"U.S. Navy SEAL Chris Kyle takes his sole mission—protect his comrades—to heart and becomes one of the most lethal snipers in American history. His pinpoint accuracy not only saves countless lives but also makes him a prime target of insurgents. Despite grave danger and his struggle to be a good husband and father to his family back in the States, Kyle serves four tours of duty in Iraq. However, when he finally returns home, he finds that he cannot leave the war behind.",2014-12-25,133,en,"War, Action","sniper, based on novel or book, affectation, grave, biography, iraq, based on true story, u.s. navy seal, iraq war, u.s. soldier, u.s. marine, 9/11, pack, guns, war, inspirational, illegal war, suspenseful, tense, sentimental, appreciative, powerful, illegal invasion",58800000,542300000,17.1316,7.4,13907
646385,Scream,"Twenty-five years after a streak of brutal murders shocked the quiet town of Woodsboro, a new killer has donned the Ghostface mask and begins targeting a group of teenagers to resurrect secrets from the town’s deadly past.",2022-01-12,114,en,"Horror, Mystery","mask, california, attempted murder, halloween, hallucination, sequel, murder, serial killer, hospital, slasher, whodunit, killing spree, hometown, self-referential, reboot, crime spree, illegitimate child, murder mystery, legacy, fandom, copycat killer, generation z, murder spree, sister sister relationship, retired cop, return to hometown",24000000,138874789,17.1018,6.673,4034
1414413,Brothers Under Fire,"Captain Jordan Wright's squadron on leave for a wedding in Mexico encounters a murderous cartel. As Jordan tries to lead survivors to safety, war erupts between his squad and the cartel, forcing him into a battle to save his men.",2026-04-15,99,en,"Action, Thriller, Mystery, Drama","mexico, survival, military, cartel, action",0,0,17.1004,5.9,58
81,Warriors of the Wind,"After a global war, the seaside kingdom known as the Valley of the Wind remains one of the last strongholds on Earth untouched by a poisonous jungle and the powerful insects that guard it. Led by the courageous Princess Nausicaä, the people of the Valley engage in an epic struggle to restore the bond between humanity and Earth.",1984-03-11,95,ja,"Adventure, Animation, Fantasy","future, airplane, saving the world, human vs nature, fungus spores   , post-apocalyptic future, giant insect, toxic, based on manga, ecology, anime, adventure",1000000,9016411,17.0703,7.941,4215
11619,Flushed Away,"London high-society mouse, Roddy is flushed down the toilet by Sid, a common sewer rat. Hang on for a madcap adventure deep in the sewer bowels of Ratropolis, where Roddy meets the resourceful Rita, the rodent-hating Toad and his faithful thugs, Spike and Whitey.",2006-10-22,85,en,"Adventure, Animation, Comedy, Family","ship, london, england, return, villain, girlfriend, thug, toad, aftercreditsstinger, rat, ruby, 3d animation, comforting",149000000,178120010,17.0684,6.345,4198
1242419,Roofman,"A former Army Ranger and struggling father turns to robbing McDonald’s restaurants by cutting holes in their roofs, earning him the nickname ""Roofman."" After escaping prison, he secretly lives inside a Toys “R” Us for six months, surviving undetected while planning his next move. But when he falls for a divorced mom drawn to his undeniable charm, his double life begins to unravel, setting off a compelling and suspenseful game of cat and mouse as his past closes in.",2025-10-06,126,en,"Crime, Comedy, Drama","based on true story, fugitive, toy store, escaped prisoner, armed robbery, hiding out, ex-elite soldier, former soldier, mcdonald's, charlotte, north carolina, escape from prison, u.s. army ranger",18000000,34852212,17.0498,7.052,1051
2668,Sleepy Hollow,"Skeptical young detective Ichabod Crane gets transferred to the hamlet of Sleepy Hollow, New York, where he is tasked with investigating the decapitations of three people – murders the townsfolk attribute to a legendary specter, The Headless Horseman.",1999-11-19,105,en,"Fantasy, Thriller, Mystery, Horror","small town, halloween, police detective, gothic, new york state, skeptic, autumn, 19th century, headless horseman",100000000,206071526,17.0161,7.2,7600
1471168,Barreda,"A fictionalized drama film based on one of the most shocking crimes in Argentina's history. In 1992, Ricardo Barreda was an unassuming dentist, brutally murdered his wife, mother-in-law, and two adult daughters in their family home. Branding himself as a victim, Ricardo Barreda ignited a media storm and fueled a national scandal.",2026-08-28,105,es,"Drama, Crime, History","argentina, true crime, medical scandal, crime drama, ricardo barreda",0,0,17.0,7.22,84
1515615,Kissing Is the Easy Part,Sean's gunning for MIT. Flora's ditching the SAT. A secret deal with her tenured parents sparks a romance that challenges everything they believe in.,2026-02-13,101,en,"Romance, Comedy","high school, tutor, s.a.t., teenage romance, unexpected romance, based on webcomic or webtoon, admiring, disdainful, massachusetts institute of technology (mit)",0,0,16.997,7.3,91
22970,The Cabin in the Woods,"Five friends set out for a weekend at a remote cabin in the woods, expecting nothing more than fun and relaxation. As night falls, they discover that something far more unsettling is at work and that nothing about their getaway is what it seems.",2012-04-12,95,en,"Horror, Mystery, Comedy","halloween, giant snake, school party, motorcycle crash, abandoned house, woods, marijuana, cabin, apocalypse, zombie, werewolf, creature, cabin in the woods, video wall, speaker phone, young adult, college student, lovecraftian, everyone dies",30000000,71038838,16.9644,6.658,8832
1577,Resident Evil: Apocalypse,"As the city is locked down under quarantine, Alice finds out that the people that died from the previous incident at the Umbrella Corporation have turned into zombies. She then joins a small band of elite soldiers, who are enlisted to rescue the missing daughter of the creator of the mutating T-virus.  Once lack of luck and resources happen, they begin to wage an exhilarating battle to survive and escape before the Umbrella Corporation erases its experiment from the face of the earth.",2004-09-10,94,en,"Horror, Action, Science Fiction","rescue, martial arts, dystopia, mutant, sequel, conspiracy, evil corporation, zombie, based on video game, casual",45000000,129342769,16.9523,6.4,4959
35,The Simpsons Movie,"After Homer accidentally pollutes the town's water supply, Springfield is encased in a gigantic dome by the EPA and the Simpsons are declared fugitives.",2007-07-25,87,en,"Animation, Comedy, Family","garbage, pollution, quarantine, environmental protection agency, parent child relationship, villain, dysfunctional family, dysfunctional marriage, alaska, fugitive, ecology, first love, angry mob, duringcreditsstinger, dome, wanted, based on tv series, ambiguous, amused, bold, enthusiastic",75000000,527068851,16.9464,7.023,8742
524047,Greenland,"John Garrity, his estranged wife and their young son embark on a perilous journey to find sanctuary as a planet-killing comet hurtles toward Earth. Amid terrifying accounts of cities getting levelled, the Garritys experience the best and worst in humanity. As the countdown to the global apocalypse approaches zero, their incredible trek culminates in a desperate and last-minute flight to a possible safe haven.",2020-07-29,120,en,"Thriller, Action, Science Fiction","husband wife relationship, panic, kidnapping, looting, natural disaster, state of emergency, comet, end of the world, meteorite, disaster, apocalypse, destruction of planet, diabetic, army base, emergency, greenland, atlanta, georgia, suspenseful, جرينلاند, الأرض الخضراء, جرين, لاند, علاقة زوجية, خضراء, أرض, ربو, نهاية العالم",34000000,52300000,16.9438,7.1,5549
9476,A Knight's Tale,"William Thatcher, a knight's peasant apprentice, gets a chance at glory when the knight dies suddenly mid-tournament. Posing as a knight himself, William won't stop until he's crowned tournament champion—assuming matters of the heart don't get in the way.",2001-05-11,133,en,"Adventure, Drama, Romance, Action","london, england, poetry, rivalry, sword fight, knight, tournament, duel, torture, writer, impostor, church, game, jousting, medieval, aftercreditsstinger",65000000,117487473,16.9425,6.89,3516
588228,The Tomorrow War,"The world is stunned when a group of time travelers arrive from the year 2051 to deliver an urgent message: Thirty years in the future, mankind is losing a global war against a deadly alien species. The only hope for survival is for soldiers and civilians from the present to be transported to the future and join the fight. Among those recruited is high school teacher and family man Dan Forester. Determined to save the world for his young daughter, Dan teams up with a brilliant scientist and his estranged father in a desperate quest to rewrite the fate of the planet.",2021-09-03,138,en,"Action, Science Fiction, Adventure","time travel, global warming, glacier, alien, alien invasion, military, future war, father son reunion, hope for future, changing the past or future, message from the future, father son relationship, father daughter relationship, world war",200000000,14400000,16.9259,7.525,4475
709,Licence to Kill,"After capturing the notorious drug lord Franz Sanchez, Bond's close friend and former CIA agent Felix Leiter is left for dead and his wife is murdered. Bond goes rogue and seeks vengeance on those responsible, as he infiltrates Sanchez's organization from the inside.",1989-06-13,133,en,"Adventure, Action, Thriller","florida, corruption, airplane, liberation of prisoners, drug trafficking, secret identity, floatplane, transport of prisoners, tank car, florida keys, coast guard, british secret service, james bond",32000000,156167015,16.9165,6.439,2252
293863,The Age of Adaline,"After 29-year-old Adaline recovers from a nearly lethal accident, she inexplicably stops growing older. As the years stretch on and on, Adaline keeps her secret to herself  until she meets a man who changes her life.",2015-04-16,112,en,"Romance, Fantasy, Drama","immortality, san francisco, california, love, forever",25000000,65663276,16.8851,7.5,7208
1892,Return of the Jedi,"Luke Skywalker leads a mission to rescue his friend Han Solo from the clutches of Jabba the Hutt, the Emperor prepares to crush the Rebellion with a more powerful Death Star, and the Rebel fleet mounts a massive attack on the space station. Luke Skywalker confronts Darth Vader in a final climactic duel before the evil Emperor.",1983-05-25,132,en,"Adventure, Action, Science Fiction","spacecraft, sibling relationship, rebel, emperor, space battle, matter of life and death, forest, sequel, desert, space opera, bold, tuwaderalit",32350000,572700000,16.8845,7.912,17348
338970,Tomb Raider,"Lara Croft, the fiercely independent daughter of a missing adventurer, must push herself beyond her limits when she finds herself on the island where her father disappeared.",2018-03-05,118,en,"Action, Adventure, Fantasy","island, treasure hunt, remake, female protagonist, heiress, based on video game, bicycle courier, missing person, reboot, peril, slave labor, father daughter relationship",94000000,274650803,16.8372,6.362,8534
9286,Final Destination 3,"High school senior Wendy's premonition of a deadly rollercoaster ride saves her life and a lucky few, but not from death itself — which seeks out those who escaped their fate.",2006-02-09,92,en,"Horror, Mystery","dying and death, stroke of fate, beheading, omen, sequel, premonition, burned alive, fate, death, amusement park, roller coaster / rollercoaster, cheating death, emo, supernatural horror, teenager, horror, deaths, supernatural slasher",25000000,118890272,16.8326,6.159,4749
799882,The Bluff,"When her tranquil life on a remote island is shattered by the return of her vengeful former captain, a skilled ex-pirate must confront her bloody past and unleash her deadly talents to save her family from a ruthless siege.",2026-02-17,103,en,"Drama, Action, Thriller","pirate, sister-in-law, caribbean sea, 19th century, female pirate, old grudge, caribbean, running from the past, quartermaster, second in command, island siege, hidden cove, pirate revenge, bloody past, loyal crew",0,0,16.8183,6.7,229
593643,The Menu,"A young couple travels to a remote island to eat at an exclusive restaurant where the chef has prepared a lavish menu, with some shocking surprises.",2022-11-17,107,en,"Comedy, Horror","psychopath, obsession, mass murder, restaurant, dark comedy, revenge, food, mass suicide, dinner, chef, food critic, remote island, french cuisine, culinary arts, fine dining, haute cuisine, commanding, pessimistic, foodies, murder-suicide, exclusive",35000000,79628200,16.8177,7.18,6688
346,Seven Samurai,"A samurai answers a village's request for protection after he falls on hard times. The town needs protection from bandits, so the samurai gathers six others to help him teach the people how to defend themselves, and the villagers provide the soldiers with food.",1954-04-26,207,ja,"Action, Drama","martial arts, japan, samurai, sword, peasant, village, looting, rice, fencing, moral ambiguity, forbidden love, black and white, battle, period drama, bandit, practice, farmer, jidaigeki, 16th century, class relations, reflective, collectivism, plunder, downtrodden farmers, seven, bushi, tactical warfare, violence, critical, excited, informative, violent",2000000,105000000,16.7829,8.453,4384
400136,Resident Evil: Vendetta,"When a fearless enemy out for revenge unleashes a brutal and deadly new virus, BSAA captain Chris Redfield enlists the help of Agent Leon S. Kennedy and Professor Rebecca Chambers to bring down the death merchant and save New York City.",2017-05-27,97,ja,"Action, Animation, Adventure, Science Fiction, Horror","sequel, zombie, based on video game, virus, anime, bio terrorism, 3d animation, bold",0,256320,16.7771,6.924,1112
27,9 Songs,"Matt, a young glaciologist, soars across the vast, silent, icebound immensities of the South Pole as he recalls his love affair with Lisa. They meet at a mobbed rock concert in a vast music hall - London's Brixton Academy. They are in bed at night's end. Together, over a period of several months, they pursue a mutual sexual passion whose inevitable stages unfold in counterpoint to nine live-concert songs.",2004-07-16,70,en,"Drama, Music, Romance","london, england, concert, rock 'n' roll, sexuality, orgasm, cocaine, blow job, man woman relationship, condom, love, sexual fantasy, pubic hair, breast, ejaculation, american, couple, desire, sexual desire, cunnilingus, softcore, naked, exchange student, rock concert, british man, nude, drug, small tits, woman tied to a bed, sex, vulva, rock, unsimulated sex, intense, erect penis",1000000,1574623,16.7747,5.5,602
109439,The Hangover Part III,"This time, there's no wedding. No bachelor party. What could go wrong, right? But when the Wolfpack hits the road, all bets are off.",2013-05-23,100,en,Comedy,"sequel, las vegas, hopeless, absurd",103000000,362000072,16.773,6.213,9456
109414,This Is the End,"While attending a party at James Franco's house, Seth Rogen, Jay Baruchel and many other celebrities are faced with the apocalypse.",2013-06-12,106,en,"Action, Comedy","friendship, monster, panic, painting, exorcism, dark comedy, possession, satire, celebrity, friends, end of the world, house party, apocalypse, hollywood, creature, drugs, demon, self-referential, macabre, end, disturbed, frantic, claustrophobic, other worldly, mischievous, dreary, biblical, amused",32000000,126041322,16.7238,6.234,7039
787699,Wonka,"Willy Wonka – chock-full of ideas and determined to change the world one delectable bite at a time – is proof that the best things in life begin with a dream, and if you’re lucky enough to meet Willy Wonka, anything is possible.",2023-12-06,117,en,"Comedy, Family, Fantasy","factory, chocolate, candy, musical, prequel, duringcreditsstinger, cartel, joyous, amused",125000000,634502312,17.4567,7.034,4573
451156,Infidelity in Suburbia,"With her husband away at work, and her son at school, Laura dreams of a home-renovation project to supplant her restless days. Elliott, her irresistibly hot private contractor, soon fulfills her more forbidden dreams.",2017-02-25,120,en,"Thriller, TV Movie",,0,0,17.882,6.2,163
414419,Kill Bill: The Whole Bloody Affair,"A former assassin, known simply as The Bride, wakes from a coma four years after her jealous ex-lover Bill attempts to murder her on her wedding day. Fueled by an insatiable desire for revenge, she vows to get even with every person who contributed to the loss of her unborn child, her entire wedding party, and four years of her life.  After devising a hit list, The Bride sets off on her quest, enduring unspeakable injury and unscrupulous enemies.",2011-03-27,254,en,"Action, Crime, Drama, Thriller","martial arts, kung fu, assassin, mass murder, yakuza, feminism, secret society, buried alive, okinawa, revenge, vigilante, female protagonist, blunt, rape and revenge, kung fu master, aggressive, domineering, vexed, neo-noir, 1990s, 2000s, girls with guns, intense, bold, brutal violence, edited from film",60000000,12338649,16.0244,8.113,1432
300671,13 Hours: The Secret Soldiers of Benghazi,An American Ambassador is killed during an attack at a U.S. compound in Libya as a security team struggles to make sense out of the chaos.,2016-01-14,144,en,"War, History, Drama","central intelligence agency (cia), based on novel or book, libya, assault rifle, mercenary, heroism, biography, based on true story, explosion, american abroad, death, u.s. ambassador",50000000,69411370,16.0478,7.279,4076
1369,Rambo: First Blood Part II,John Rambo is released from prison by the government for a top-secret covert mission to the last place on Earth he'd want to return - the jungles of Vietnam.,1985-05-22,96,en,"Action, Adventure, Thriller, War","vietnam war, vietnam veteran, vietnam, helicopter, government, prisoner, chase, submachine gun, liberation of prisoners, photography, machinegun, prisoner of war, liberation, leech, us army, forest, sequel, revenge, torture, soldier, explosion, bow and arrow, exploding body, agent, russian army, electrical torture, denunciation",44000000,300400432,16.0742,6.67,4484
228967,The Interview,"Dave Skylark and his producer Aaron Rapaport run the celebrity tabloid show ""Skylark Tonight"". When they land an interview with a surprise fan, North Korean dictator Kim Jong-un, they are recruited by the CIA to turn their trip to Pyongyang into an assassination mission.",2014-12-25,112,en,"Action, Comedy","central intelligence agency (cia), socialism, coup d'etat, assassination attempt, evil dictator, north korea, disdainful, disgusted, doubtful, dubious, enthusiastic, euphoric, frustrated",44000000,12342632,16.652,6.18,6393
308266,War Dogs,"Based on the true story of two young men, David Packouz and Efraim Diveroli, who won a $300 million contract from the Pentagon to arm America's allies in Afghanistan.",2016-08-18,114,en,"Comedy, Crime, Drama","corruption, smuggling (contraband), iraq, rise and fall, drugs, american exceptionalism",50000000,86234523,16.232,6.951,5715
9335,Transporter 2,"Professional driver, and former Special Forces officer, Frank Martin is living in Miami, where he is temporarily filling in for a friend as the chauffeur for a government narcotics control policy director and his family. The young boy in the family is targeted for kidnapping, and Frank immediately becomes involved in protecting the child and exposing the kidnappers.",2005-08-03,88,en,"Action, Thriller, Crime","martial arts, chauffeur, miami, florida, workaholic, war on drugs, kidnapping, conference, sequel, u.s. marshal, young boy, audi, police chase, explosion, lethal virus, scientist, getaway driver, antidote, marital separation, government official, ransom demand, narcotics, rules, ex special forces, action hero, jetski, favor, crazy woman, precision, modified vehicle, bulletproof car",32000000,89100000,16.5197,6.334,4094
7220,The Punisher,"When undercover FBI agent Frank Castle's wife and son are slaughtered, he becomes 'the Punisher' -- a ruthless vigilante willing to go to any length to avenge his family.",2004-04-15,124,en,"Action, Crime, Drama","undercover, submachine gun, chain, superhero, twin brother, based on comic, revenge, vigilante, organized crime, neighbor, one man army, massacre, family reunion, pier, tampa, florida, fbi agent",33000000,54700105,15.4262,6.386,3294
1571,Live Free or Die Hard,"John McClane is back and badder than ever, and this time he calls on the services of a young hacker in his bid to stop a ring of Internet terrorists intent on taking control of America's computer infrastructure.",2007-06-20,128,en,"Action, Thriller","helicopter, washington dc, usa, hostage, detective, fbi, genius, sarcasm, parkour, traffic chaos, sequel, hacking, power outage, police detective, nypd, federal agent, fourth of july, media manipulation, nsa agent, cyber terrorism, police escort, homeland security, assassination team, electric power station, based on magazine, newspaper or article, father daughter relationship, algorithm, computer hacker, excited",110000000,383531464,16.6861,6.644,6526
9654,The Italian Job,"Charlie Croker pulled off the crime of a lifetime. The one thing that he didn't plan on was being double-crossed. Along with a drop-dead gorgeous safecracker, Croker and his team take off to re-steal the loot and end up in a pulse-pounding, pedal-to-the-metal chase that careens up, down, above and below the streets of Los Angeles.",2003-05-30,110,en,"Action, Crime","gold, california, helicopter, hacker, venice, italy, chase, subway, master thief, safe, heist, revenge, murder, double crossed, boat chase, los angeles, california, explosion, safecracker, television repair, based on movie, mentor protégé relationship, mini cooper, vengeance, father daughter relationship, suspenseful, gold heist, defiant",60000000,176070171,16.712,6.799,6208
117263,Olympus Has Fallen,"When the White House (Secret Service Code: ""Olympus"") is captured by a terrorist mastermind and the President is kidnapped, disgraced former Presidential guard Mike Banning finds himself trapped within the building. As the national security team scrambles to respond, they are forced to rely on Banning's inside knowledge to help retake the White House, save the President and avert an even bigger disaster.",2013-03-20,120,en,"Action, Thriller","usa president, washington dc, usa, the white house, secret service, terrorist attack, anxious, north korea, suspenseful",70000000,170270201,16.1341,6.418,7225
4011,Beetlejuice,A newly dead New England couple seeks help from a deranged demon exorcist to scare an affluent New York family out of their home.,1988-03-30,92,en,"Fantasy, Comedy","skeleton, afterlife, calypso, supernatural, arts, halloween, haunted house, minister, possession, giant snake, surrealism, child bride, teenage girl, gothic, death, madness, dead, ghost, property, suburban gothic",15000000,84554197,16.0322,7.367,8699
2503,The Bourne Ultimatum,"Bourne is brought out of hiding once again by reporter Simon Ross who is trying to unveil Operation Blackbriar, an upgrade to Project Treadstone, in a series of newspaper columns. Information from the reporter stirs a new set of memories, and Bourne must finally uncover his dark past while dodging The Company's best efforts to eradicate him.",2007-08-03,115,en,"Action, Drama, Mystery, Thriller","assassin, central intelligence agency (cia), corruption, paris, france, based on novel or book, madrid, spain, espionage, prosecution, fake identity, revelation, europe, interpol, sequel, flashback, on the run, conspiracy, shootout, motorcycle, foot chase, dark past, langley virginia, moscow, russia, frantic, action hero, security leak, investigative reporter, jason bourne, furious",70000000,442824138,16.2892,7.445,8619
13475,Star Trek,"The fate of the galaxy rests in the hands of bitter rivals. One, James Kirk, is a delinquent, thrill-seeking Iowa farm boy. The other, Spock, a Vulcan, was raised in a logic-based society that rejects all emotion. As fiery instinct clashes with calm reason, their unlikely but powerful partnership is the only thing capable of leading their crew through unimaginable danger, boldly going where no one has gone before. The human adventure has begun again.",2009-05-06,127,en,"Science Fiction, Action, Adventure","spacecraft, teleportation, san francisco, california, space battle, time travel, space mission, parachute, black hole, supernova, prequel, futuristic, warp speed, warp engine, space, romulans, space opera, reboot, unlikely friendship, child driving car, alternative reality, 23rd century, based on tv series, 24th century, suspenseful, excited, exhilarated",150000000,386839614,15.9957,7.437,10740
8961,Bad Boys II,"Detectives Marcus Burnett and Mike Lowrey of the Miami Narcotics Task Force are tasked with stopping the flow of the drug Ecstasy into Miami. They track the drugs to the whacked-out Cuban drug lord Johnny Tapia, who is also involved in a bloody war with Russian and Haitian mobsters. If that isn't bad enough, there's tension between the two detectives when Marcus discovers that playboy Mike is secretly romancing Marcus’ sister, Syd.",2003-07-18,146,en,"Action, Crime, Comedy","drug smuggling, miami, florida, undercover agent, cuba, ku klux klan, kidnapping, money laundering, mexican standoff, ecstasy, male friendship, guantánamo, sequel, shootout, criminal underworld, drug lord, exploding house, dea agent, undercover operation, buddy cop, narcotics detective, aggressive, action hero, buddy movie, haitian gang, dead bodies, absurd, dramatic, russian mobster, exhilarated",130000000,273339556,16.0315,6.657,6131
7443,Chicken Run,"The creators of Wallace & Gromit bring you an exciting and original story about a group of chickens determined to fly the coop–even if they can’t fly! It’s hardly poultry in motion when Rocky attempts to teach Ginger and her feathered friends to fly…but, with teamwork, determination and a little bit o’ cluck, the fearless flock plots one last attempt in a spectacular bid for freedom.",2000-06-23,84,en,"Animation, Comedy, Family","farm, northern england, escape, raf (royal air force), freedom, chicken, villain, yorkshire, stop motion, explosion, farmer, female villain, aftercreditsstinger, pie machine, claymation, plasticine, 3d animation, whimsical",45000000,224834564,16.0931,6.852,5537
508883,The Boy and the Heron,"While the Second World War rages, the teenage Mahito, haunted by his mother's tragic death, is relocated from Tokyo to the serene rural home of his new stepmother Natsuko, a woman who bears a striking resemblance to the boy's mother.  As he tries to adjust, this strange new world grows even stranger following the appearance of a persistent gray heron, who perplexes and bedevils Mahito, dubbing him the ""long-awaited one.""",2023-07-14,124,ja,"Animation, Fantasy, Drama","loss of loved one, world war ii, supernatural, education, coming of age, spirituality, poverty, teenage boy, parallel world, troubled childhood, semi autobiographical, based on myths, legends or folklore, moving to a city, 1940s, anime, imaginative, hand drawn animation, magic world, animation, courage, suspenseful, magical realism",50000000,294200000,14.1906,7.384,2827
927,Gremlins,"After receiving an exotic small animal as a Christmas gift, a young man inadvertently breaks three important rules concerning his new pet, which unleashes a horde of malevolently mischievous creatures on a small town.",1984-06-08,106,en,"Fantasy, Horror, Comedy","small town, monster, holiday, department store, pet, human animal relationship, bars and restaurants, sunlight, halloween, salesperson, midnight, fur, gremlin, banking, ymca, puppet, puppetry, chainsaw, christmas, pets, supernatural horror, absurd, whimsical, enchant, joyful",11000000,153083102,16.6821,7.145,7168
441168,From Straight A's to XXX,"When a change of circumstances leaves Miriam unable to pay her college tuition, she makes a surprising decision: to start performing in adult films, using the pseudonym Belle Knox. Miriam lies to her family and her friends at school, keeping her double life a secret. But soon rumours spread and Miriam becomes the subject of vicious online attacks and unwanted attention. Miriam fights back: she talks to the media, saying her new line of work empowers her as a feminist. But her confident stand has unintended consequences. Miriam is shunned by her conservative family and her colleagues in the adult film world. One impulsive decision has quickly spiralled out of control - and Miriam's problems are just beginning.",2017-02-11,87,en,"Drama, TV Movie","adult filmmaking, witty, appreciative, compassionate, empathetic",0,0,16.4737,5.9,171
163,Ocean's Twelve,"Despite pulling off one of the biggest heists in Las Vegas history and splitting the $160 million take, each of the infamous Ocean's crew have tried to go straight, lay low and live a legit life... but that's proven to be a challenge. Casino owner Terry Benedict demands that Danny Ocean return the money, plus millions more in interest. Unable to come up the cash, the crew is forced to come together to pull off another series of heists, this time in Rome, Paris, and Amsterdam – but a Europol agent is hot on their heels.",2004-12-09,125,en,"Thriller, Crime","paris, france, rome, italy, amsterdam, netherlands, competition, ex-girlfriend, stolen money, master thief, sequel, heist, caper, look-alike, ex-con, fabergé egg, professional thief, robbery crew, europol agent",110000000,362744280,16.3544,6.566,8148
64690,Drive,"Driver is a skilled Hollywood stuntman who moonlights as a getaway driver for criminals. Though he projects an icy exterior, lately he's been warming up to a pretty neighbor named Irene and her young son, Benicio. When Irene's husband gets out of jail, he enlists Driver's help in a million-dollar heist. The job goes horribly wrong, and Driver must risk his life to protect Irene and Benicio from the vengeful masterminds behind the robbery.",2011-09-15,100,en,"Drama, Thriller, Crime","robbery, car mechanic, stuntman, beaten to death, revenge, organized crime, neighbor, police chase, los angeles, california, brutality, jacket, scorpion, toothpick, getaway driver, crime lord, stunt driver, existentialism, neo-noir, vindictive, hammer, bold",15000000,79713640,18.0196,7.584,14041
10867,Malena,"12-year-old Renato experiences three significant events on the same day: the beginning of the Second World War, getting a bike, and witnessing the arrival of the gorgeous Malèna. Through his eyes, we see the curse of beauty and loneliness of Malena, whose husband is presumed dead, and, through his soul, we see his love for her.",2000-10-27,108,it,Drama,"prostitute, jealousy, sicily, italy, widow, world war ii, longing, coming of age, beautiful woman, crush, sex trafficking, intrigue, pretty woman, milf, sad story, admiring, rich to poor, broken women",0,14493284,15.7541,7.567,2839
839033,The Lord of the Rings: The War of the Rohirrim,"A sudden attack by Wulf, a clever and traitorous lord of Rohan seeking vengeance for the death of his father, forces Helm Hammerhand, the King of Rohan, and his people to make a daring last stand in the ancient stronghold of the Hornburg.",2024-12-05,134,en,"Animation, Fantasy, Adventure, Action","based on novel or book, prequel, treachery, fantasy world, anime, high fantasy, war, horsemen",30000000,20658572,15.8881,6.5,952
974576,Conclave,"After the unexpected death of the Pope, Cardinal Lawrence is tasked with managing the covert and ancient ritual of electing a new one. Sequestered in the Vatican with the Catholic Church’s most powerful leaders until the process is complete, Lawrence finds himself at the center of a conspiracy that could lead to its downfall.",2024-10-25,120,en,"Drama, Thriller","vatican (holy see), pope, religion, election, roman catholic church, catholicism, cardinal, philosophical, papal conclave, introspective, provocative, conspiracy thriller, critical, catholic monarchs, intense, comforting",20000000,115657988,15.1973,7.19,3644
109451,Cloudy with a Chance of Meatballs 2,"After the disastrous food storm in the first film, Flint and his friends are forced to leave the town. Flint accepts the invitation from his idol Chester V to join The Live Corp Company, which has been tasked to clean the island, and where the best inventors in the world create technologies for the betterment of mankind. When Flint discovers that his machine still operates and now creates mutant food beasts like living pickles, hungry tacodiles, shrimpanzees and apple pie-thons, he and his friends must return to save the world.",2013-09-26,95,en,"Animation, Family, Comedy","based on novel or book, inventor, villain, sequel, food, scientist, based on children's book, duringcreditsstinger, 3d animation",78000000,248384621,15.9239,6.458,3582
5503,The Fugitive,"Wrongfully convicted of murdering his wife and sentenced to death, Richard Kimble escapes from the law in an attempt to find the real killer and clear his name.",1993-08-06,131,en,"Action, Thriller, Drama","chicago, illinois, escape, chase, doomed man, surgeon, death sentence, u.s. marshal, flashback, remake, betrayal, fugitive, on the run, conspiracy, police corruption, doctor, home invasion, disguise, one armed man, framed for murder, shocking, action hero, manhunt, suspicious, suspenseful, dubious",44000000,368875760,15.7975,7.49,4970
1317149,I Swear,"Diagnosed with Tourette Syndrome at 15, John Davidson navigates his way against the odds through troubled teenage years and into adulthood, finding inspiration in the kindness of others to discover his true purpose in life.",2025-09-22,121,en,"Drama, History","scotland, dark comedy, biography, based on true story, alienation, outcast, tourette syndrome, docudrama, 1980s, 1990s, triumph over adversity, based on real person, tragedy drama",3730000,15564404,15.7157,8.268,588
337170,American Made,"The true story of pilot Barry Seal, who transported contraband for the CIA and the Medellin cartel in the 1980s.",2017-08-18,115,en,"Comedy, Crime, Drama","central intelligence agency (cia), drug smuggling, drug crime, money laundering, pilot, based on true story, drug cartel, illegal drugs, dea agent, 1980s, pablo escobar",50000000,133511855,16.2613,6.9,5139
11665,Get Smart,"When members of the nefarious crime syndicate KAOS attack the U.S. spy agency Control and the identities of secret agents are compromised, the Chief has to promote hapless but eager analyst Maxwell Smart to field agent. He is partnered with veteran and capable Agent 99, the only spy whose cover remains intact. Can they work together to thwart the evil world-domination plans of KAOS and its crafty operative?",2008-06-19,110,en,"Action, Comedy, Thriller","dancing, mission, usa president, washington dc, usa, airplane, undercover agent, spy, sarcasm, bakery, los angeles, california, terrorism, secret service, government agent, weight loss, secret headquarters, world domination, moscow, russia, hand to hand combat, field agent, ineptitude, vice president, criminal organization, homeland security, spycraft, based on tv series",80000000,230685453,16.3083,6.218,4020
324668,Jason Bourne,The most dangerous former operative of the CIA is drawn out of hiding to uncover hidden truths about his past.,2016-07-27,123,en,"Action, Adventure, Thriller","assassin, central intelligence agency (cia), amnesia, casino, chase, greece, sequel, flashback, hacking, las vegas, black ops, rogue agent, armored vehicle, reykjavík, iceland, jason bourne, hdd",120000000,415484914,17.3477,6.385,6379
116745,The Secret Life of Walter Mitty,A timid magazine photo manager who lives life vicariously through daydreams embarks on a true-life adventure when a negative goes missing.,2013-12-18,114,en,"Adventure, Comedy, Drama, Fantasy","himalaya mountain range, photographer, iceland, daydream, magazine, photograph, shark, fired from the job, dreamer, online dating, daydreaming, frantic, life magazine, inspirational, excited, joyful",90000000,188133322,16.5521,7.2,8493
180,Minority Report,"John Anderton is a top 'Precrime' cop in the late-21st century, when technology can predict crimes before they're committed. But Anderton becomes the quarry when another investigator targets him for a murder charge.",2002-06-20,145,en,"Science Fiction, Action, Thriller","washington dc, usa, dystopia, police chief, precognition, hologram, futuristic, murder, conspiracy, police chase, cyberpunk, drugs, biting, home video, based on short story, ex-husband ex-wife relationship, mentor protégé relationship, tech noir, stasis, paranoid, prevention, missing son, cyber thriller, future noir, loss of child, surveillance state, psychic vision, conspiracy thriller, 2050s, suspenseful, critical, intense",102000000,358372926,17.5718,7.354,9968
1292415,Beast,"MMA legend Patton James, now a commercial fisherman, is pulled back into the cage when his brother is in danger. Reuniting with his old coach Sammy, he commits to one final fight in one championship against the brutal champion Xavier Grau.",2026-04-10,115,en,"Action, Drama","mixed martial arts (mma), sports drama",0,0,17.3537,7.5,196
427641,Rampage,"Primatologist Davis Okoye shares an unshakable bond with George, the extraordinarily intelligent, silverback gorilla who has been in his care since birth.  But a rogue genetic experiment gone awry mutates this gentle ape into a raging creature of enormous size.  To make matters worse, it’s soon discovered there are other similarly altered animals.  As these newly created alpha predators tear across North America, destroying everything in their path, Okoye teams with a discredited genetic engineer to secure an antidote, fighting his way through an ever-changing battlefield, not only to halt a global catastrophe but to save the fearsome creature that was once his friend.",2018-04-11,107,en,"Action, Adventure, Science Fiction","monster, wolf, mutation, gorilla, giant monster, lizard, giant lizard, creature, based on video game, giant animal, mutant animal, kaiju, albino, giant, rat, genetic experiment, destroyed city, giant gorilla, animal monster",120000000,428028233,15.2763,6.466,7744
353486,Jumanji: Welcome to the Jungle,"Four teenagers in detention discover an old video game console with a game they’ve never heard of. When they decide to play, they are immediately sucked into the jungle world of Jumanji in the bodies of their avatars. They’ll have to complete the adventure of their lives filled with fun, thrills and danger or be stuck in the game forever!",2017-12-20,119,en,"Adventure, Comedy, Fantasy","based on novel or book, video game, fighter, sequel, detention, explorer, based on movie, gaming, quest, cartographer, action hero, unassuming, zoologist, based on young adult novel, trapped in a game, hilarious, amused, awestruck, enthusiastic",90000000,995339117,16.1713,6.824,14794
6957,The 40 Year-Old Virgin,"Andy Stitzer has a pleasant life with a nice apartment and a job stamping invoices at an electronics store. But at age 40, there's one thing Andy hasn't done, and it's really bothering his sex-obsessed male co-workers: Andy is still a virgin. Determined to help Andy get laid, the guys make it their mission to de-virginize him. But it all seems hopeless until Andy meets small business owner Trish, a single mom.",2005-08-11,116,en,"Comedy, Romance","first time, virgin, male friendship, co-workers relationship, poker game, sex comedy, virginity, sex",26000000,177400000,15.7765,6.432,7454
23483,Kick-Ass,"Dave Lizewski is an unnoticed high school student and comic book fan who one day decides to become a super-hero, even though he has no powers, training or meaningful reason to do so.",2010-03-26,118,en,"Action, Crime","hero, secret identity, crime fighter, superhero, dark comedy, comic book, based on comic, murder, mafia, family, realism, mist, adventurer, rookie, young heroes, aggressive, young adult, intense, powerful",28000000,96188903,15.7848,7.124,12663
1330021,Remarkably Bright Creatures,"Through unlikely bonds formed during night shifts at a local aquarium, Tova, an elderly widow, learns of a life-changing discovery that may bring her joy and wonder once again.",2026-05-07,114,en,"Drama, Mystery","aquarium, octopus, british columbia, washington, loss of child, based on young adult novel, adoring, fictional town",0,0,16.2405,8.4,929
843,In the Mood for Love,"In 1960s Hong Kong, two neighbors form an intimate bond after making a discovery about their spouses in this visually stunning tale of unrequited love.",2000-09-29,99,cn,"Drama, Romance","adultery, newspaper, secret love, martial arts, lovesickness, husband wife relationship, shanghai, china, marriage crisis, married couple, singapore, deceived husband, forbidden love, neighbor, author, hong kong, extramarital affair, 1960s, asian culture",3000000,15867968,15.6145,8.1,3388
417384,Scary Stories to Tell in the Dark,"Mill Valley, Pennsylvania, Halloween night, 1968. After playing a joke on a school bully, Stella and her friends decide to sneak into a supposedly haunted house that once belonged to the powerful Bellows family, unleashing dark forces that they will be unable to control.",2019-08-08,108,en,"Horror, Mystery","small town, based on novel or book, halloween, haunted house, scarecrow, family secrets, urban legend, racism, high school friends, aspiring writer, draft dodger, 1960s, folk horror",25000000,104545505,17.8908,6.5,2937
840705,Blink Twice,"When tech billionaire Slater King meets cocktail waitress Frida at his fundraising gala, he invites her to join him and his friends on a dream vacation on his private island. But despite the epic setting, beautiful people, ever-flowing champagne, and late-night dance parties, Frida can sense that there’s something sinister hiding beneath the island’s lush façade.",2024-08-21,103,en,"Mystery, Thriller, Horror","rape, forgiveness, exploitation, dark comedy, seclusion, sexual violence, gang rape, psychological thriller, gender roles, therapy, self esteem, remote island, debauchery, wealthy man, woman director, rape revenge, sex slavery, entitlement, abuse of power, repressed trauma, gaslighting, psychological manipulation, drugging someone, me too movement, tech-mogul, private island",20000000,46393906,16.0545,6.681,2058
287947,Shazam!,A boy is given the ability to become an adult superhero in times of need with a single magic word.,2019-03-29,132,en,"Action, Comedy, Fantasy","philadelphia, pennsylvania, magic, secret identity, superhero, based on comic, wizard, superhuman strength, aftercreditsstinger, duringcreditsstinger, dc extended universe (dceu)",80000000,367799011,14.8276,6.968,10465
228165,The SpongeBob Movie: Sponge Out of Water,"Evil pirate Burger Beard is in search of the final page of a magical book that makes any evil plan he writes in it come true, but the final page happens to be the Krabby Patty secret formula. When Burger Beard endangers Bikini Bottom, SpongeBob, Patrick, Mr. Krabs, Squidward, Sandy, and Plankton must embark on a quest to retrieve the recipe and save their city...a quest that takes them to the surface world and transforms them into superheroes.",2015-01-28,93,en,"Adventure, Animation, Comedy, Family, Fantasy","sea, ocean, superhero, villain, sequel, computer animation, based on cartoon, pirate, superhero team, aftercreditsstinger, live action and animation, based on tv series, 3d animation, amused, joyful",74000000,325186032,16.5881,6.119,2608
1493,Miss Congeniality,"When the local FBI office receives a letter from a terrorist known only as 'The Citizen', it's quickly determined that he's planning his next act at the Miss America beauty pageant. Because tough-as-nails Gracie Hart is the only female agent at the office, she's chosen to go undercover as the contestant from New Jersey.",2000-12-22,110,en,"Comedy, Crime, Action","undercover agent, investigation, beauty contest, talent show, fish out of water, terrorism, surveillance, san antonio, texas, beauty standards, beauty queen",45000000,212000000,15.7914,6.5,4358
924,Dawn of the Dead,"A group of survivors take refuge in a shopping mall after the world is taken over by aggressive, flesh-eating zombies.",2004-03-19,101,en,"Horror, Science Fiction, Action","nurse, department store, shotgun, pregnancy, bite, habor, bus ride, dark comedy, lorry, gore, shopping mall, infection, basement garage, remake, survival, zombie, police officer, dog, death, security guard, gun store, duringcreditsstinger, zombie apocalypse, anxious, cautionary, witty, frightened",26000000,102278712,15.9172,7.089,4721
801335,Girl in the Basement,"Sara is a teen girl who is looking forward to her 18th birthday to move away from her controlling father Don. But before she could even blow out the candles, Don imprisons her in the basement of their home.",2021-02-27,88,en,"Thriller, Crime, TV Movie","imprisonment, based on true story, basement, controlling parent, depressing",0,0,16.4799,7.575,896
1895,Star Wars: Episode III - Revenge of the Sith,"When the sinister Sith unveil a thousand-year-old plot to rule the galaxy, the Republic crumbles and from its ashes rises the evil Galactic Empire. Jedi hero Anakin Skywalker must choose a side.",2005-05-17,140,en,"Adventure, Action, Science Fiction","showdown, lava, fight, politics, volcano, chosen one, sequel, romance, prequel, tragedy, cult figure, tragic hero, vision, planet, hatred, dream sequence, expectant mother, space opera, chancel, burn injury, allegorical, tragic romance, fall from grace, power, violence, tuwaderalit",113000000,850000000,15.3983,7.476,15335
64682,The Great Gatsby,"Nick Carraway arrives in New York in 1922, an era of loose morals, glittering jazz and bootleg kings. Chasing his own American Dream, Nick encounters the mysterious millionaire Gatsby and his bewitching cousin Daisy. Soon, Nick is drawn into the captivating world of the super-rich, their illusions, loves and deceits. Bearing witness to this new world, Nick pens a tale of impossible love, incorruptible dreams and unforgettable tragedy -- mirroring our own times and struggles.​",2013-05-09,143,en,"Drama, Romance","infidelity, based on novel or book, obsession, hope, long island, new york, 1920s, voiceover",105000000,351040419,15.031,7.346,13192
586353,The Master and Margarita,"A struggling writer in 1930s Soviet Moscow finds his life transformed when a mysterious professor arrives with his bizarre entourage, including a wisecracking trickster, a deadly assassin, a vampire maid, and a giant talking black cat, turning the city upside down while exposing the hypocrisy of those in power.",2024-01-25,157,ru,"Fantasy, Drama","soviet union, writer, censorship, moscow, russia, 1930s",15000000,28013812,20.0845,6.8,170
19994,Jennifer's Body,"Jennifer, a gorgeous, seductive cheerleader takes evil to a whole new level after she's possessed by a sinister demon. Now it's up to her best friend to stop Jennifer's reign of terror before it's too late.",2009-09-18,107,en,"Horror, Comedy","high school, minnesota, possession, slumber party, gore, sexual murder, teenage girl, demon, rock band, succubus, satanic ritual, candlelight vigil, duringcreditsstinger, woman director, virgin sacrifice, frenemies, bloodthirsty",16000000,31556061,15.6189,6.007,4412
635302,Demon Slayer -Kimetsu no Yaiba- The Movie: Mugen Train,"Tanjiro Kamado, joined with Inosuke Hashibira, a boy raised by boars who wears a boar's head, and Zenitsu Agatsuma, a scared boy who reveals his true power when he sleeps, boards the Infinity Train on a new mission with the Fire Hashira, Kyojuro Rengoku, to defeat a demon who has been tormenting the people and killing the demon slayers who oppose it!",2020-10-16,117,ja,"Animation, Action, Fantasy","fight, magic, supernatural, psychology, gore, sequel, coming of age, survival, tragedy, based on manga, demon, historical, family, mutilation, dark fantasy, shounen, anime, taisho period",15700000,523542183,16.1217,8.229,4695
764,The Evil Dead,"In 1979, a group of college students find a Sumerian Book of the Dead in an old wilderness cabin they've rented for a weekend getaway.",1983-01-16,85,en,Horror,"audio tape, aggression, halloween, log cabin, friends, cabin, zombie, occult, book of the dead, evil dead, necronomicon, demonic possession, macabre, zealous, based on short film, lovecraftian, antagonistic, frightened, splatter horror, blood and gore",350000,29400000,16.3089,7.261,4739
752623,The Lost City,"Reclusive author Loretta Sage writes about exotic places in her popular adventure novels that feature a handsome cover model named Alan. While on tour promoting her new book with Alan, Loretta gets kidnapped by an eccentric billionaire who hopes she can lead him to the ancient city's lost treasure that featured in her latest story. Alan, determined to prove he can be a hero in real life and not just on the pages of her books, sets off to rescue her.",2022-03-23,112,en,"Action, Adventure, Comedy","kidnapping, romcom, writer, model, novelist, lost treasure, duringcreditsstinger, lost civilization, book tour, book",74000000,192907684,16.5166,6.435,4138
12092,Alice in Wonderland,"On a golden afternoon, wildly curious young Alice tumbles into the burrow and enters the merry, madcap world of Wonderland full of whimsical escapades.",1951-08-09,75,en,"Animation, Family, Fantasy, Adventure","dreams, based on novel or book, heart, queen, villain, time, based on children's book, cartoon cat, nothing, female villain, tea party, mad hatter, lewis carroll, based on young adult novel, adaptation, adventure, whimsical, ambiguous, wonderland, march hare, queen of hearts",3000000,57200000,16.0227,7.194,6401
1202033,Enola Holmes 3,"Adventure follows detective Enola Holmes to Malta, where her plans to tie the knot unravel when Sherlock's disappearance plunges her into a perilous case.",2026-06-30,109,en,"Adventure, Crime, Mystery","based on novel or book, detective, victorian england, sequel, female detective, teen adventure, sherlock holmes, amused, exuberant, farcical",0,0,15.8329,6.729,699
884605,No Hard Feelings,"On the brink of losing her childhood home, Maddie discovers an intriguing job listing: wealthy helicopter parents looking for someone to “date” their introverted 19-year-old son, Percy, before he leaves for college. To her surprise, Maddie soon discovers the awkward Percy is no sure thing.",2023-06-15,103,en,"Comedy, Romance","friendship, older woman seduces younger guy, romcom, summer, new york state, teen comedy, hometown, bankruptcy, craigslist, animal shelter, socially awkward, uber, late coming of age, nude swimming, graduation party, playful, lighthearted, helicopter parenting, amused",45000000,83000000,16.555,6.7,4061
415,Batman & Robin,"Batman and his sidekick Robin attempt to the foil the sinister schemes of a deranged set of new villains, most notably the melancholy Mr. Freeze, who wants to make Gotham City into an arctic region, and the sultry Poison Ivy, a botanical femme fatale. As the Dynamic Duo contend with these bad guys, a third hero, Batgirl, joins the ranks of the city's crime-fighters.",1997-06-20,125,en,"Action, Science Fiction, Adventure","dual identity, double life, crime fighter, superhero, ice age, based on comic, credit card, robin, super power, super villain, good versus evil, ice",125000000,238207122,16.4016,4.393,5569
43347,Love & Other Drugs,"Maggie is an alluring free spirit who won't let anyone – or anything – tie her down. But she meets her match in Jamie, whose relentless and nearly infallible charm serves him well with the ladies and the cutthroat world of pharmaceutical sales. Maggie and Jamie's evolving relationship takes them both by surprise, as they find themselves under the influence of the ultimate drug: love.",2010-11-22,112,en,"Drama, Comedy, Romance","letter, sexual freedom, love, viagra, free spirit, parkinson's disease, pills",30000000,102800000,14.8777,7.041,5732
5876,The Mist,"After a violent storm, a dense cloud of mist envelops a small Maine town, trapping David Drayton and his five-year-old son in a local grocery store with other local residents. They soon discover that the mist conceals deadly horrors that threaten their lives, and worse, their sanity.",2007-11-21,126,en,"Horror, Science Fiction, Thriller","monster, based on novel or book, supermarket, fight, faith, prayer, spider, fog, giant monster, giant spider, giant insect, survival, disaster, angry mob, mass hysteria, trapped in building, giant octopus, giant crab, father son relationship, experiment gone awry, lovecraftian, religious fanaticism, bible thumper, sinister",18000000,57470220,15.1987,6.954,6106
335988,Transformers: The Last Knight,"Humans and Transformers are at war. Optimus Prime is gone. The key to saving our future lies buried in the secrets of the past, in the hidden history of Transformers on Earth. Saving our world falls upon the shoulders of an unlikely alliance: Cade Yeager; Bumblebee; an English Lord; and an Oxford Professor.",2017-06-16,154,en,"Action, Adventure, Science Fiction","england, chosen one, sequel, based on toy, knight, giant robot, planet, robot, duringcreditsstinger, planet earth, arthurian mythology, secret history",217000000,605425157,15.9678,6.064,6900
127380,Finding Dory,Dory is reunited with her friends Nemo and Marlin in the search for answers about her past. What can she remember? Who are her parents? And where did she learn to speak Whale?,2016-06-16,97,en,"Adventure, Animation, Family","fish, amnesia, octopus, sequel, anthropomorphism, computer animation, underwater, aftercreditsstinger, clownfish, 3d animation, amused, enthusiastic, hopeful, pixar",200000000,1029266989,16.5038,7.044,12872
5255,The Polar Express,"When a doubting young boy takes an extraordinary train ride to the North Pole, he embarks on a journey of self-discovery that shows him that the wonder of life never fades for those who believe.",2004-11-10,100,en,"Adventure, Animation, Family, Fantasy","winter, faith, holiday, santa claus, nerd, bell, train, beard, north pole, trestle, ticket, train travel, motion capture, christmas, wonder, 3d animation, admiring, cheerful, xmas",165000000,318432432,16.4422,6.726,7049
153518,The Angry Birds Movie,"An island populated entirely by happy, flightless birds or almost entirely. In this paradise, Red, a bird with a temper problem, speedy Chuck, and the volatile Bomb have always been outsiders. But when the island is visited by mysterious green piggies, it’s up to these unlikely outcasts to figure out what the pigs are up to.",2016-05-11,97,en,"Animation, Adventure, Comedy, Family","island, pig, villain, eagle, rivalry, based on video game, creature feature, duringcreditsstinger, anger management, animal kingdom, talking animal, bird, 3d animation, creature comedy, hilarious, action, amused, bold, enthusiastic",73000000,349779543,15.6019,6.294,4139
2698,Evan Almighty,God contacts Junior Congressman Evan Baxter and tells him to build an ark in preparation for a great flood.,2007-06-09,96,en,"Fantasy, Comedy, Family","rescue, parent child relationship, faith, married couple, support, marriage, father, sequel, god, spin off, animals, nature, flood, duringcreditsstinger, noah's ark, ark, almighty, hilarious",175000000,174440724,16.053,5.6,4671
153,Lost in Translation,"Two lost souls visiting Tokyo -- the young, neglected wife of a photographer and a washed-up movie star shooting a TV commercial -- find an odd solace and pensive freedom to be real in each other's company, away from their lives in America.",2003-09-18,102,en,"Drama, Comedy, Romance","hotel room, adultery, japan, unsociability, upper class, pop star, age difference, photographer, commercial, karaoke, homesickness, culture clash, jet lag, midlife crisis, loneliness, tokyo, japan, older man younger woman relationship, unlikely friendship, aftercreditsstinger, woman director, lyrical, wistful, hopeful",4000000,119723856,15.7875,7.377,8330
585511,Luck,"Suddenly finding herself in the never-before-seen Land of Luck, the unluckiest person in the world must unite with the magical creatures there to turn her luck around.",2022-08-05,105,en,"Animation, Adventure, Comedy, Fantasy, Family","superstition, bad luck, leprechaun, computer animation, female protagonist, calm, wonder, 3d animation, casual, ambiguous, bold, حظ",0,0,15.8738,7.778,2122
400155,Hotel Transylvania 3: Summer Vacation,"Dracula, Mavis, Johnny and the rest of the Drac Pack take a vacation on a luxury Monster Cruise Ship, where Dracula falls in love with the ship’s captain, Ericka, who’s secretly a descendant of Abraham Van Helsing, the notorious monster slayer.",2018-06-28,97,en,"Animation, Comedy, Family, Fantasy","monster, vampire, halloween, vacation, sequel, romance, cruise ship, summer vacation, dracula, 3d animation",80000000,528600000,16.0233,6.843,4806
7512,Idiocracy,"To test its top-secret Human Hibernation Project, the Pentagon picks the most average European-Americans it can find - an Army private and a prostitute - and sends them to the year 2505 after a series of freak events. But when they arrive, they find a civilization so dumbed-down that they're the smartest people around.",2006-09-01,85,en,"Comedy, Science Fiction, Adventure, Thriller","future, army, prostitute, usa president, congress, experiment, arena, capitalism, dystopia, dark comedy, hibernation, stupidity, junk food, social satire, brainwashing, surveillance, masturbation, u.s. congress, mass media, aftercreditsstinger, commercialism, thoughtful, cryonics, anti-intellectualism, cautionary, hilarious",2400000,495303,16.5633,6.39,3823
49047,Gravity,"Dr Ryan Stone, an engineer on her first space mission, and Matt Kowalski, an astronaut on his final expedition, have to survive in space after they are hit by debris while spacewalking.",2013-10-03,91,en,"Science Fiction, Thriller, Drama","space mission, loss, space, astronaut, space station, trapped in space, reflective, hopeful",105000000,723192705,15.4898,7.171,16701
7980,The Lovely Bones,"After being brutally murdered, 14-year-old Susie Salmon watches from heaven over her grief-stricken family -- and her killer. As she observes their daily lives, she must balance her thirst for revenge with her desire for her family to heal.",2009-12-26,136,en,"Fantasy, Drama","rape, based on novel or book, afterlife, loss of loved one, tree, 1970s, melancholy, serial killer, corpse, pedophile, teenage love, grieving, childhood sexual abuse, based on young adult novel",65000000,93600000,15.436,7.057,5084
8909,Wanted,"Doormat Wesley Gibson is an office worker whose life is going nowhere. He meets an attractive woman named Fox and discovers that his recently murdered father - whom Wesley never knew - belonged to the Fraternity, a secret society of assassins which takes its orders from Fate itself. Fox and Sloan, the Fraternity's leader, teach Wesley, through intense training, to tap into dormant powers and hone his innate killing skills. Though he enjoys his newfound abilities, he begins to suspect that there is more to the Fraternity than meets the eye.",2008-06-19,110,en,"Action, Thriller, Crime","mission of murder, secret base, secret organization, death of father, instinct, train crash, revenge, betrayal, fate, based on graphic novel, healing process, hidden powers, legacy, secret code, trainsurfing, weapons training, office worker, physical training, intense, assassins, extraordinary powers, vibrant",75000000,342463063,15.0811,6.532,7805
850165,The Iron Claw,"The true story of the inseparable Von Erich brothers, who made history in the intensely competitive world of professional wrestling in the early 1980s. Through tragedy and triumph, under the shadow of their domineering father and coach, the brothers seek larger-than-life immortality on the biggest stage in sports.",2023-12-21,133,en,"Drama, History","sports, 1970s, texas, wrestling, brotherhood, biography, dallas, texas, based on true story, dysfunctional family, family relationships, grief, tragedy, curse, historical, family, death, mental illness, overbearing father, mourning, death of brother, 1980s, grim, family legacy, brothers, period piece, cerebral, intimate, depressing, adoring, compassionate, powerful, tragic",15900000,40130232,15.3348,7.5,1354
258489,The Legend of Tarzan,"Tarzan, having acclimated to life in London, is called back to his former home in the jungle to investigate the activities at a mining encampment.",2016-06-29,109,en,"Fantasy, Action, Adventure","africa, animal attack, feral child, tarzan, jungle",180000000,356743061,15.8303,5.9,6633
10330,Freaky Friday,"Mother and daughter bicker over everything -- what Anna wears, whom she likes and what she wants to do when she's older. In turn, Anna detests Tess's fiancé. When a magical fortune cookie switches their personalities, they each get a peek at how the other person feels, thinks and lives.",2003-08-05,97,en,"Comedy, Family, Fantasy","high school, concert, sibling relationship, single parent, mistake in person, bride, body exchange, fortune cookie, motherly love, female protagonist, wedding, psychiatrist, body-swap, teen comedy, child as an adult, adult as a child, mother daughter relationship, amused",26000000,160846332,17.6991,6.589,4374
22832,Ninja Assassin,"Ninja Assassin follows Raizo, one of the deadliest assassins in the world. Taken from the streets as a child, he was transformed into a trained killer by the Ozunu Clan, a secret society whose very existence is considered a myth. But haunted by the merciless execution of his friend by the Clan, Raizo breaks free from them and vanishes. Now he waits, preparing to exact his revenge.",2009-09-29,99,en,"Action, Adventure, Thriller","martial arts, assassin, assassination, ninja fighter, gore, stick fighting, sensei, revenge, ninja, bloody fight, chop socky, ninjutsu, kusarigama",40000000,61601280,14.8084,6.781,1894
7131,Van Helsing,Famed monster slayer Gabriel Van Helsing is dispatched to Transylvania to assist the last of the Valerious bloodline in defeating Count Dracula. Anna Valerious reveals that Dracula has formed an unholy alliance with Dr. Frankenstein's monster and is hell-bent on exacting a centuries-old curse on her family.,2004-05-03,132,en,"Horror, Adventure, Action","transylvania, vampire, vatican (holy see), bite, castle, steampunk, werewolf, gothic horror, van helsing, notre dame cathedral, 19th century, mr. hyde, frankenstein, dracula, fantasy",160000000,300257475,20.425,6.43,6872
515001,Jojo Rabbit,"Jojo, a lonely German boy during World War II has his world shaken when he learns that his single mother is hiding a Jewish girl in their home. Influenced by a buffoonish imaginary version of Adolf Hitler, he begins to question his beliefs and confront the conflict between propaganda and his own humanity.",2019-10-18,108,en,"Comedy, War, Drama","based on novel or book, world war ii, jew persecution, satire, imaginary friend, hitler youth, single mother, questioning, nazism, 1940s, child protagonist, adolf hitler, children in wartime, suspicious, irreverent, nazi germany, doubtful, ridiculous",14000000,82468705,16.1579,7.973,10719
10439,Hocus Pocus,"After 300 years of slumber, three sister witches are accidentally resurrected in Salem on Halloween night, and it is up to three kids and their newfound feline friend to put an end to the witches' reign of terror once and for all.",1993-07-16,96,en,"Fantasy, Comedy, Family","witch, virgin, sibling relationship, magic, halloween, undead, resurrection, potion, salem, massachusetts, trick or treating, spellcasting, talking cat, time skip, grimoire, teen fantasy",28000000,51663767,17.8026,7.0,3394
1098006,Fountain of Youth,"A treasure-hunting mastermind assembles a team for a life-changing adventure. But to outwit and outrun threats at every turn, he'll need someone even smarter than he is: his estranged sister.",2025-05-19,126,en,"Adventure, Fantasy, Mystery","egypt, treasure, fountain of youth, secret organization, heist, art thief, sibling, healing power, estranged family member, pharaoh, ancient, history",0,0,16.609,6.2,1041
1097549,Babygirl,A high-powered CEO puts her career and family on the line when she begins a torrid affair with her much younger intern.,2024-12-25,115,en,"Romance, Thriller","infidelity, new york city, husband wife relationship, sexual frustration, sexuality, eroticism, seduction, workplace, female protagonist, married woman, ceo, intern, woman director, submission, taboo sex, masculinity, female sexuality, innuendo, erotic thriller, workplace romance, unfaithful wife, sex, young man seduces old lady, age-gap relationship, kink, power dynamics, employee boss relationship, workplace drama",20000000,60934894,15.7076,5.726,1299
460465,Mortal Kombat,"Washed-up MMA fighter Cole Young, unaware of his heritage, and hunted by Emperor Shang Tsung's best warrior, Sub-Zero, seeks out and trains with Earth's greatest champions as he prepares to stand against the enemies of Outworld in a high stakes battle for the universe.",2021-04-07,110,en,"Action, Fantasy, Adventure","martial arts, saving the world, magic, ninja fighter, gore, god, alternate dimension, shaolin monk, fighting, based on video game, martial arts tournament, reboot, hand to hand combat",20000000,84426031,16.1426,7.032,7063
1539104,JUJUTSU KAISEN: Execution,"A veil abruptly descends over the busy Shibuya area amid the bustling Halloween crowds, trapping countless civilians inside. Satoru Gojo, the strongest jujutsu sorcerer, steps into the chaos. But lying in wait are curse users and spirits scheming to seal him away. Yuji Itadori, accompanied by his classmates and other top-tier jujutsu sorcerers, enters the fray in an unprecedented clash of curses — the Shibuya Incident. In the aftermath, ten colonies across Japan are transformed into dens of curses in a plan orchestrated by Noritoshi Kamo. As the deadly Culling Game starts, Special Grade sorcerer Yuta Okkotsu is assigned to carry out Yuji's execution for his perceived crimes. A compilation movie of Shibuya Incident including the first two episodes of the Culling Games arc.",2025-11-07,88,ja,"Animation, Action, Fantasy","compilation, based on manga, edited from tv series, shounen, anime, distressing",0,44457030,16.3117,6.1,119
2502,The Bourne Supremacy,"A CIA operation to purchase classified Russian documents is blown by a rival agent, who then shows up in the sleepy seaside village where Bourne and Marie have been living. The pair run for their lives and Bourne, who promised retaliation should anyone from his former life attempt contact, is forced to once again take up his life as a trained assassin to survive.",2004-07-23,108,en,"Action, Drama, Thriller","sniper, assassin, berlin, germany, amnesia, based on novel or book, espionage, lie, sequel, on the run, shootout, foot chase, exploding house, one against many, rail car, dark past, moscow, russia, hand to hand combat, action hero, bourne, jason bourne, dramatic, suspenseful",75000000,288500217,16.3841,7.335,8428
102651,Maleficent,"A beautiful, pure-hearted young woman, Maleficent has an idyllic life growing up in a peaceable forest kingdom, until one day when an invading army threatens the harmony of the land. She rises to be the land's fiercest protector, but she ultimately suffers a ruthless betrayal – an act that begins to turn her heart into stone. Bent on revenge, Maleficent faces an epic battle with the invading King's successor and, as a result, places a curse upon his newborn infant Aurora. As the child grows, Maleficent realizes that Aurora holds the key to peace in the kingdom – and to Maleficent's true happiness as well.",2014-05-28,97,en,"Fantasy, Adventure, Action, Family, Romance","friendship, magic, kingdom, fairy tale, fairy, prince, enchantment, betrayal, curse, kindness, protector, childhood friends, good becoming evil, raven, dark fantasy, based on fairy tale, retelling, literary adaptation, true love, dark forest, live action remake, cursed princess, fairies, antagonistic, sleeping beauty",180000000,758539785,15.0401,7.089,13946
36647,Blade,"The Daywalker known as ""Blade"" - a half-vampire, half-mortal man - becomes the protector of humanity against an underground army of vampires.",1998-08-21,121,en,"Horror, Action","martial arts, hero, vampire, superhero, supernatural, based on comic, rivalry, vampire hunter (slayer), sword fight, revenge, tragic hero, one man army, martial arts master, scientist, super power, blade, secret headquarters, escapade, deadly, master warrior, urban gothic, good versus evil",45000000,131183530,16.2511,6.856,6994
1315303,Primate,"College student Lucy and her friends spend their vacation at her family's home in Hawaii, which includes her pet chimpanzee, Ben. However, when Ben contracts rabies after being bitten by a rabid animal, the group must fight for their lives in order to avoid the now-violent chimp.",2026-01-01,89,en,"Horror, Thriller","hawaii, pet, chimpanzee, animal attack, gore, survival, monkey, survival horror, rabies, primate, mongoose, animal horror, pool party, pool, party, teen horror, horror, animal",21000000,41235665,16.1687,6.5,907
777443,The Electric State,"An orphaned teen hits the road with a mysterious robot to find her long-lost brother, teaming up with a smuggler and his wisecracking sidekick.",2025-02-24,125,en,"Action, Adventure, Science Fiction","man vs machine, artificial intelligence (a.i.), based on novel or book, robot, 1990s, quest for identity, young, missing brother, comedy, retro‑futuristic world, post‑war dystopia, technological ruins, technology fallout, emotional sci‑fi, search for family, survival journey",320000000,0,16.4543,6.469,1821
193756,Lone Survivor,"Four Navy SEALs on a covert mission to neutralize a high-level Taliban operative must make an impossible moral decision in the mountains of Afghanistan that leads them into an enemy ambush. As they confront unthinkable odds, the SEALs must find reserves of strength and resilience to fight to the finish.",2013-12-24,121,en,"War, Action, Drama","based on novel or book, fight, afghanistan, biography, based on true story, taliban, survival, u.s. navy seal, military, dangerous mission, soldiers, bold",40000000,149295601,15.9153,7.429,4887
531428,Portrait of a Lady on Fire,"On an isolated island in Brittany at the end of the eighteenth century, a female painter is obliged to paint a wedding portrait of a young woman.",2019-09-06,121,fr,"Drama, Romance","island, fire, beach, arranged marriage, classical music, painting, melancholy, painter, greek mythology, lesbian relationship, person on fire, period drama, lesbian sex, portrait, lgbt, 18th century, woman director, abortion, portrait drawing, posing for a portrait, women gathering, women in film, complex, walk, painting lesson, symphony orchestra, lesbian, woman falls in love, vivaldi, women, bitter, admiring, adoring, awestruck, compassionate, empathetic, melodramatic, steamy romance",5740000,9923127,15.873,8.091,3056
378064,A Silent Voice: The Movie,"Shouya Ishida starts bullying the new girl in class, Shouko Nishimiya, because she is deaf. But as the teasing continues, the rest of the class starts to turn on Shouya for his lack of compassion. When they leave elementary school, Shouko and Shouya do not speak to each other again... until an older, wiser Shouya, tormented by his past behaviour, decides he must see Shouko once more. He wants to atone for his sins, but is it already too late...?",2016-09-17,129,ja,"Animation, Drama, Romance","high school, friendship, suicide, suicide attempt, deaf, bullying, coming of age, school, based on manga, adult animation, teen suicide, woman director, sign languages, shounen, anime, social anxiety, japanese high school, japanese school, appreciative",0,30819442,15.1816,8.4,4700
96721,Rush,"In the 1970s, a rivalry propels race car drivers Niki Lauda and James Hunt to fame and glory — until a horrible accident threatens to end it all.",2013-09-02,123,en,"Drama, Action","car race, sports, world champion, based on true story, racing, adventurer, formula one (f1), ambivalent, compassionate, exhilarated",38000000,90200000,14.2601,7.744,8057
110415,Snowpiercer,"In a future where a failed global-warming experiment kills off most life on the planet, a class system evolves aboard the Snowpiercer; a train that travels around the globe via a perpetual-motion engine.",2013-08-01,127,ko,"Action, Science Fiction, Drama","new year's eve, rebellion, cold, parent child relationship, winter, brothel, child labour, pregnancy, dystopia, allegory, post-apocalyptic future, bridge, train hijacking, rifle, based on comic, dam, survival, train, based on graphic novel, guilt, revolt, duplicity, tunnel, social class, cold weather, population control, perpetual winter, 2030s, science fiction, conspiracy thriller, into the future",39200000,86758912,15.5915,6.909,10709
312221,Creed,"The former World Heavyweight Champion Rocky Balboa serves as a trainer and mentor to Adonis Johnson, the son of his late friend and former rival Apollo Creed.",2015-11-25,133,en,Drama,"underdog, mexico, philadelphia, pennsylvania, sports, mentor, trainer, cancer, spin off, underground fighting, boxing trainer, motivational speaker, boxing, legacy, boxing manager, boxing champion",37000000,173600000,14.4228,7.408,8141
9358,Final Destination 2,"When Kimberly has a violent premonition of a highway pileup she blocks the freeway, keeping a few others meant to die, safe...Or are they? The survivors mysteriously start dying and it's up to Kimberly to stop it before she's next.",2003-01-31,90,en,"Horror, Mystery","ambulance, car crash, sequel, premonition, vision, hospital, death, cheating death, supernatural horror, horror, excited, deaths",26000000,90941129,15.9261,6.316,5044
473033,Uncut Gems,"A charismatic New York City jeweler always on the lookout for the next big score makes a series of high-stakes bets that could lead to the windfall of a lifetime. Howard must perform a precarious high-wire act, balancing business, family, and encroaching adversaries on all sides in his relentless pursuit of the ultimate win.",2019-12-13,136,en,"Drama, Thriller, Crime","bet, infidelity, new york city, philadelphia, pennsylvania, gambling, auction, ethiopia, dark comedy, basketball, long island, new york, money, debt, apartment building, opal, pawnshop, character study, jeweler, city life, neo-noir, anxious, ethiopian jews, 2010s, independent film, black opal, suspenseful, distressing, diamond district",19000000,50023780,16.2069,7.173,5600
54138,Star Trek Into Darkness,"When the crew of the Enterprise is called back home, they find an unstoppable force of terror from within their own organization has detonated the fleet and everything it stands for, leaving our world in a state of crisis.  With a personal score to settle, Captain Kirk leads a manhunt to a war-zone world to capture a one man weapon of mass destruction. As our heroes are propelled into an epic chess game of life and death, love will be challenged, friendships will be torn apart, and sacrifices must be made for the only family Kirk has left: his crew.",2013-05-05,132,en,"Action, Adventure, Science Fiction","spacecraft, friendship, sequel, alien, futuristic, space, mysterious force, space opera, terrorist bombing, new beginning, amused, excited",190000000,467381584,16.508,7.32,9889
193893,Let's Be Cops,"Best pals Ryan and Justin are stalled in their respective careers -- a fact that is painfully driven home when they go to a college reunion. Dressed as police in the mistaken belief that they were to attend a costume party, Ryan and Justin find that the uniforms earn them much respect and attention. Although Justin is uncomfortable with the idea, Ryan decides to continue with the charade, putting them both in increasingly dangerous situations. When these newly-minted “heroes” get tangled in a real life web of mobsters and dirty detectives, they must put their fake badges on the line.",2014-08-13,104,en,Comedy,"robbery, corruption, police, kidnapping, nightclub, investigation, affectation, male friendship, flashback, murder, mobster, police impersonator, los angeles, california, buddy cop, lying, guns, playful, absurd, hilarious, admiring, adoring, amused, celebratory, familiar",17000000,136600000,14.9958,6.5,3045
881,A Few Good Men,"When cocky military lawyer Lt. Daniel Kaffee and his co-counsel, Lt. Cmdr. JoAnne Galloway, are assigned to a murder case, they uncover a hazing ritual that could implicate high-ranking officials such as shady Col. Nathan Jessep.",1992-12-11,138,en,Drama,"underdog, dying and death, suicide, navy, right and justice, court case, suspicion of murder, guantanamo bay, marine corps, military court, code red, command, military base, u.s. navy, sexism, based on play or musical, flashback, court martial, platoon leader, military law, legal thriller",40000000,243240178,15.8852,7.6,4339
82675,Taken 2,"In Istanbul, retired CIA operative Bryan Mills and his wife are taken hostage by the father of a kidnapper Mills killed while rescuing his daughter.",2012-09-27,91,en,"Action, Crime, Thriller","kidnapping, fbi, turkey, sequel, police chase, teenage daughter, stealing a car, ex-husband ex-wife relationship, albanian, u.s. embassy",45000000,376100000,15.5499,6.372,7283
829560,The Next 365 Days,Laura and Massimo's relationship hangs in the balance as they try to overcome trust issues while a tenacious Nacho works to push them apart.,2022-08-18,112,pl,"Romance, Drama","gangster, bdsm, rich man poor woman, disrespectful",0,0,15.9101,6.4,1349
76203,12 Years a Slave,"In the pre-Civil War United States, Solomon Northup, a free black man from upstate New York, is abducted and sold into slavery. Facing cruelty as well as unexpected kindnesses Solomon struggles not only to stay alive, but to retain his dignity. In the twelfth year of his unforgettable odyssey, Solomon’s chance meeting with a Canadian abolitionist will forever alter his life.",2013-10-18,134,en,"Drama, History","slavery, louisiana, based on true story, racism, based on memoir or autobiography, period drama, slave owner, shocking, 19th century, sold into slavery, abolitionist, african american history, american history, deep south, harsh, chattel slavery",20000000,187000000,15.9361,7.928,12238
11430,The Lion King 1½,Timon the meerkat and Pumbaa the warthog are best pals and the unsung heroes of the African savanna. This prequel to the smash Disney animated adventure takes you back -- way back -- before Simba's adventure began. You'll find out all about Timon and Pumbaa and tag along as they search for the perfect home and attempt to raise a rambunctious lion cub.,2004-10-28,77,en,"Adventure, Animation, Comedy, Family","pig, africa, lion, cartoon, musical, sequel, royalty, best friend, spin off, playful, hilarious, direct to video",0,1465,15.5139,6.588,3215
1363387,Saccharine,"After succumbing to an obscure weight-loss craze involving the eating of human ashes, lovelorn medical student Hana finds herself haunted by the ghost of the person she's eating.",2026-05-22,113,en,Horror,"supernatural, evil spirit, ashes, mortician, eating disorder, supernatural horror, psychological, body horror, psychological horror, horror",0,456091,17.4849,6.875,188
2123,"Me, Myself & Irene","Rhode Island State Trooper Charlie Baileygates has a multiple personality disorder. One personality is crazy and aggressive, while the other is more friendly and laid back. Both of these personalities fall in love with the same woman named Irene after Charlie loses his medication.",2000-06-22,117,en,Comedy,"schizophrenia, road trip, ex-cop, aftercreditsstinger, duringcreditsstinger",51000000,149270999,15.8772,6.633,4401
280217,The Lego Movie 2: The Second Part,"It's been five years since everything was awesome and the citizens are facing a huge new threat: LEGO DUPLO® invaders from outer space, wrecking everything faster than they can rebuild.",2019-02-06,107,en,"Action, Adventure, Animation, Comedy, Family","villain, time travel, sequel, based on toy, live action and animation, lego, loving, 3d animation, admiring, amused, cheerful",99000000,199603202,14.9137,6.6,2523
754,Face/Off,"In order to foil a terrorist plot, an FBI agent undergoes facial transplant surgery and assumes the identity of a criminal mastermind. The plan turns sour when the criminal wakes up prematurely and seeks revenge.",1997-06-27,139,en,"Action, Crime, Science Fiction","prison, biological weapon, prisoner, bomb, undercover, psychopath, fbi, mexican standoff, face transplant, prison escape, flashback, revenge, tragedy, organized crime, shootout, boat chase, los angeles, california, doctor, sibling, disguise, blunt, vendetta, surgery, criminal gang, golden gun, archvillain, bullet ballet, archenemy, brother brother relationship, maximum security prison, fbi agent",80000000,245700000,15.8752,7.062,6141
4108,The Transporter,"Former Special Forces officer Frank Martin will deliver anything to anyone for the right price, and his no-questions-asked policy puts him in high demand. But when he realizes his latest cargo is alive, it sets in motion a dangerous chain of events. The bound and gagged Lai is being smuggled to France by a shady American businessman, and Frank works to save her as his own illegal activities are uncovered by a French detective.",2002-10-02,92,en,"Action, Crime, Thriller","martial arts, transporter, france, human trafficking, organized crime, police chase, gunfight, explosion, young woman, getaway driver, assassination attempt, rules, bmw, ex special forces, french police, french detective, nice france, precision, transport, admiring, no questions asked, french inspector, modified vehicle",21000000,43900000,18.8651,6.73,6020
1272149,Bridget Jones: Mad About the Boy,"Bridget Jones navigates life as a widow and single mum with the help of her family, friends, and former lover, Daniel. Back to work and on the apps, she's pursued by a younger man and maybe – just maybe – her son's science teacher.",2025-02-12,124,en,"Romance, Comedy, Drama","based on novel or book, female friendship, romcom, family relationships, sequel",50000000,140431671,15.8826,6.35,580
9342,The Mask of Zorro,"It has been twenty years since Don Diego de la Vega fought Spanish oppression in Alta California as the legendary romantic hero, Zorro. Having escaped from prison he transforms troubled bandit Alejandro into his successor, in order to foil the plans of the tyrannical Don Rafael Montero who robbed him of his freedom, his wife and his precious daughter.",1998-07-16,138,en,"Action, Adventure","california, hero, horseback riding, spy, superhero, sword fight, revenge, vigilante, swashbuckler, action hero, zorro, vigilante justice",95000000,250288523,15.5343,6.6,4461
508943,Luca,Luca and his best friend Alberto experience an unforgettable summer on the Italian Riviera. But all the fun is threatened by a deeply-held secret: they are sea monsters from another world just below the water’s surface.,2021-06-17,95,en,"Animation, Family, Fantasy, Drama, Comedy","friendship, monster, italy, villain, coming of age, friends, bromance, sea monster, vespa, aftercreditsstinger, seaside town, 1950s, pasta, water, 3d animation, italian riviera, pesto, admiring, pixar",200000000,51074773,15.0384,7.772,9140
1562,28 Weeks Later,"Twenty-eight weeks after the spread of a deadly rage virus, the inhabitants of the British Isles have lost their battle against the onslaught, as the virus has killed everyone there. Six months later, a group of Americans dare to set foot on the Isles, convinced the danger has passed. But it soon becomes all too clear that the scourge continues to live, waiting to pounce on its next victims.",2007-04-26,99,en,"Horror, Thriller, Science Fiction","dying and death, london, england, sibling relationship, chaos, loss of loved one, mutant, supernatural, survival, on the run, zombie, escapade, virus, plague, female corpse, deadly",15000000,72304846,15.1374,6.591,5879
294254,Maze Runner: The Scorch Trials,"Thomas and his fellow Gladers face their greatest challenge yet: searching for clues about the mysterious and powerful organization known as WCKD. Their journey takes them to the Scorch, a desolate landscape filled with unimaginable obstacles. Teaming up with resistance fighters, the Gladers take on WCKD’s vastly superior forces and uncover its shocking plans for them all.",2015-09-09,131,en,"Science Fiction, Action, Thriller, Adventure","based on novel or book, escape, resistance, dystopia, maze, post-apocalyptic future, infection, sequel, on the run, zombie, storm, disease, desert, labyrinth, sewer, antidote, corporation, virus, runner, immunity, based on young adult novel",61000000,312296056,15.5375,6.731,11266
1232546,Until Dawn,"One year after her sister Melanie mysteriously disappeared, Clover and her friends head into the remote valley where she vanished in search of answers. Exploring an abandoned visitor center, they find themselves stalked by a masked killer and horrifically murdered one by one...only to wake up and find themselves back at the beginning of the same evening.",2025-04-23,103,en,"Horror, Mystery","witch, haunting, abandoned house, survival, memory loss, time loop, bear trap, slasher, exploding body, death, based on video game, creature feature, wendigo, murder mystery, butterfly effect, supernatural horror, body horror, psychological horror, horror, missing people",15000000,54105064,16.4148,6.3,1595
762504,Nope,"Residents in a lonely gulch of inland California bear witness to an uncanny, chilling discovery.",2022-07-20,130,en,"Horror, Science Fiction, Thriller","california, horse, exploitation, death of father, alien, ufo, social commentary, alien invasion, alien contact, aftercreditsstinger, horse farm, african american man, racial issues, brother sister relationship, horror western, psychological horror, sci-fi horror, sci-fi western",68000000,171932082,14.0234,6.83,5205
333484,The Magnificent Seven,"Looking to mine for gold, greedy industrialist Bartholomew Bogue seizes control of the Old West town of Rose Creek. With their lives in jeopardy, Emma Cullen and other desperate residents turn to bounty hunter Sam Chisolm for help. Chisolm recruits an eclectic group of gunslingers to take on Bogue and his ruthless henchmen. With a deadly showdown on the horizon, the seven mercenaries soon find themselves fighting for more than just money once the bullets start to fly.",2016-09-14,132,en,"Adventure, Action, Western","friendship, gunslinger, village, horse, mercenary, remake, bandit, farmer, cowboy, hired gun, angry",90000000,162400000,15.0058,6.5,6576
27581,The Other Guys,"Unlike their heroic counterparts on the force, desk-bound NYPD detectives Gamble and Hoitz garner no headlines as they work day to day. When a seemingly minor case turns out to be a big deal, the two cops get the opportunity to finally prove to their comrades that they have the right stuff.",2010-08-06,107,en,"Comedy, Action, Crime","new york city, narration, sarcasm, buddy cop, buddy comedy, carjacking, jumping off a building, aftercreditsstinger, crime investigation, running gags, explosions, nypd detectives, celebrity cops, parody elements, financial crime, police satire",100000000,170432927,15.3449,6.3,4712
1140521,The Magic Faraway Tree,"A modern family relocates to the countryside where the children discover a magical tree with eccentric residents. They're transported to fantastical lands, rekindling their family bond through adventures.",2026-03-26,110,en,"Adventure, Family, Fantasy","tree, based on children's book, children's adventure, estranged family",0,32241102,16.0181,6.5,80
628,Interview with the Vampire,"A vampire relates his epic life story of love, betrayal, loneliness, and dark hunger to an over-curious reporter.",1994-11-11,123,en,"Horror, Drama, Fantasy","paris, france, based on novel or book, san francisco, california, vampire, bite, new orleans, louisiana, plantation, louisiana, pity, child vampire, gothic horror, 18th century, plague, 19th century, urban gothic, reluctant vampire",60000000,223664608,16.3131,7.386,6632
624860,The Matrix Resurrections,"Plagued by strange memories, Neo's life takes an unexpected turn when he finds himself back inside the Matrix.",2021-12-16,148,en,"Science Fiction, Action, Adventure","future, man vs machine, underground world, artificial intelligence (a.i.), computer, virtual reality, prophecy, dystopia, sequel, cyberpunk, aftercreditsstinger, dream world, woman director, gnosticism, grand",190000000,156497322,15.2758,6.303,6745
1193501,Whistle,"When a misfit group of unwitting high school students stumbles upon a cursed Aztec Death Whistle, they discover that blowing it unleashes a terrifying sound that summons their future deaths to hunt them down.",2026-01-20,100,en,"Horror, Mystery","high school, grave, evil spirit, school, death, whistle, based on short story, supernatural horror, cautionary, cursed object, teen horror, horror, straightforward",2000000,4987632,16.1338,6.311,702
1927,Hulk,"Bruce Banner, a genetics researcher with a tragic past, suffers massive radiation exposure in his laboratory that causes him to transform into a raging green monster when he gets angry.",2003-06-19,138,en,"Science Fiction, Adventure, Action, Drama","california, monster, general, mutation, san francisco, california, gun, superhero, dna, transformation, psychology, berkeley, based on comic, president, golden gate bridge, doctor, fear, scientist, dog, desert, anger, phone, military, super villain, cell, superhuman strength, repressed memory, repression, good versus evil, introspective, ambiguous",137000000,245360480,14.6932,5.604,6477
336843,Maze Runner: The Death Cure,"Thomas leads his group of escaped Gladers on their final and most dangerous mission yet. To save their friends, they must break into the legendary Last City, a WCKD-controlled labyrinth that may turn out to be the deadliest maze of all. Anyone who makes it out alive will get answers to the questions the Gladers have been asking since they first arrived in the maze.",2018-01-10,143,en,"Science Fiction, Action, Adventure, Thriller","based on novel or book, fight, maze, post-apocalyptic future, imprisonment, terminal illness, mad scientist, trial, sequel, survival, murder, zombie, doctor, battle, vaccine, scientist, killer, desert, labyrinth, combat, illness, cure, zombie apocalypse, runner, universal cure, based on young adult novel",62000000,288418190,15.1516,7.076,8588
4523,Enchanted,"The beautiful princess Giselle is banished by an evil queen from her magical, musical animated land and finds herself in the gritty reality of the streets of modern-day Manhattan. Shocked by this strange new environment that doesn't operate on a ""happily ever after"" basis, Giselle is now adrift in a chaotic world badly in need of enchantment. But when Giselle begins to fall in love with a charmingly flawed divorce lawyer who has come to her aid - even though she is already promised to a perfect fairy tale prince back home - she has to wonder: Can a storybook view of romance survive in the real world?",2007-11-20,107,en,"Comedy, Family, Fantasy, Romance","princess, new york city, magic, fairy tale, poison, queen, prince, villain, musical, portal, female protagonist, female villain, manhattan, new york city, evil queen, fantasy world, evil witch, true love, part animation, live action and animation",85000000,340487652,15.9039,6.85,5825
563,Starship Troopers,"Set in the future, the story follows a young soldier named Johnny Rico and his exploits in the Mobile Infantry. Rico's military career progresses from recruit to non-commissioned officer and finally to officer against the backdrop of an interstellar war between mankind and an arachnoid species known as ""the Bugs.""",1997-11-07,129,en,"Adventure, Action, Thriller, Science Fiction","spacecraft, space marine, army, moon, based on novel or book, asteroid, intelligence, dystopia, buenos aires, argentina, space battle, satire, giant insect, creature, soldier, alien invasion, drill instructor, military, bugs",105000000,121214377,15.7047,7.116,5726
853,Enemy at the Gates,A Russian and a German sniper play a game of cat-and-mouse during the Battle of Stalingrad in WWII.,2001-02-28,131,en,"War, History","sniper, hero, winter, world war ii, stalingrad, based on true story, nazi officer, battle, bombing, death, 1940s, soldiers, war, earnest",68000000,96976270,14.4598,7.4,4195
1267,Meet the Robinsons,"Lewis, a brilliant young inventor, is keen on creating a time machine to find his mother, who abandoned him in an orphanage. Things take a turn when he meets Wilbur Robinson and his family.",2007-03-23,95,en,"Animation, Comedy, Family, Science Fiction, Adventure","future, friendship, flying car, saving the world, based on novel or book, tyrannosaurus rex, adoption, villain, time travel, time machine, mythical creature, coming of age, best friend, rescue team, family, aftercreditsstinger, angry, 3d animation, witty, amused, appreciative",150000000,169332978,16.5403,6.947,3241
9509,Man on Fire,"Jaded ex-CIA operative John Creasy reluctantly accepts a job as the bodyguard for a 10-year-old girl in Mexico City. They clash at first, but eventually bond, and when she's kidnapped he's consumed by fury and will stop at nothing to save her life.",2004-04-23,146,en,"Action, Drama, Thriller","mexico, mexico city, mexico, based on novel or book, kidnapping, bodyguard, diary, bible, remake, stuffed animal, revenge, gun battle, cell phone, alcoholic, grenade launcher, child kidnapping, bloodshed, swim meet, aggressive, ex-cia agent, mexican federale, mexican law enforcement, vigilante justice, corrupt cop, mexican police, personal security, suspenseful, gun death, one person army",70000000,130300000,16.2973,7.468,5916
41154,Men in Black 3,"Agents J and K are back...in time. J has seen some inexplicable things in his 15 years with the Men in Black, but nothing, not even aliens, perplexes him as much as his wry, reticent partner. But when K's life and the fate of the planet are put at stake, Agent J will have to travel back in time to put things right. J discovers that there are secrets to the universe that K never told him - secrets that will reveal themselves as he teams up with the young Agent K to save his partner, the agency, and the future of humankind.",2012-05-23,106,en,"Action, Comedy, Science Fiction","time travel, time machine, based on comic, sequel, alien, buddy cop, fictional government agency, seeing the future, changing history",225000000,654213485,15.9902,6.548,11219
268896,Pacific Rim: Uprising,"It has been ten years since The Battle of the Breach and the oceans are still, but restless. Vindicated by the victory at the Breach, the Jaeger program has evolved into the most powerful global defense force in human history. The PPDC now calls upon the best and brightest to rise up and become the next generation of heroes when the Kaiju threat returns.",2018-03-21,111,en,"Action, Fantasy, Science Fiction, Adventure","mind control, race against time, japan, army, monster, artificial intelligence (a.i.), saving the world, cadet, military officer, evacuation, giant monster, duty, military base, damage, dormitory, mad scientist, portal, rivalry, sequel, alien, coming of age, futuristic, mecha, giant robot, mind reading, tokyo, japan, creature, robot, scientist, criminal, one against many, combat, blizzard, female fighter, kaiju, transforming robot, alien monster, teenage hero, mental link, mass destruction, humanoid robot, robot suits, female warrior, aircraft, laser beam, mass evacuation, mount fuji, japan, computer hacker, disapproving",150000000,290061297,15.0347,6.113,5512
1137350,The Phoenician Scheme,"Wealthy businessman Zsa-zsa Korda appoints his only daughter, a nun, as sole heir to his estate. As Korda embarks on a new enterprise, they soon become the target of scheming tycoons, foreign terrorists, and determined assassins.",2025-05-23,102,en,"Comedy, Adventure, Crime","nun, espionage, dark comedy, arms dealer, industrialist, international organization, family abandonment, public works, father daughter reunion, moral transformation, assassination attempt, mortality, family legacy, plane crash, project management, absent father, project partners, corrupt businessman, father daughter estrangement, business partners, apathetic, business man, search for redemption, female heir",30000000,40566381,14.0046,6.5,1056
8656,Deep Impact,"A seven-mile-wide space rock is hurtling toward Earth, threatening to obliterate the planet. Now, it's up to the president of the United States to save the world. He appoints a tough-as-nails veteran astronaut to lead a joint American-Russian crew into space to destroy the comet before impact. Meanwhile, an enterprising reporter uses her smarts to uncover the scoop of the century.",1998-05-08,122,en,"Action, Drama, Science Fiction","usa president, asteroid, nasa, natural disaster, space mission, comet, tsunami, meteorite, astronomer, astronaut, meteorologist, tidal wave, woman director, disaster movie, inspirational, celebratory, hopeful",75000000,349464664,15.0915,6.3,3479
673593,Mean Girls,"New student Cady Heron is welcomed into the top of the social food chain by the elite group of popular girls called ‘The Plastics,’ ruled by the conniving queen bee Regina George and her minions Gretchen and Karen. However, when Cady makes the major misstep of falling for Regina’s ex-boyfriend Aaron Samuels, she finds herself prey in Regina’s crosshairs. As Cady sets to take down the group’s apex predator with the help of her outcast friends Janis and Damian, she must learn how to stay true to herself while navigating the most cutthroat jungle of all: high school.",2024-01-10,113,en,Comedy,"high school, musical, illinois, female friendship, bullying, based on play or musical, remake, kenya, teen movie, prom, teenage girl, homeschooling, math teacher, gossip, intervention, clique, former best friend, teen comedy, reboot, based on movie, public humiliation, aftercreditsstinger, woman director, teenage romance, high school rivalry, teenage life, manipulative friend, math genius, segregation, musical comedy, female bully, dumb blonde, high school romance",36000000,104970953,15.4977,5.836,770
588,Silent Hill,"Rose, a desperate mother, takes her adopted daughter, Sharon, to the town of Silent Hill in an attempt to cure her of her ailment. After a violent car crash, Sharon disappears, and Rose embarks on a horrific journey to get her back and begins to uncover the truth behind the apocalyptic disaster that burned the town 30 years earlier.",2006-04-21,125,en,"Horror, Mystery","hotel, pedophilia, child abuse, monster, suffering, nurse, nun, darkness, sadism, orphanage, classroom, moral ambiguity, child murder, mother role, witch burning, symbolism, supernatural, fog, possession, heroism, gore, barbed wire, surrealism, revenge, survival, religion, school, hospital, another dimension, torture, creature, massacre, pedophile, brutality, demon, religious fundamentalism, child molester, gothic, conscience, molestation, based on video game, missing child, dismemberment, persecution, religious cult, child molestation, ghost town, mist, immolation, evil child, sleepwalking, nightmare becomes reality, limbo, bugs, sexual predator, mother daughter relationship, biopunk, skinning, supernatural power, supernatural horror, child sexual abuse, evil little girl, religious fanaticism",50000000,100605135,14.9861,6.646,5108
675445,PAW Patrol: The Movie,Ryder and the pups are called to Adventure City to stop Mayor Humdinger from turning the bustling metropolis into a state of chaos.,2021-08-09,86,en,"Action, Adventure, Animation, Comedy, Family","cartoon, rescue mission, dog, animals, cartoon dog, kids, based on tv series, 3d animation",26000000,144327371,15.1612,7.3,1289
22803,Law Abiding Citizen,A frustrated man decides to take justice into his own hands after a plea bargain sets one of his family's killers free. He targets not only the killer but also the district attorney and others involved in the deal.,2009-10-15,109,en,"Drama, Crime, Thriller","prison, assassin, philadelphia, pennsylvania, bomb, secret passage, deal, investigation, gore, torture, explosion, justice, criminal mastermind, district attorney, courtroom, rape and revenge, vigilantism, vigilante justice",53000000,127900000,16.4125,7.396,5868
763285,Ambulance,"Decorated veteran Will Sharp, desperate for money to cover his wife's medical bills, asks for help from his adoptive brother Danny. A charismatic career criminal, Danny instead offers him a score: the biggest bank heist in Los Angeles history: $32 million.",2022-03-16,136,en,"Thriller, Action, Drama, Crime","ambulance, car crash, remake, officer involved shooting, los angeles, california, bank robbery, veteran, heist gone wrong, bank heist, police helicopter, brother brother relationship",40000000,52303589,14.5875,6.623,2561
205584,Gods of Egypt,A common thief joins a mythical god on a quest through Egypt.,2016-02-25,127,en,"Action, Adventure, Fantasy","rescue, egypt, fight, nile, mythology, god, thief, desert, ancient egypt, egyptian mythology, myth, egyptian god",140000000,150680864,15.9142,5.693,4457
1372,Blood Diamond,"An ex-mercenary turned smuggler. A Mende fisherman. Amid the explosive civil war overtaking 1999 Sierra Leone, these men join for two desperate missions: recovering a rare pink diamond of immense value and rescuing the fisherman's son, conscripted as a child soldier into the brutal rebel forces ripping a swath of torture and bloodshed countrywide.",2006-12-08,143,en,"Drama, Thriller, Action","bootlegger, journalist, smuggling (contraband), loss of loved one, africa, rwandan genocide, rebel, journalism, slavery, fisherman, mercenary, diamond mine, sierra leone, special unit, oppression, macabre, quest, political thriller, 1990s, private military company, inspirational, sinister, set in africa",100000000,171720398,15.329,7.558,8566
238636,The Purge: Anarchy,"One night per year, the government sanctions a 12-hour period in which citizens can commit any crime they wish -- including murder -- without fear of punishment or imprisonment. Leo, a sergeant who lost his son, plans a vigilante mission of revenge during the mayhem. However, instead of a death-dealing avenger, he becomes the unexpected protector of four innocent strangers who desperately need his help if they are to survive the night.",2014-07-17,103,en,"Horror, Thriller","sniper, psychopath, bus, assault rifle, dystopia, machete, sequel, revenge, murder, rampage, motorcycle, masked man, death, survival horror, martyr, gatling gun, purge, cautionary",9000000,111928365,15.4439,6.618,6824
993710,Back in Action,"Fifteen years after vanishing from the CIA to start a family, elite spies Matt and Emily jump back into the world of espionage when their cover is blown.",2025-01-15,114,en,"Action, Comedy","spy, double cross, global threat, gun fight, undercover agents, explosive sequences, intelligence agencies, comeback mission, secret identities, dangerous assignment, fast‑paced narrative, high‑stakes conflict, secret facilities, covert safehouses",158900000,0,15.6697,6.428,1583
324849,The Lego Batman Movie,"A cooler-than-ever Batman must face the usual villains as the Joker plots a takeover of Gotham City. But when Bruce Wayne accidentally adopts a teenage orphan who wishes to become his sidekick, he’s forced to give up his lone-vigilante ways and learn to work with others.",2017-02-08,104,en,"Animation, Action, Comedy, Family","superhero, based on comic, based on toy, spin off, super power, lego, 3d animation, teamwork",80000000,311950384,15.7443,7.26,5582
9567,Tears of the Sun,"Navy SEAL Lieutenant A.K. Waters and his elite squadron of tactical specialists are forced to choose between their duty and their humanity, between following orders by ignoring the conflict that surrounds them, or finding the courage to follow their conscience and protect a group of innocent refugees. When the democratic government of Nigeria collapses and the country is taken over by a ruthless military dictator, Waters, a fiercely loyal and hardened veteran is dispatched on a routine mission to retrieve a Doctors Without Borders physician.",2003-03-07,121,en,"War, Action, Drama","civil war, war crimes, refugee, village, evacuation, border, rescue mission, us army, nigeria, president, doctor, massacre, brutality, military, child soldier",75000000,86500000,15.0924,6.9,2715
585083,Hotel Transylvania: Transformania,"When Van Helsing's mysterious invention, the ""Monsterfication Ray,"" goes haywire, Drac and his monster pals are all transformed into humans, and Johnny becomes a monster. In their new mismatched bodies, Drac and Johnny must team up and race across the globe to find a cure before it's too late, and before they drive each other crazy.",2022-01-31,92,en,"Animation, Comedy, Family, Adventure, Fantasy","monster, vampire, transformation, halloween, sequel, aftercreditsstinger, duringcreditsstinger, human, 3d animation",75000000,18500000,16.3548,7.027,3107
24021,The Twilight Saga: Eclipse,"Bella once again finds herself surrounded by danger as Seattle is ravaged by a string of mysterious killings and a malicious vampire continues her quest for revenge. In the midst of it all, she is forced to choose between her love for Edward and her friendship with Jacob, knowing that her decision has the potential to ignite the ageless struggle between vampire and werewolf. With her graduation quickly approaching, Bella is confronted with the most important decision of her life.",2010-06-23,124,en,"Adventure, Fantasy, Drama, Romance","based on novel or book, immortality, vampire, bite, graduation, sequel, teen movie, werewolf, based on young adult novel, supernatural power, vampire human love",68000000,698491347,15.4711,6.2,9399
188927,Star Trek Beyond,"The USS Enterprise crew explores the furthest reaches of uncharted space, where they encounter a mysterious new enemy who puts them and everything the Federation stands for to the test.",2016-07-07,122,en,"Action, Adventure, Science Fiction","spacecraft, sequel, stranded, hatred, space opera, space adventure",185000000,343471816,15.7644,6.791,7275
239,Some Like It Hot,"In Prohibition-era Chicago, musicians Joe and Jerry witness a mob hit, and flee the state in an all-female band disguised as Josephine and Daphne, but further complications set in.",1959-03-19,123,en,"Comedy, Romance, Crime","chicago, illinois, florida, transvestism, musician, fake identity, deception, on the run, mafia, cross dressing, black and white, train, witness to murder, buddy, screwball comedy, spats, all girl band, st. valentine's day massacre, valentine's day, sex comedy, mob hit, man in drag, double identity, south florida, cheerful, beautiful women",2900000,25000000,14.5309,8.1,4002
1701,Con Air,"Newly-paroled former US Army ranger Cameron Poe is headed back to his wife, but must fly home aboard a prison transport flight dubbed ""Jailbird"" taking the “worst of the worst” prisoners, a group described as “pure predators”, to a new super-prison. Poe faces impossible odds when the transport plane is skyjacked mid-flight by the most vicious criminals in the country led by the mastermind — genius serial killer Cyrus ""The Virus"" Grissom, and backed by black militant Diamond Dog and psychopath Billy Bedlam.",1997-06-05,116,en,"Action, Thriller, Crime","undercover, ambush, war veteran, psychopath, bravery, mexican standoff, sandstorm, hijacking, prison guard, u.s. marshal, serial killer, shootout, brutality, convict, war hero, diabetic, dea agent, hostile takeover, skyjacker, disguises, action hero, ex army, army veteran, prisoner transport, transport plane, prison transport plane",75000000,224012234,15.5462,6.785,4881
696393,Cold Storage,"When a mutating, highly contagious fungus escapes a sealed facility, two employees – joined by a grizzled bioterror operative – must survive the wildest night shift ever to save humanity from extinction.",2026-01-22,99,en,"Horror, Science Fiction, Comedy","australia, based on novel or book, mutation, vomit, deer, outbreak, survival, nuclear bomb, epidemic, fungus, underground facility, storage compound, hilarious, sci-fi horror, harsh, comedy horror",10000000,4048606,15.6358,6.7,790
947,Lawrence of Arabia,"During World War I, English officer Thomas Edward 'T.E.' Lawrence sets out to unite and lead the diverse, often warring, Arab tribes to fight the Turks.",1962-12-11,228,en,"Adventure, History, War","cairo, world war i, arabian, horse, jerusalem, british army, british empire, damascus, camel, based on true story, historical fiction, quicksand, desert, arab, thoughtful, ottoman empire, provocative",15000000,70000000,14.8182,7.999,3596
1153714,Death of a Unicorn,"A father and daughter accidentally hit and kill a unicorn while en route to a weekend retreat, where his billionaire boss seeks to exploit the creature’s miraculous curative properties.",2025-03-17,107,en,"Horror, Fantasy, Comedy","dark comedy, mythical creature, unicorn, dark fantasy, folk horror, accidental killing, moral corruption, father daughter estrangement, magical realism, ​hidden world, medicinal properties, biological exploitation, secret research, broken bond, reluctant accomplice",15000000,16423085,15.768,6.397,928
9475,Scent of a Woman,"Charlie Simms is a student at a private preparatory school who comes from a poor family. To earn the money for his flight home to Gresham, Oregon for Christmas, Charlie takes a job over Thanksgiving looking after retired U.S. Army officer Lieutenant Colonel Frank Slade, a cantankerous middle-aged man who lives with his niece and her family.",1992-12-23,156,en,Drama,"vietnam veteran, new york city, blindness and impaired vision, scholarship, boarding school, tango, thanksgiving, limousine, new hampshire, colonel, prank, blind, tears, new england, perfume, preparatory school, ex military, blind man, cantankerous, ferrari",31000000,134100000,15.0022,7.8,4102
57165,Wrath of the Titans,"Perseus tries to live a quieter life as a village fisherman while – dangerously weakened by humanity's lack of devotion – the gods are losing control of the long-imprisoned Titans and their ferocious leader, Kronos.",2012-03-28,99,en,"Fantasy, Adventure, Action","hades, mythology, greek mythology, zeus, god, perseus, ancient greece, ares, based on myths, legends or folklore",150000000,301970083,14.9367,5.775,4618
1111873,Abigail,"A group of criminals kidnap a teenage ballet dancer, the daughter of a notorious gang leader, in order to obtain a ransom of $50 million, but over time, they discover that she is not just an ordinary girl. After the kidnappers begin to diminish, one by one, they discover, to their increasing horror, that they are locked inside with no normal little girl.",2024-04-16,109,en,"Horror, Thriller, Comedy","ransom, vampire, kidnapping, dark comedy, child vampire, gothic horror, exploding body, ballerina, reverse trap, dracula, evil kid",28000000,43015969,15.3163,6.645,2236
10830,Matilda,"Matilda Wormwood is an brilliant and intelligent little girl. Unfortunately, her parents, Harry and Zinnia, fail to see that fact. As time passes, she finally starts school and has a kind teacher, loyal friends, and a terrifying, sadistic headmistress. As she becomes fed up with the constant cruelty, she discovers she has a special gift that she just might be able to use to outwit the unruly adults around her.",1996-08-02,98,en,"Comedy, Family, Fantasy","based on novel or book, parent child relationship, classroom, difficult childhood, child prodigy, childhood trauma, dysfunctional family, telekinesis, school, teacher student relationship, used car salesman, school principal, neglected child, schoolmarm, dysfunctional life, female teacher, parental abuse, crass comedy, based on young adult novel, abused child, apathetic, apologetic, enthusiastic, tyrannical school principal",36000000,33500000,14.6711,7.19,4974
1242265,Fuze,An unexploded WWII bomb is discovered on a busy construction site in the centre of London. Chaos ensues as the military and police begin a mass evacuation against a ticking clock.,2026-03-23,96,en,"Action, Crime, Thriller","london, england, bomb, heist, betrayal, surveillance, paranoid, father son relationship, mother son relationship, malicious, plot twist, conspiracy thriller, techno thriller",45000000,2890908,15.2642,7.171,417
459151,The Boss Baby: Family Business,The Templeton brothers — Tim and his Boss Baby little bro Ted — have become adults and drifted away from each other. But a new boss baby with a cutting-edge approach and a can-do attitude is about to bring them together again … and inspire a new family business.,2021-07-01,107,en,"Animation, Comedy, Adventure, Family","baby, boss, sequel, computer animation, sibling, family, 3d animation, adoring, bold, enthusiastic",82000000,146745280,14.8229,7.323,2728
1223601,Sisu: Road to Revenge,"Returning to the house where his family was brutally murdered during the war, ""the man who refuses to die"" dismantles it, loads it on a truck, and is determined to rebuild it somewhere safe in their honor. When the commander who killed his family comes back hellbent on finishing the job, a relentless, eye-popping cross-country chase ensues.",2025-10-21,89,fi,"Action, War, Thriller","sequel, 1940s, karelia, survival instinct, immortal hero, mythic war survival, relentless vengeance, primal brutality, hostile wilderness warfare, soviet army, explosive confrontation, northern harshness, finnish frontier, post‑war tension",12200000,9811703,14.2569,7.309,926
307081,Southpaw,"Billy ""The Great"" Hope, the reigning junior middleweight boxing champion, has an impressive career, a loving wife and daughter, and a lavish lifestyle. However, when tragedy strikes, Billy hits rock bottom, losing his family, his house and his manager. He soon finds an unlikely savior in Tick Willis, a former fighter who trains the city's toughest amateur boxers. With his future on the line, Hope fights to reclaim the trust of those he loves the most.",2015-07-22,123,en,"Action, Drama","sports, fighter, boxer, tragedy, boxing trainer, professional sports, arrogance, boxing, married man, young daughter, father daughter relationship, boxing champion, boxing ring",30000000,91709827,13.701,7.4,5947
763215,Damsel,A young woman's marriage to a charming prince turns into a fierce fight for survival when she's offered up as a sacrifice to a fire-breathing dragon.,2024-03-07,107,en,"Fantasy, Action, Adventure","princess, fire, escape, chase, kingdom, sword, cave, mountain, revenge, survival, knight, dragon, struggle for survival, hero's journey, survive, fairytale",60000000,5000,15.1662,6.975,2935
147441,Exodus: Gods and Kings,"The defiant leader Moses rises up against the Egyptian Pharaoh Ramses, setting 400,000 slaves on a monumental journey of escape from Egypt and its terrifying cycle of deadly plagues.",2014-12-03,150,en,"Adventure, Drama, Action","moses, bible, racism, slave, ancient egypt, old testament, angry, aggressive, ramses, bitter, apathetic, callous, mean spirited, biblical epic",140000000,268031828,15.7945,5.9,4953
49529,John Carter,"John Carter is a war-weary, former military captain who's inexplicably transported to the mysterious and exotic planet of Barsoom (Mars) and reluctantly becomes embroiled in an epic conflict. It's a world on the brink of collapse, and Carter rediscovers his humanity when he realizes the survival of Barsoom and its people rests in his hands.",2012-03-07,132,en,"Action, Adventure, Science Fiction","princess, medallion, planet mars, based on novel or book, escape, space travel, alien, martian, steampunk, alien race, superhuman strength, martian civilization, sword and planet, 19th century",263700000,284100000,14.9895,6.385,6304
348350,Solo: A Star Wars Story,"Through a series of daring escapades deep within a dark and dangerous criminal underworld, Han Solo meets his mighty future copilot Chewbacca and encounters the notorious gambler Lando Calrissian.",2018-05-15,135,en,"Science Fiction, Adventure, Action","spacecraft, smuggling (contraband), prequel, spin off, space opera",250000000,392952373,15.5379,6.553,9534
869,Planet of the Apes,"After a spectacular crash-landing on an uncharted planet, brash astronaut Leo Davidson finds himself trapped in a savage world where talking apes dominate the human race. Desperate to find a way home, Leo must evade the invincible gorilla army led by Ruthless General Thade.",2001-07-26,120,en,"Thriller, Science Fiction, Action, Adventure","space marine, gorilla, revolution, dystopia, space suit, chimpanzee, slavery, time travel, space travel, remake, alien planet, ape, human subjugation, speciesism",100000000,362211740,13.9429,5.777,4559
565770,Blue Beetle,"Recent college grad Jaime Reyes returns home full of aspirations for his future, only to find that home is not quite as he left it. As he searches to find his purpose in the world, fate intervenes when Jaime unexpectedly finds himself in possession of an ancient relic of alien biotechnology: the Scarab.",2023-08-16,128,en,"Action, Science Fiction, Adventure","armor, superhero, family relationships, family, high tech, job hunting, mexican american, aftercreditsstinger, duringcreditsstinger, immigrant family, college graduate, dc extended universe (dceu), alien technology, brother sister relationship, latino",104000000,130788072,15.4345,6.617,3280
228161,Home,"When Earth is taken over by the overly-confident Boov, an alien race in search of a new place to call home, all humans are promptly relocated, while all Boov get busy reorganizing the planet. But when one resourceful girl, Tip, manages to avoid capture, she finds herself the accidental accomplice of a banished Boov named Oh. The two fugitives realize there’s a lot more at stake than intergalactic relations as they embark on the road trip of a lifetime.",2015-03-18,94,en,"Fantasy, Comedy, Animation, Science Fiction, Family","spacecraft, villain, alien, space, alien invasion, aftercreditsstinger, duringcreditsstinger, alien friendship, awful leader, taking resposibility, 3d animation, approving, vibrant",135000000,368871007,13.9585,6.8,4327
114150,Pitch Perfect,"College student Beca knows she does not want to be part of a clique, but that's exactly where she finds herself after arriving at her new school. Thrust in among mean gals, nice gals and just plain weird gals, Beca finds that the only thing they have in common is how well they sing together. She takes the women of the group out of their comfort zone of traditional arrangements and into a world of amazing harmonic combinations in a fight to the top of college music competitions.",2012-09-28,112,en,"Comedy, Music, Romance","competition, roommates, college, female friendship, misfit, hazing, university, audition, group of friends, dorm room, bickering, dj, singing competition, film score, young adult, acapella, hilarious",17000000,115647737,14.3736,7.266,7003
136799,Trolls,"After the monstrous Bergens invade Troll Village, Princess Poppy, the happiest Troll ever born, and overly-cautious, curmudgeonly outcast Branch set off on a journey to rescue her friends. Their mission is full of adventure and mishaps, as this mismatched duo try to tolerate each other long enough to get the job done.",2016-10-13,92,en,"Adventure, Animation, Comedy, Family, Fantasy","friendship, hunger, villain, musical, based on toy, troll, aftercreditsstinger, duringcreditsstinger, quest, kids, 3d animation, jukebox musical, lighthearted, cheerful",125000000,347337803,15.4249,6.623,3910
676,Pearl Harbor,"The lifelong friendship between Rafe McCawley and Danny Walker is put to the ultimate test when the two ace fighter pilots become entangled in a love triangle with beautiful Naval nurse Evelyn Johnson. But the rivalry between the friends-turned-foes is immediately put on hold when they find themselves at the center of Japan's devastating attack on Pearl Harbor on Dec. 7, 1941.",2001-05-21,183,en,"Drama, War","army, airplane, nurse, patriotism, hawaii, world war ii, pilot, pearl harbor, u.s. air force, dyslexia, pacific war, love, pin-up",140000000,449220945,14.8693,6.933,7200
217,Indiana Jones and the Kingdom of the Crystal Skull,"Set during the Cold War, the Soviets—led by sword-wielding Irina Spalko—are in search of a crystal skull which has supernatural powers related to a mystical Lost City of Gold. Indy is coerced to head to Peru at the behest of a young man whose friend—and Indy's colleague—Professor Oxley has been captured for his knowledge of the skull's whereabouts.",2008-05-21,122,en,"Adventure, Action","treasure, mexico city, mexico, saving the world, whip, leather jacket, riddle, maya civilization, peru, machinegun, treasure hunt, sequel, alien, nuclear explosion, refrigerator, archaeologist, adventurer, area 51, archeology, 1950s, father son relationship, absurd, excited, vibrant",185000000,786636033,15.1208,6.025,9263
438650,Cold Pursuit,"The quiet family life of Nels Coxman, a snowplow driver, is upended after his son's murder. Nels begins a vengeful hunt for Viking, the drug lord he holds responsible for the killing, eliminating Viking's associates one by one. As Nels draws closer to Viking, his actions bring even more unexpected and violent consequences, as he proves that revenge is all in the execution.",2019-02-07,119,en,"Crime, Action, Drama","drug dealer, dark comedy, colorado, remake, revenge, gun battle, snow, sympathetic",60000000,76419755,15.9961,5.9,2853
1271,300,"A story very loosely based the 480 B.C. Battle of Thermopylae, where the King of Sparta led his army against the advancing Persians.",2007-03-07,117,en,"Action, Adventure, War","army, narration, gore, based on true story, based on comic, sword fight, massacre, ancient world, based on graphic novel, ancient greece, warrior, ancient warfare, sparta greece, 5th century bc, extreme violence, antiquity, war, bloody death, sparta, violence, spartans, battle of thermopylae, god king, battle axe, epic heroes, violent",65000000,456082343,14.2813,7.209,15124
840430,The Holdovers,"A curmudgeonly instructor at a New England prep school is forced to remain on campus during Christmas break to babysit the handful of students with nowhere to go. Eventually, he forms an unlikely bond with one of them — a damaged, brainy troublemaker — and with the school’s head cook, who has just lost a son in Vietnam.",2023-10-27,133,en,"Drama, Comedy","vietnam war, winter, boarding school, holiday, boston, massachusetts, 1970s, melancholy, alcoholism, grief, misfit, mental illness, teacher student relationship, new england, boys' boarding school, christmas, winter break, troubled youth, loss of son, christmastime, cook, adoring, peaceful",13000000,42513270,12.8504,7.646,2692
9470,Kung Fu Hustle,"It's the 1940s, and the notorious Axe Gang terrorizes Shanghai. Small-time criminals Sing and Bone hope to join, but they only manage to make lots of very dangerous enemies. Fortunately for them, kung fu masters and hidden strength can be found in unlikely places. Now they just have to take on the entire Axe Gang.",2004-02-10,99,cn,"Action, Comedy, Crime, Fantasy","martial arts, china, magic, gangster, mafia, defense, policeman, wuxia, 1940s, anarchic comedy, pretending to be gay, canton, joyful",20000000,102034104,14.205,7.519,3349
51540,Horrible Bosses,"For Nick, Kurt and Dale, the only thing that would make the daily grind more tolerable would be to grind their intolerable bosses into dust. Quitting is not an option, so, with the benefit of a few-too-many drinks and some dubious advice from a hustling ex-con, the three friends devise a convoluted and seemingly foolproof plan to rid themselves of their respective employers... permanently.",2011-07-08,98,en,"Comedy, Crime","bad boss, employee, death of father, stakeout, duringcreditsstinger",35000000,209838559,14.2596,6.573,6990
644,A.I. Artificial Intelligence,"David, a robotic boy—the first of his kind programmed to love—is adopted as a test case by a Cybertronics employee and his wife. Though he gradually becomes their child, a series of unexpected circumstances make this life impossible for David.",2001-06-29,146,en,"Drama, Science Fiction, Adventure","android, new york city, prostitute, artificial intelligence (a.i.), new jersey, prophecy, loss of loved one, extraterrestrial technology, fairy tale, dystopia, adoption, ice age, prosecution, gigolo, hologram, alien, robot, destiny, capture, doppelgänger, humanoid robot, human android relationship, robot boy, psychological drama, advanced technology",100000000,235926552,15.1792,7.07,6890
1127625,The Salt Path,"The profound story of husband and wife Raynor and Moth Winn, who embark on a 630-mile trek after being forcibly removed from their home. Hoping that in nature they will find solace and a sense of acceptance, they walk through the beautiful but rugged coastlines of South West England - a journey that is exhilarating, challenging, and liberating in equal measure. THE SALT PATH is a powerful portrayal of home, and how it can be lost and rediscovered in the most unexpected ways.",2025-05-01,115,en,Drama,"walking, crisis, marriage, homelessness, based on memoir or autobiography, coastline, dealing with loss",0,21552756,18.7461,6.7,98
9802,The Rock,"When vengeful General Francis X. Hummel seizes control of Alcatraz Island and threatens to launch missiles loaded with deadly chemical weapons into San Francisco, only a young FBI chemical weapons expert and notorious Federal prisoner have the skills to penetrate the impregnable island fortress and take him down.",1996-06-07,137,en,"Action, Adventure, Thriller","war veteran, san francisco, california, fbi, mercenary, gas attack, alcatraz prison, prison escape, shootout, u.s. navy seal, terrorism, british spy, chemist, commando, hostage situation, tourist attraction, u.s. marine, military, island prison, tourists in peril, nerve gas, disillusioned, terrorist threat, chemical weapon, fbi agent, chemical warfare, conspiracy thriller, ambivalent",75000000,335062621,13.676,7.158,5393
2907,The Addams Family,"When a man claiming to be long-lost Uncle Fester reappears after 25 years lost, the family plans a celebration to wake the dead. But the kids barely have time to warm up the electric chair before Morticia begins to suspect Fester is fraud when he can't recall any of the details of Fester's life.",1991-11-22,100,en,"Comedy, Fantasy","dancing, dead wish, secret passage, fencing, halloween, black humor, uncle, eccentric, mansion, loan shark, accountant, creepy, disembodied hand, anxious, long lost sibling, gloomy",30000000,191502426,14.944,7.082,5203
395991,Only the Brave,Members of the Granite Mountain Hotshots battle deadly wildfires to save an Arizona town.,2017-09-22,133,en,"Drama, History","fire, bravery, arizona, natural disaster, melancholy, heroism, addiction, based on true story, tragedy, disaster, firefighting, test by fire, forest fire, firefighter, based on magazine, newspaper or article, wildfire, proving oneself",38000000,25754775,14.1963,7.484,1959
311324,The Great Wall,European mercenaries searching for black powder become embroiled in the defense of the Great Wall of China against a horde of monstrous creatures.,2016-12-16,103,en,"Action, Adventure, Fantasy","monster, china, archer, female soldier, historical fiction, explosion, period drama, british soldier, great wall of china, 15th century, war, appreciative, bold",150000000,331957105,14.6544,6.035,5688
36669,Die Another Day,"James Bond is sent to investigate the connection between a North Korean terrorist and a diamond mogul, who is funding the development of an international space weapon.",2002-11-17,133,en,"Adventure, Action, Thriller","post-traumatic stress disorder (ptsd), espionage, spy, demonstration, fencing, laser, satellite, iceland, sequel, hong kong, torture, mi6, british spy, british secret service, havana, cuba, captured, u.s. secret service agent, publicist, space based weapon, adrenaline junkie, dmz, north korea, spycraft, james bond, prisoner exchange, conflict diamonds",142000000,431971116,15.9135,6.0,4007
1071585,M3GAN 2.0,"After the underlying tech for M3GAN is stolen and misused by a powerful defense contractor to create a military-grade weapon known as Amelia, M3GAN's creator Gemma realizes that the only option is to resurrect M3GAN and give her a few upgrades, making her faster, stronger, and more lethal.",2025-06-25,120,en,"Action, Science Fiction, Thriller","android, artificial intelligence (a.i.), fight, killer robot, beheading, electromagnetic pulse, sequel, evil doll, wingsuit, robot, doll, spear throwing, synthetic human, robot fighting, exoskeleton, creepy doll, smart home, possessed doll, action, fbi operation, neural chip, android horror",15000000,39173710,15.3476,7.142,1507
72559,G.I. Joe: Retaliation,"Framed for crimes against the country, the G.I. Joe team is terminated by Presidential order. This forces the G.I. Joes into not only fighting their mortal enemy Cobra; they are forced to contend with threats from within the government that jeopardize their very existence.",2013-03-27,110,en,"Action, Science Fiction, Adventure, Thriller","rescue, assassin, technology, missile, warhead, president, conspiracy, explosion, battle, surveillance, cobra",130000000,371900000,15.2702,5.665,5895
696806,The Adam Project,"After accidentally crash-landing in 2022, time-traveling fighter pilot Adam Reed teams up with his 12-year-old self on a mission to save the future.",2022-03-11,106,en,"Adventure, Science Fiction, Comedy","escape, time travel, explore, 2050s",116000000,0,15.3714,6.981,5170
420809,Maleficent: Mistress of Evil,"Maleficent and her goddaughter Aurora begin to question the complex family ties that bind them as they are pulled in different directions by impending nuptials, unexpected allies, and dark new forces at play.",2019-10-16,119,en,"Family, Fantasy, Adventure","magic, fairy tale, fairy, sequel, based on fairy tale, live action remake, complicated",185000000,491730089,14.9841,7.292,6616
587807,Tom & Jerry,"Tom the cat and Jerry the mouse get kicked out of their home and relocate to a fancy New York hotel, where a scrappy employee named Kayla will lose her job if she can’t evict Jerry before a high-class wedding at the hotel. Her solution? Hiring Tom to get rid of the pesky mouse.",2021-02-10,101,en,"Comedy, Family, Animation","aftercreditsstinger, live action and animation, bold, comforting",50000000,136536687,15.0054,6.716,2623
663712,Terrifier 2,"A year after the Miles County massacre, Art the Clown is resurrected by a sinister entity. Art returns home, where he must hunt down and destroy teenage Sienna and her younger brother Jonathan on Halloween. As the body count rises, the siblings fight to stay alive while uncovering the true nature of Art's evil intent.",2022-10-06,138,en,Horror,"halloween, clown, gore, resurrection, sequel, slasher, killer, macabre, killer clown, duringcreditsstinger, evil clown, halloween night, crowdfunded film, independent film, megaslasher, dramatic, sadistic horror",250000,15815602,14.7895,6.7,2594
376867,Moonlight,"The tender, heartbreaking story of a young man’s struggle to find himself, told across three defining chapters in his life as he experiences the ecstasy, pain, and beauty of falling in love, while grappling with his own sexuality.",2016-10-21,112,en,Drama,"drug dealer, high school, florida, drug abuse, miami, florida, parent child relationship, fight, homophobia, drug addiction, ghetto, restaurant, bullying, coming of age, male homosexuality, lgbt, addict, masculinity, black lgbt, atlanta, georgia, gay theme, boys' love (bl)",4000000,65046687,14.22,7.356,7702
1040148,"Ruby Gillman, Teenage Kraken","Ruby Gillman, a sweet and awkward high school student, discovers she's a direct descendant of the warrior kraken queens. The kraken are sworn to protect the oceans of the world against the vain, power-hungry mermaids. Destined to inherit the throne from her commanding grandmother, Ruby must use her newfound powers to protect those she loves most.",2023-06-28,92,en,"Animation, Family, Fantasy, Comedy","high school, ocean, boat, transformation, fisherman, mermaid, villain, coming of age, prom, teenage girl, female protagonist, kraken, coastal town, fitting in, trident, mother daughter relationship, 3d animation, teenager, animation",70000000,46247409,15.3301,7.134,1141
453405,Gemini Man,"Henry Brogan is an elite 51-year-old assassin who's ready to call it quits after completing his 72nd job. His plans get turned upside down when he becomes the target of a mysterious operative who can seemingly predict his every move. To his horror, Brogan soon learns that the man who's trying to kill him is a younger, faster, cloned version of himself.",2019-10-02,117,en,"Science Fiction, Action, Adventure, Thriller, Drama","hitman, human clone",140000000,173469516,14.1996,6.255,5590
800158,The Killer,"After a fateful miss, an assassin battles his employers, and himself, on an international manhunt he insists isn't personal.",2023-10-25,118,en,"Crime, Thriller","sniper, new york city, assassin, airport, paris, france, hitman, new orleans, louisiana, dark comedy, client, product placement, sociopath, revenge, murder, fate, lawyer, brutality, based on graphic novel, character study, perfectionist, hired killer, empathy, dominican republic, assassination attempt, cold blooded killer, detached, tampa, florida, satirical, manhunt, international manhunt, precision, gig economy, dark, clinical, psychological, secret, violence, suspenseful, intense, audacious, wry",175000000,362113,14.5374,6.583,3023
1290159,A House of Dynamite,"When a single, unattributed missile is launched at the United States, a race begins to determine who is responsible and how to respond.",2025-10-02,112,en,"Thriller, Drama","the white house, woman director, detached, political thriller, ironic, political crisis, ambiguous, melodramatic",0,181125,14.9699,6.406,1406
9693,Children of Men,"In 2027, in a chaotic world in which humans can no longer procreate, a former activist agrees to help transport a miraculously pregnant woman to a sanctuary at sea, where her child's birth may help scientists save the future of humankind.",2006-09-22,109,en,"Science Fiction, Thriller, Action","future, government, police state, based on novel or book, hippie, england, faith, chaos, refugee camp, rebel, dystopia, miracle, childlessness, survival, psychological thriller, birth, alcoholic, bombing, dying, terrorist group, fertility, soldiers, violence",76000000,70595464,14.6634,7.615,8139
8848,The Bank Job,"Terry is a small-time car dealer trying to leave his shady past behind and start a family. Martine is a beautiful model from Terry's old neighbourhood who knows that Terry is no angel. When Martine proposes a foolproof plan to rob a bank, Terry recognises the danger but realises this may be the opportunity of a lifetime.",2008-02-28,112,en,"Thriller, Crime, Drama","london, england, blackmail, 1970s, vault, car dealer, bahamas, based on true story, london underground, strip club, extortion, police corruption, double cross, railway station, political corruption, bank heist, cabinet officer, the big score",20000000,64828421,14.2559,6.9,2720
36648,Blade: Trinity,"For years, Blade has fought against the vampires in the cover of the night. But now, after falling into the crosshairs of the FBI, he is forced out into the daylight, where he is driven to join forces with a clan of human vampire hunters he never knew existed—The Nightstalkers. Together with Abigail and Hannibal, two deftly trained Nightstalkers, Blade follows a trail of blood to the ancient creature that is also hunting him—the original vampire, Dracula.",2004-12-08,113,en,"Action, Horror, Science Fiction","martial arts, loss of loved one, vampire, fbi, superhero, katana, supernatural, fistfight, based on comic, sequel, vampire hunter (slayer), martial arts master, motorcycle, blade, super villain, urban gothic, good versus evil, sarcastic",65000000,128905366,15.5806,5.861,4473
84892,The Perks of Being a Wallflower,"Pittsburgh, Pennsylvania, 1991. High school freshman Charlie is a wallflower, always watching life from the sidelines, until two senior students, Sam and her stepbrother Patrick, become his mentors, helping him discover the joys of friendship, music and love.",2012-09-20,103,en,Drama,"school friend, depression, high school, friendship, based on novel or book, trauma, melancholy, coming of age, freshman, school, teenage boy, high school student, first love, aunt nephew relationship, lgbt, mental health, lgbt teen, teen drama, pittsburgh, pennsylvania, 1990s, based on young adult novel, gay theme, boys' love (bl), teenager",13000000,33384127,13.765,7.806,11467
334541,Manchester by the Sea,"After his older brother passes away, Lee Chandler is forced to return home to care for his 16-year-old nephew. There he is compelled to deal with a tragic past that separated him from his family and the community where he was born and raised.",2016-11-17,138,en,Drama,"funeral, boston, massachusetts, brother, boat, sadness, massachusetts, melancholy, loss, dysfunctional family, grief, hospital, house fire, death, nephew, ex-wife, nonlinear timeline, mental health, ex-husband ex-wife relationship, legal guardian, dysfunctional life, tragic",9000000,79000000,13.7926,7.549,6590
1236470,The Lost Bus,A determined father risks everything to rescue a dedicated teacher and her students from a raging wildfire.,2025-09-19,130,en,"Drama, Thriller","california, based on novel or book, based on true story, struggle for survival, single father, school bus, schoolteacher, 2010s, firemen, children in danger, harrowing",90000000,0,16.1989,7.013,841
451048,Jungle Cruise,"Dr. Lily Houghton enlists the aid of wisecracking skipper Frank Wolff to take her down the Amazon in his dilapidated boat. Together, they search for an ancient tree that holds the power to heal – a discovery that will change the future of medicine.",2021-07-28,127,en,"Fantasy, Comedy, Adventure","jungle, riverboat, 1910s, amazon river, based on theme park ride",200000000,220889446,15.1369,7.27,6323
431693,Spies in Disguise,"Super spy Lance Sterling and scientist Walter Beckett are almost exact opposites. Lance is smooth, suave and debonair. Walter is… not. But what Walter lacks in social skills he makes up for in smarts and invention, creating the awesome gadgets Lance uses on his epic missions. But when events take an unexpected turn, Walter and Lance suddenly have to rely on each other in a whole new way.",2019-12-04,102,en,"Animation, Action, Adventure, Comedy, Family","inventor, spy, villain, agent, pigeon, aftercreditsstinger, aggressive, special agent, human becoming an animal, save the planet, 3d animation, admiring, enthusiastic",100000000,171616764,15.1567,7.545,3055
254470,Pitch Perfect 2,"The Bellas are back, and they are better than ever. After being humiliated in front of none other than the President of the United States of America, the Bellas are taken out of the Aca-Circuit. In order to clear their name, and regain their status, the Bellas take on a seemingly impossible task: winning an international competition no American team has ever won. In order to accomplish this monumental task, they need to strengthen the bonds of friendship and sisterhood and blow away the competition with their amazing aca-magic! With all new friends and old rivals tagging along for the trip, the Bellas can hopefully accomplish their dreams.",2015-05-07,115,en,"Comedy, Music","sequel, singer, audition, group of friends, duringcreditsstinger, singing competition, woman director, acapella",29000000,287144079,14.4025,6.84,5590
10096,13 Going on 30,"After total humiliation at her thirteenth birthday party, Jenna Rink wants to just hide until she's thirty. Thanks to some magic wishing dust, Jenna's prayer has been answered. With a knockout body, a fabulous wardrobe, an athlete boyfriend, a dream job, and superstar friends, this can't be a better life. But soon Jenna realizes that adult life isn’t as easy as she hoped for.",2004-04-13,98,en,"Comedy, Fantasy, Romance","new york city, photographer, editor-in-chief, time travel, wish, beautiful woman, child as an adult, nostalgic, friends in love, age change, teenager, time jump",37000000,96458118,14.9457,6.778,5677
435,The Day After Tomorrow,"After paleoclimatologist Jack Hall is largely ignored by UN officials when presenting his environmental concerns about the beginning of a new Ice Age, his research proves true when a superstorm develops, setting off catastrophic natural disasters throughout the world. Trying to get to his son, Sam, who is trapped in New York City with his friend Laura and others, Jack and his crew must travel to get to Sam before it's too late.",2004-05-26,124,en,"Science Fiction, Thriller, Adventure","new york city, philadelphia, pennsylvania, saving the world, scotland, climate change, greenhouse effect, tornado, hurricane, hail, temperature drop, ice age, polar zone, barrier ice, ice melting, evacuation, flooding, rescue mission, global warming, tsunami, end of the world, disaster, snow, scientist, united nations, high school student, climatologist, freezing, frozen alive, disaster movie, snowed in, typhoon, cataclysmic storm, new york public library, global catastrophe, climate science, climate crisis, superstorm, torrential rain, mass casualties",125000000,552639571,15.2937,6.566,9155
296098,Bridge of Spies,"During the Cold War, the Soviet Union captures U.S. pilot Francis Gary Powers after shooting down his U-2 spy plane. Sentenced to 10 years in prison, Powers' only hope is New York lawyer James Donovan, recruited by a CIA operative to negotiate his release. Donovan boards a plane to Berlin, hoping to win the young man's freedom through a prisoner exchange. If all goes well, the Russians would get Rudolf Abel, the convicted spy who Donovan defended in court.",2015-10-15,141,en,"Thriller, Drama","central intelligence agency (cia), spy, cold war, soviet union, pilot, based on true story, lawyer, american, courtroom, russian spy, legal drama",40000000,165478348,14.0283,7.2,7437
310307,The Founder,"The true story of how Ray Kroc, a salesman from Illinois, met Mac and Dick McDonald, who were running a burger operation in 1950s Southern California. Kroc was impressed by the brothers’ speedy system of making the food and saw franchise potential. He maneuvered himself into a position to be able to pull the company from the brothers and create a billion-dollar empire.",2016-11-24,115,en,"Drama, History","greed, ambition, biography, family business , based on true story, salesman, corporate greed, fast food, corporate power, 1950s, burger, mcdonald's",15000000,24121245,15.3819,7.156,5549
399402,Hunter Killer,"Untested American submarine commander, Capt. Joe Glass of the USS Arkansas, is on the hunt for a U.S. sub in distress in the Arctic Ocean. He soon learns a secret Russian coup is in the offing, a conspiracy that threatens to dismantle the world order. With crew and country on the line, Glass must coordinate with an elite group of Navy SEALs to sneak through enemy waters, rescue the kidnapped Russian president, and hopefully prevent World War III.",2018-10-19,121,en,"Action, Thriller","washington dc, usa, based on novel or book, coup d'etat, covert operation, u.s. navy seal, russian president, rescue operation, nuclear submarine, submarine commander, submarine crew, soviet/russian navy, submarine warfare, arctic ocean, post‑cold‑war tension, strategic conflict, naval tension, u.s. navy crew, special forces team, pentagon involvement",40000000,31672678,15.5413,6.902,2490
657,From Russia with Love,"Agent 007 is back in the second installment of the James Bond series, this time battling a secret crime organization known as SPECTRE. Russians Rosa Klebb and Kronsteen are out to snatch a decoding device known as the Lektor, using the ravishing Tatiana to lure Bond into helping them. Bond willingly travels to meet Tatiana in Istanbul, where he must rely on his wits to escape with his life in a series of deadly encounters with the enemy.",1963-10-10,115,en,"Action, Thriller, Adventure","assassin, london, england, assassination, based on novel or book, venice, italy, england, gypsy, secret mission, spy, secret intelligence service, secret organization, villain, kgb, orient express, zagreb, gondola, phantom, duringcreditsstinger, inspirational, james bond, whimsical, excited",2000000,78900000,16.4139,7.065,3473
508,Love Actually,Eight very different couples deal with their love lives in various loosely interrelated tales all set during a frantic month before Christmas in London.,2003-09-07,135,en,"Comedy, Romance, Drama","london, england, usa president, rock star, school performance, love at first sight, holiday, war on terror, marseille, france, office, christmas party, language barrier, prime minister, press conference, bars and restaurants, valentine's day, heathrow airport, multiple storylines, christmas, lighthearted",40000000,250779876,15.1017,7.097,7577
46195,Rio,"Captured by smugglers when he was just a hatchling, a macaw named Blu never learned to fly and lives a happily domesticated life in Minnesota with his human friend, Linda. Blu is thought to be the last of his kind, but when word comes that Jewel, a lone female, lives in Rio de Janeiro, Blu and Linda go to meet her. Animal smugglers kidnap Blu and Jewel, but the pair soon escape and begin a perilous adventure back to freedom -- and Linda.",2011-04-03,96,en,"Animation, Adventure, Comedy, Family","rio de janeiro, pet, villain, carnival, parrot, musical, canary, jungle, samba, animals, duringcreditsstinger, pets, cartoon bird, brazil, 3d animation, smugglers",90000000,483866772,14.0241,6.8,7349
945729,A Haunting in Venice,"Celebrated sleuth Hercule Poirot, now retired and living in self-imposed exile in Venice, reluctantly attends a Halloween séance at a decaying, haunted palazzo. When one of the guests is murdered, the detective is thrust into a sinister world of shadows and secrets.",2023-09-13,104,en,"Mystery, Thriller, Crime","based on novel or book, venice, italy, loss of loved one, detective, medium, sequel, grief, whodunit, investigator, guilt, novelist, post world war ii, murder investigation, ghost, séance, mysterious, murder mystery, spiritism, halloween night, palazzo, retired detective",60000000,121400000,14.7571,6.562,2964
2978,Ghostbusters II,The discovery of a massive river of ectoplasm and a resurgence of spectral activity allows the staff of Ghostbusters to revive the business.,1989-06-16,108,en,"Comedy, Fantasy","new year's eve, new york city, painting, supernatural, halloween, ghostbuster, paranormal phenomena, slime, mythology, reincarnation, sequel, product placement, crude humor, single mother, paranormal investigation, old flame, courtroom, urban setting, book store, chrysler building, ghost, nostalgic, river of slime, revolving door, occult research, fighting supernatural, ghostbusters, monsters, absurd, amused",37000000,215394738,15.075,6.603,5008
484641,Anna,Beneath Anna Poliatova's striking beauty lies a secret that will unleash her indelible strength and skill to become one of the world's most feared government assassins.,2019-06-19,119,en,"Action, Adventure, Thriller","central intelligence agency (cia), paris, france, cold war, kgb, female assassin, lgbt, modeling, professional assassin, 1990s, milan, italy",34000000,31626978,12.6307,6.719,3104
9325,The Jungle Book,"The boy Mowgli makes his way to the man-village with Bagheera, the wise panther. Along the way he meets jazzy King Louie, the hypnotic snake Kaa and the lovable, happy-go-lucky bear Baloo, who teaches Mowgli ""The Bare Necessities"" of life and the true meaning of friendship.",1967-10-18,78,en,"Family, Animation, Adventure","based on novel or book, narration, human animal relationship, cartoon, villain, musical, feral child, coming of age, anthropomorphism, jungle, orphan, india, animal lead",4000000,378000000,15.0154,7.287,6790
10764,Quantum of Solace,"Betrayed by Vesper, the woman he loved, 007 fights the urge to make his latest mission personal. Pursuing his determination to uncover the truth, Bond and M interrogate Mr. White, who reveals that the organization that blackmailed Vesper is far more complex and dangerous than anyone had imagined.",2008-10-29,106,en,"Adventure, Action, Thriller","undercover, spy, killing, secret agent, austria, mi6, british secret service, james bond, intense, powerful, vibrant",200000000,589593688,14.8366,6.3,8774
10585,Child's Play,"After being shot in a toy store, a serial killer transfers his soul into a Good Guy doll. A mother then gifts it to her six-year-old son Andy, which unleashes terror upon the city.",1988-11-09,87,en,Horror,"chicago, illinois, birthday, gun, voodoo, halloween, stalker, evil doll, murder, killer doll, serial killer, slasher, explosion, single mother, killer, doll, evil, killer toys, toy comes to life, possessed doll, supernatural power, mother and son, falling out window, horrified",9000000,44196684,15.0214,6.773,3485
51876,Limitless,The life of an unsuccessful writer is transformed by a top-secret 'smart drug' that allows him to use 100% of his brain and become a perfect version of himself. His enhanced abilities soon attract shadowy forces that threaten his new life.,2011-03-17,106,en,"Thriller, Mystery, Science Fiction","new york city, medicine, politician, iq, pill, stalking, superhuman, transhumanism, writer, drugs, threat, knowledge, nootropics, mind booster, inspirational",27000000,161900000,13.8042,7.204,11773
265208,Wild Card,"When a Las Vegas bodyguard with lethal skills and a gambling problem gets in trouble with the mob, he has one last play… and it's all or nothing.",2015-01-14,92,en,"Thriller, Crime, Action","gambling, bodyguard, remake, las vegas",30000000,6738764,14.0639,5.715,1999
300669,Don't Breathe,A group of teens break into a blind man's home thinking they'll get away with the perfect crime. They're wrong.,2016-06-08,89,en,"Horror, Thriller","kidnapping, thief, blind, held captive, break in, blind man, trapped in a house",9900000,158906350,15.9666,7.019,8168
308531,Teenage Mutant Ninja Turtles: Out of the Shadows,"After supervillain Shredder escapes custody, he joins forces with mad scientist Baxter Stockman and two dimwitted henchmen, Bebop and Rocksteady, to unleash a diabolical plan to take over the world. As the Turtles prepare to take on Shredder and his new crew, they find themselves facing an even greater evil with similar intentions: the notorious Krang.",2016-05-30,112,en,"Action, Adventure, Comedy, Family, Science Fiction","sibling relationship, turtle, based on comic, sequel, ninja, rat, excited",135000000,245623848,14.7776,6.06,3891
53182,300: Rise of an Empire,"Greek general Themistocles attempts to unite all of Greece by leading the charge that will change the course of the war. Themistocles faces the massive invading Persian forces led by mortal-turned-god, Xerxes and Artemesia, the vengeful commander of the Persian navy.",2014-03-05,102,en,"Action, Drama, War","based on comic, sequel, sword fight, soldier, massacre, slow motion, based on graphic novel, ancient greece, duringcreditsstinger, sea battle, hand to hand combat, naval warfare, ancient warfare, sparta greece, warriors, 5th century bc, antiquity, athenian, sword and sandal, god king, sword and shield",110000000,337580051,14.4264,6.122,7138
776503,CODA,"As a CODA (Child of Deaf Adults), Ruby is the only hearing person in her deaf family. When the family's fishing business is threatened, Ruby finds herself torn between pursuing her love of music and her fear of abandoning her parents.",2021-08-13,112,en,"Drama, Music, Romance","parent child relationship, music teacher, fishing, deaf, massachusetts, coming of age, remake, singing, family, teen comedy, first love, disability, based on movie, woman director, sign languages, school choir, music school, calm, american sign language (asl), loving, teenager, appreciative, coda",10000000,1905058,13.6744,7.881,2721
1376415,The Money Maker,"A Polish engineer relocates to France and becomes a legendary counterfeiter. Working solo, he crafts flawless fake francs worth millions over 14 years, earning the nickname ""Cézanne of counterfeit money"" for his artistic skill and output.",2026-01-12,128,fr,"History, Drama, Crime",,0,0,16.1166,7.084,166
639988,No Other Choice,"After being laid off and humiliated by a ruthless job market, a veteran paper mill manager descends into violence in a desperate bid to reclaim his dignity.",2025-09-24,139,ko,"Comedy, Crime, Thriller","based on novel or book, dark comedy, remake, social commentary, working class, unemployment, paper industry, unemployed, devoted family man, murder plot, social criticism, south korea, amused, economic hardship, desperate father, anti capitalism",12200000,40223568,13.043,7.513,1306
9659,Mad Max,"In the ravaged near-future, a savage motorcycle gang rules the road. Terrorizing innocent civilians while tearing up the streets, the ruthless gang laughs in the face of a police force hell-bent on stopping them.",1979-04-12,91,en,"Action, Thriller, Science Fiction","australia, petrol, baby, chain, dystopia, post-apocalyptic future, exploitation, villain, bridge, matter of life and death, benzine, biker, cop, partner, truck, vigilante, gasoline, motorcycle, motorcycle gang, exploding car, adventurer, angry, hostile, aggressive, action hero, out of fuel, good versus evil, violence, antagonistic, forceful, harsh, ominous, urgent",350000,100000000,14.9288,6.68,5125
388,Inside Man,"When an armed, masked gang enter a Manhattan bank, lock the doors and take hostages, the detective assigned to effect their release enters negotiations preoccupied with corruption charges he is facing.",2006-03-17,129,en,"Crime, Drama, Thriller","new york city, hostage, ultimatum, heist, police detective, bank robbery, hostage situation, nypd, manhattan, new york city, suspenseful",45000000,186003591,14.3618,7.408,6583
1383731,Protector,"Nikki's life is shattered when her daughter is kidnapped. Thrust into the criminal underworld while hunted by cops and military, she must fight to rescue her child.",2026-02-20,90,en,"Action, Thriller","kidnapping, rescue mission, war hero, underworld, action",0,1993982,14.5134,8.405,602
964849,Nightborn,"In Finnish forest, Saga and her husband Jon embark on a new chapter as parents. But Saga's joy is overshadowed by a chilling suspicion about their newborn, unbeknownst to Jon, causing a rift as she alone grapples with the disturbing truth.",2026-07-01,92,fi,Horror,"finnish, folk horror, body horror",5900000,0,15.7967,6.041,147
20453,3 Idiots,"Rascal. Joker. Dreamer. Genius... You've never met a college student quite like ""Rancho."" From the moment he arrives at India's most prestigious university, Rancho's outlandish schemes turn the campus upside down—along with the lives of his two newfound best friends. Together, they make life miserable for ""Virus,"" the school’s uptight and heartless dean. But when Rancho catches the eye of the dean's daughter, Virus sets his sights on flunking out the ""3 idiots"" once and for all.",2009-12-23,171,hi,"Drama, Comedy","challenge, middle class, slapstick comedy, coming of age, flashback, teacher, friends, engineering, university, subjective camera, smart kid, poor kid, looking for friend, plot twist, inspirational, student, life advice, hilarious, amused, delhi",50000000,60262836,14.1666,8.0,2845
1480387,undertone,The host of a popular paranormal podcast becomes haunted by terrifying recordings mysteriously sent her way.,2026-03-12,94,en,"Horror, Mystery","supernatural, haunted house, evil spirit, fear, demon, entity, death, caregiver, dying mother, evil, found footage, demonic spirit, supernatural horror, psychological, podcast, pregnant, psychological horror, horror, found footage adjacent",500000,21555603,16.2904,5.996,673
100042,Dumb and Dumber To,"20 years since their first adventure, Lloyd and Harry go on a road trip to find Harry's newly discovered daughter, who was given up for adoption.",2014-11-12,110,en,Comedy,"friendship, road trip, sequel, buddy comedy, aftercreditsstinger, duringcreditsstinger",40000000,169837010,14.1061,5.561,3516
259694,How to Be Single,"New York City is full of lonely hearts seeking the right match, and what Alice, Robin, Lucy, Meg, Tom and David all have in common is the need to learn how to be single in a world filled with ever-evolving definitions of love.",2016-02-08,110,en,"Comedy, Romance","new york city, based on novel or book, one-night stand, single",38000000,112343513,13.3789,6.3,3404
13387,Transporter 3,"Frank Martin puts the driving gloves on to deliver Valentina, the kidnapped daughter of a Ukrainian government official, from Marseilles to Odessa on the Black Sea. En route, he has to contend with thugs who want to intercept Valentina's safe delivery and not let his personal feelings get in the way of his dangerous objective.",2008-11-26,104,en,"Action, Thriller, Crime","martial arts, police, killing, detective, sequel, love, police chase, gunfight, getaway driver, taken, action hero",30000000,109000000,13.8155,6.2,3793
448119,Dolittle,"After losing his wife seven years earlier, the eccentric Dr. John Dolittle, famed doctor and veterinarian of Queen Victoria’s England, hermits himself away behind the high walls of Dolittle Manor with only his menagerie of exotic animals for company. But when the young queen falls gravely ill, a reluctant Dolittle is forced to set sail on an epic adventure to a mythical island in search of a cure, regaining his wit and courage as he crosses old adversaries and discovers wondrous creatures.",2020-01-02,101,en,"Family, Comedy, Fantasy, Adventure","ship, island, based on novel or book, victorian england, doctor, based on children's book, animals, veterinary, talking to animals, voyage",175000000,251410631,15.3521,6.6,3961
196,Back to the Future Part III,"The final installment finds Marty digging the trusty DeLorean out of a mineshaft and looking for Doc in the Wild West of 1885. But when their time machine breaks down, the travelers are stranded in a land of spurs. More problems arise when Doc falls for pretty schoolteacher Clara Clayton, and Marty tangles with Buford Tannen.",1990-05-25,119,en,"Adventure, Comedy, Science Fiction","california, saloon, sports car, inventor, horseback riding, indian territory, locomotive, time travel, native american, mad scientist, sequel, outlaw, shootout, steampunk, gunfight, train, wild west, cavalry, kids, 1950s, candid, hoverboard, lighthearted, optimistic",40000000,245077583,13.7364,7.495,11854
848538,Argylle,"When the plots of reclusive author Elly Conway's fictional espionage novels begin to mirror the covert actions of a real-life spy organization, quiet evenings at home become a thing of the past. Accompanied by her cat Alfie and Aidan, a cat-allergic spy, Elly races across the world to stay one step ahead of the killers as the line between Conway's fictional world and her real one begins to blur.",2024-01-31,139,en,"Action, Adventure, Comedy","london, england, france, cat, spy, greece, secret organization, colorado, secret agent, writer's block, author, novelist, aftercreditsstinger, double identity, international espionage, covert operations, mind manipulation, encrypted files, comic misunderstandings",200000000,96221061,14.5521,5.981,1844
514847,The Hunt,"Twelve strangers wake up in a clearing. They don't know where they are—or how they got there. In the shadow of a dark internet conspiracy theory, ruthless elitists gather at a remote location to hunt humans for sport. But their master plan is about to be derailed when one of the hunted turns the tables on her pursuers.",2020-03-11,90,en,"Action, Thriller, Horror","dark comedy, gore, satire, survival, murder, survival horror, political, death game",14000000,12400979,14.199,6.655,3829
27582,The Mechanic,"Arthur Bishop is a 'mechanic' - an elite assassin with a strict code requiring professional perfection and total detachment. One of an elite group of assassins, Bishop may be the best in the business - with a unique talent for cleanly eliminating targets. When Harry McKenna, his close friend and mentor, is murdered, Harry's son comes to him with vengeance in his heart and a desire to learn Bishop's trade, signaling the birth of a deadly partnership.",2011-01-13,93,en,"Action, Thriller, Crime","chicago, illinois, research, martial arts, assassin, prostitute, airport, mentor, new orleans, louisiana, training, car crash, elite, remake, security, set up, mentor protégé relationship, contractor, aggressive, vengeance, avenging son, colombia, suspenseful, ominous",40000000,51070807,14.3926,6.5,3725
1106289,The Pickup,A routine cash pickup takes a wild turn when mismatched armored truck drivers Russell and Travis are ambushed by ruthless criminals led by savvy mastermind Zoe.,2025-07-27,94,en,"Action, Comedy, Crime","robbery, armored car, organized crime, shootout, witty, amused, forceful",0,0,16.2043,6.391,513
275,Fargo,"Jerry, a small-town Minnesota car salesman is bursting at the seams with debt... but he's got a plan. He's going to hire two thugs to kidnap his wife in a scheme to collect a hefty ransom from his wealthy father-in-law. It's going to be a snap and nobody's going to get hurt... until people start dying. Enter Police Chief Marge, a coffee-drinking, parka-wearing - and extremely pregnant - investigator who'll stop at nothing to get her man. And if you think her small-time investigative skills will give the crooks a run for their ransom... you betcha!",1996-03-08,98,en,"Crime, Drama, Thriller","salesclerk, unsociability, police, cheating, ransom, winter, kidnapping, minnesota, dark comedy, north dakota, money, murder, police officer, car dealership, woodchipper, macabre, false history, neo-noir, complex, minneapolis, minnesota, absurd, hilarious, straightforward",7000000,60611975,15.2935,7.8,9415
14574,The Boy in the Striped Pyjamas,"When his family moves from their home in Berlin to a strange new house in Poland, young Bruno befriends Shmuel, a boy who lives on the other side of the fence where everyone seems to be wearing striped pajamas. Unaware of Shmuel's fate as a Jewish prisoner or the role his own Nazi father plays in his imprisonment, Bruno embarks on a dangerous journey inside the camp's walls.",2008-05-07,94,en,"Drama, War, History","based on novel or book, nazi, nationalism, concentration camp, world war ii, gas chamber, concentration camp prisoner, children in wartime",12500000,20416563,15.7341,7.8,7846
117251,White House Down,"Capitol Policeman John Cale has just been denied his dream job with the Secret Service protecting President James Sawyer. Not wanting to let down his little girl with the news, he takes her on a tour of the White House, when the complex is overtaken by a heavily armed paramilitary group. Now, with the nation's government falling into chaos and time running out, it's up to Cale to save the president, his daughter, and the country.",2013-06-27,131,en,"Action, Drama, Thriller","usa president, the white house, job interview, betrayal, conspiracy, explosion, hostage situation, secret service, terrorist plot, hostile takeover, terrorist group, us military, ex military, lockdown, vice president, special agent, u.s. secret service agent, young daughter, hostages, speaker of the house, capitol police, white house tour",150000000,205366737,14.7878,6.5,5236
274862,The Lego Ninjago Movie,"Six young ninjas are tasked with defending their island home of Ninjago. By night, they’re gifted warriors using their skill and awesome fleet of vehicles to fight villains and monsters. By day, they’re ordinary teens struggling against their greatest enemy....high school.",2017-09-21,101,en,"Animation, Comedy, Adventure, Action, Family","high school, martial arts, secret identity, ninja, based on toy, fighting, lego, father son conflict, mechs, 3d animation, elemental powers",70000000,123081555,15.3668,6.498,1214
1933,The Others,"Grace is a woman who lives in an old house kept dark because her two children, Anne and Nicholas, have a rare sensitivity to light. When the family begins to suspect the house is haunted, Grace fights to protect her children at any cost in the face of strange events and disturbing visions.",2001-08-02,101,en,"Horror, Mystery, Thriller","nightmare, suicide attempt, shotgun, servant, cemetery, world war ii, nanny, haunted house, channel islands, female protagonist, mansion, soldier, gardener, photosensitivity, 1940s, dreary, jersey island, baffled, supernatural thriller",17000000,210002906,13.8376,7.618,7430
76,Before Sunrise,"An unexpected meeting on a train leads two travelers to spend an evening wandering through Vienna. As the night unfolds, they share stories and conversations about life and love, exploring new ideas while a quiet intimacy grows between them, knowing it may be their only night together.",1995-01-27,101,en,"Drama, Romance","talking, soulmates, walking, austria, vienna, austria, semi autobiographical, playful, cliché",2500000,5987386,14.8673,8.0,4877
677179,Creed III,"After dominating the boxing world, Adonis Creed has thrived in his career and family life. When a childhood friend and former boxing prodigy, Damian Anderson, resurfaces after serving a long sentence in prison, he is eager to prove that he deserves his shot in the ring. The face-off between former friends is more than just a fight. To settle the score, Adonis must put his future on the line to battle Damian — a fighter with nothing to lose.",2023-03-01,116,en,"Drama, Action","husband wife relationship, philadelphia, pennsylvania, sports, deaf, sequel, orphan, former best friend, ex-con, childhood friends, juvenile detention center, boxing, prodigy, intense, assertive, audacious",75000000,275300000,15.5398,7.082,2990
1089,Point Break,"In Los Angeles, a gang of bank robbers who call themselves The Ex-Presidents commit their crimes while wearing masks of Reagan, Carter, Nixon and Johnson. Believing that the members of the gang could be surfers, the F.B.I. sends young agent Johnny Utah to the beach undercover to mix with the surfers and gather information.",1991-07-12,122,en,"Action, Thriller, Crime","surfing, surfer, undercover agent, self-destruction, fbi, extreme sports, moral conflict, skydiving, los angeles, california, bank robbery, undercover operation, woman director, ex-president, robbery gang, fbi agent, action thriller, excited, fbi operation",24000000,83531958,14.5852,7.2,4149
228326,The Book of Life,"The journey of Manolo, a young man who is torn between fulfilling the expectations of his family and following his heart. Before choosing which path to follow, he embarks on an incredible adventure that spans fantastical worlds where he must face his greatest fears.",2014-10-01,95,en,"Animation, Family, Fantasy","mexico, bullfighting, love triangle, afterlife, musical, day of the dead, overcoming fears, 3d animation",50000000,97437106,14.7114,7.539,3018
9655,She's the Man,"Viola Hastings is in a real jam. Complications threaten her scheme to pose as her twin brother, Sebastian, and take his place at a new boarding school. She falls in love with her handsome roommate, Duke, who loves beautiful Olivia, who has fallen for Sebastian! As if that were not enough, Viola's twin returns from London ahead of schedule but has no idea that his sister has already replaced him on campus.",2006-03-17,105,en,"Comedy, Romance","high school, sports, boarding school, roommates, twin sister, fake identity, mistaken identity, twin brother, cross dressing, football (soccer), teen comedy, tomboy, disguised voice, the big game, 2000s, woman disguised as man, gay theme",20000000,57194667,14.3644,6.806,3376
4584,Sense and Sensibility,"The Dashwood sisters, sensible Elinor and passionate Marianne, learn that their prospects of marriage seem doomed by their family's sudden loss of fortune. After Henry Dashwood dies unexpectedly, his estate must pass on by law to his son. These circumstances leave Mr. Dashwood's wife and daughters without a home and with barely enough money to live on. As Elinor and Marianne struggle to find romantic fulfillment in a society obsessed with financial and social status, they must learn to mix sense with sensibility in their dealings with both money and men.",1995-12-13,136,en,"Drama, Romance","secret love, london, england, countryside, based on novel or book, widow, military officer, servant, country life, pneumonia, inheritance, period drama, rainstorm, decorum, horse carriage, young love, dowry, social class, 19th century, penniless, social elite, bloodletting, free spirited, sussex, sisters love, marry for money, secret engagement, devonshire, england",16000000,134582776,14.0503,7.4,1897
11216,Cinema Paradiso,"A filmmaker recalls his childhood, when he fell in love with the movies at his village's theater and formed a deep friendship with the theater's projectionist.",1988-11-17,124,it,"Drama, Romance","parent child relationship, sicily, italy, movie business, kiss, coming of age, flashback, magic realism, nostalgic, haunted by the past, censorship, nuovo cinema paradiso, movie theater, joyful",5000000,35962062,14.2506,8.4,4990
9919,How to Lose a Guy in 10 Days,"It's the battle of wills, as Andie needs to prove she can dump a guy in 10 days, whereas Ben needs to prove he can win a girl in 10 days. Now, the clock is ticking—and the wildly entertaining comedy smash is off and running in this irresistible tale of sex, lies and outrageous romantic fireworks!",2003-02-07,116,en,"Comedy, Romance","bet, new york city, journalist, therapist, advertising expert, romcom, basketball, relationship, advice columnist, blunt, group of friends, battle of the sexes, relationship sabotage, ulterior motive dating, clinical, women's magazine, new york knicks",50000000,177557758,14.4506,6.87,4612
1387382,Hunting Season,"When a reclusive survivalist and his daughter rescue a mysterious, wounded woman from a river, they become entangled in a deadly web of violence and revenge, forcing them to confront a brutal criminal to survive.",2025-12-05,100,en,"Action, Drama, Thriller","hunting season, temporada de caza",0,0,15.4418,7.389,457
1284120,The Ugly Stepsister,"In a fairy-tale kingdom where beauty is a brutal business, Elvira battles to compete with her incredibly beautiful stepsister, Agnes, and she will go to any length to catch the Prince’s eye.",2025-03-07,109,no,"Horror, Comedy, Drama","satire, based on fairy tale, beauty standards, stepmother stepdaughter relationship, independent film, body horror, psychological horror, horror, cinderella story, baffled, exuberant, forceful",4250000,5325096,14.6949,7.332,1334
2454,The Chronicles of Narnia: Prince Caspian,"One year after their incredible adventures in the Lion, the Witch and the Wardrobe, Peter, Edmund, Lucy and Susan Pevensie return to Narnia to aid a young prince whose life has been threatened by the evil King Miraz. Now, with the help of a colorful cast of new characters, including Trufflehunter the badger and Nikabrik the dwarf, the Pevensie clan embarks on an incredible quest to ensure that Narnia is returned to its rightful heir.",2008-05-15,150,en,"Adventure, Family, Fantasy","witch, sibling relationship, based on novel or book, faith, allegory, lion, wretch, prince, matter of life and death, uncle, family relationships, sequel, battle, based on children's book, fantasy world, 1940s, high fantasy, isekai, based on young adult novel, good versus evil",225000000,419665568,15.9812,6.638,6939
12222,Horton Hears a Who!,"An imaginative elephant named Horton hears a faint cry for help coming from a tiny speck of dust floating through the air. Horton suspects there may be life on that speck and despite a surrounding community, who thinks he has lost his mind, he is determined to save the tiny particle.",2008-03-03,86,en,"Animation, Comedy, Family, Adventure, Fantasy","rescue, elephant, jungle, 3d animation, who, cartoon elephant",85000000,298572799,15.0205,6.525,3632
299054,Expend4bles,"Armed with every weapon they can get their hands on and the skills to use them, The Expendables are the world’s last line of defense and the team that gets called when all other options are off the table. But new team members with new styles and tactics are going to give “new blood” a whole new meaning.",2023-09-15,103,en,"Action, Adventure, Thriller","sequel, nuclear bomb, cargo ship, ring",100000000,37917985,13.6621,6.033,1971
1317672,Love Me Love Me,"After her brother's death, June moves to Milan for a fresh start, finding comfort in Will, the perfect honor student at her new international school. But when his troubled best friend James—hiding a dangerous life in clandestine MMA fights—sparks a rivalry that quickly turns into irresistible attraction, June must choose between safety and a love that upends everything she thought she wanted.",2026-02-12,99,en,"Romance, Drama","based on novel or book, desperate, embarrassed",0,0,15.9726,6.1,322
44896,Rango,"When Rango, a lost family pet, accidentally winds up in the gritty, gun-slinging Western town of Dirt, the theater-loving lizard suddenly finds himself the newly appointed sheriff. Welcomed as the last hope the town has been waiting for, Rango is forced to play his new role to the hilt and uncover the truth behind a looming water crisis—before his act catches up with him.",2011-03-02,107,en,"Animation, Comedy, Family, Western, Adventure","hero, gunslinger, sheriff, suicide attempt, nevada, mayor, pet, native american, water supply, outlaw, water shortage, spirit, chameleon, mariachi, disillusionment, desert, construction, frontier town, small western town, animal life, animal protagonist, 3d animation, old west, high noon",135000000,245724603,13.4195,6.921,7338
614930,Teenage Mutant Ninja Turtles: Mutant Mayhem,"After years of being sheltered from the human world, the Turtle brothers set out to win the hearts of New Yorkers and be accepted as normal teenagers through heroic acts. Their new friend April O'Neil helps them take on a mysterious crime syndicate, but they soon get in over their heads when an army of mutants is unleashed upon them.",2023-07-31,100,en,"Animation, Comedy, Action, Science Fiction","new york city, sibling relationship, skateboarding, crime fighter, superhero, turtle, based on comic, ninja, duringcreditsstinger, playful, aspiring journalist, anthropomorphic animal, 3d animation, lighthearted, sentimental, whimsical, enthusiastic, vibrant",75000000,180513586,14.5045,7.225,1676
309809,The Little Prince,"Based on the best-seller book 'The Little Prince', the movie tells the story of a little girl that lives with resignation in a world where efficiency and work are the only dogmas. Everything will change when accidentally she discovers her neighbor that will tell her about the story of the Little Prince that he once met.",2015-07-29,106,en,"Adventure, Animation, Fantasy, Family","airplane, parent child relationship, philosophy, dystopia, utopia, little boy, old man, growing up, stop motion, neighbor, school, little girl, based on children's book, social differences, 3d animation",64000000,101281211,14.301,7.625,3037
187017,22 Jump Street,"After making their way through high school (twice), big changes are in store for officers Schmidt and Jenko when they go deep undercover at a local college. But when Jenko meets a kindred spirit on the football team, and Schmidt infiltrates the bohemian art major scene, they begin to question their partnership. Now they don't have to just crack the case - they have to figure out if they can have a mature relationship. If these two overgrown adolescents can grow from freshmen into real men, college might be the best thing that ever happened to them.",2014-06-05,112,en,"Crime, Comedy, Action","drug dealer, sarcasm, college, male friendship, sequel, undercover cop, burlesque, buddy cop, buddy comedy, aftercreditsstinger, duringcreditsstinger, based on tv series, farcical, vibrant",50000000,331333876,14.8496,6.825,8750
1595852,Boulevard,"Hasley, a girl with a list of unfulfilled dreams, and Luke, a complex and vulnerable boy marked by a tragic past, find refuge on the boulevard where they discover if love can conquer all.",2026-04-10,113,es,"Romance, Drama",,0,0,14.1927,7.4,209
1084736,The Count of Monte Cristo,"Edmond Dantès becomes the target of a sinister plot and is arrested on his wedding day for a crime he did not commit. After 14 years in the island prison of Château d’If, he manages a daring escape. Now rich beyond his dreams, he assumes the identity of the Count of Monte-Cristo and exacts his revenge on the three men who betrayed him.",2024-06-28,178,fr,"Adventure, Action, Drama","based on novel or book, count, revenge, wrongful conviction, hidden fortune, 19th century, moral downfall, post‑napoleonic france, parisian aristocracy, marseille harbor, betrayal conspiracy, methodical vengeance, lost love tragedy, power corruption, luxurious estates",46000000,75360860,15.4717,7.896,2142
2649,The Game,"In honor of his birthday, San Francisco banker Nicholas Van Orton, a financial genius and a cold-hearted loner, receives an unusual present from his younger brother, Conrad: a gift certificate to play a unique kind of game. In nary a nanosecond, Nicholas finds himself consumed by a dangerous set of ever-changing rules, unable to distinguish where the charade ends and reality begins.",1997-09-12,129,en,"Drama, Thriller, Mystery","san francisco, california, manipulation, danger of life, puzzle, birthday present, conspiracy thriller, bewildered",50000000,109423648,13.6661,7.577,7607
34544,The A-Team,"A man who loves when a plan comes together, Col. Hannibal Smith leads a close-knit team of elite operatives and Iraq War veterans. Framed for a crime they didn't commit, Smith and his men, Capt. H.M. ‘Howling Mad’ Murdock , Sgt. Bosco ‘B.A.’ Baracus, and Lt. Templeton ‘Faceman’ Peck, break out and go rogue, using their special talents to clear their names and find the perpetrator. Hot on their trail is Capt. Charissa Sosa, who was once involved with a member of Smith's team and has sworn to capture them, no matter what it takes.",2010-06-09,117,en,"Action, Comedy, Crime","plan, mexico, explosive, war crimes, secret mission, fear of flying, ex-lover, tank, military court, us army, military service, iraq war veteran, military prison, betrayal, fugitive, double crossed, drone, special forces, operative, aftercreditsstinger, duringcreditsstinger, clandestine, military operation, helicopter chase, u.s. general, private military company, based on tv series, airborne ranger, awestruck, u.s. army ranger, cia agent, military contractors, money printing plates, u.s. army hospital, u.s. military intelligence, frankfurt, germany, baghdad, iraq, engraving plates",110000000,177238796,14.2106,6.419,5137
1885,The Karate Kid,"New Jersey teen Daniel LaRusso moves to Los Angeles with his mother, and soon strikes up a relationship with Ali. He quickly finds himself the target of bullying by a group of thugs, led by Ali's ex-boyfriend Johnny, who study karate at the Cobra Kai dojo under ruthless sensei John Kreese. Fortunately, Daniel befriends Mr. Miyagi, an unassuming repairman who just happens to be a martial arts master himself. Miyagi takes Daniel under his wing, training him in a more compassionate form of karate for self-defense and, later, preparing him to compete against the brutal Cobra Kai.",1984-06-22,127,en,"Action, Drama, Family","high school, friendship, martial arts, fight, painting, karate, bullying, sensei, bully, teen movie, los angeles, california, martial arts master, single mother, sabotage, beaten, high school student, martial arts tournament, martial arts training, crane, sport competition, school dance, semi autobiographical, mentor protégé relationship, teenage gang, teenage romance, philosophical, high school romance, bullies",8000000,91138075,14.4095,7.23,4888
27022,The Sorcerer's Apprentice,"Balthazar Blake is a master sorcerer in modern-day Manhattan trying to defend the city from his arch-nemesis, Maxim Horvath. Balthazar can't do it alone, so he recruits Dave Stutler, a seemingly average guy who demonstrates hidden potential, as his reluctant protégé. The sorcerer gives his unwilling accomplice a crash course in the art and science of magic, and together, these unlikely partners work to stop the forces of darkness.",2010-07-13,109,en,"Fantasy, Adventure, Action","witch, mission, magic, mystic, castle, sorcerer's apprentice, sorcery, sorcerer, falling in love, based on movie, reflection, magic trick, wizard, aftercreditsstinger, magical creature, quest, statue, college student, electric power, magician, magic book, live action remake, good versus evil, electricity, salem witch, magic ring, callback, raising the dead",150000000,215300000,13.9845,6.146,5398
537915,After,"Tessa Young is a dedicated student, dutiful daughter and loyal girlfriend to her high school sweetheart. Entering her first semester of college, Tessa's guarded world opens up when she meets Hardin Scott, a mysterious and brooding rebel who makes her question all she thought she knew about herself -- and what she wants out of life.",2019-04-11,106,en,"Drama, Romance","based on novel or book, love, teenage crush, teenage girl, teenage romance, bad boy, indifferent",14000000,69497587,15.1968,7.104,8573
187,Sin City,"Welcome to Sin City. This town beckons to the tough, the corrupt, the brokenhearted. Some call it dark… Hard-boiled. Then there are those who call it home — Crooked cops, sexy dames, desperate vigilantes. Some are seeking revenge, others lust after redemption, and then there are those hoping for a little of both. A universe of unlikely and reluctant heroes still trying to do the right thing in a city that refuses to care.",2005-04-01,124,en,"Crime, Thriller","dystopia, based on comic, anthology, black and white, held captive, based on graphic novel, mysterious killer, doing the right thing, silhouette, neo-noir, absurd",40000000,158733820,13.9441,7.463,9087
508439,Onward,"In a suburban fantasy world, two teenage elf brothers embark on an extraordinary quest to discover if there is still a little magic left out there.",2020-02-29,102,en,"Adventure, Animation, Comedy, Family, Fantasy","elves, magic, dead father, dead parent, fantasy world, teenage protagonist, brother brother relationship, 3d animation, ambiguous, amused, enthusiastic, pixar",200000000,141888276,14.3969,7.633,6712
49040,The Bourne Legacy,New CIA operative Aaron Cross experiences life-or-death stakes that have been triggered by the previous actions of Jason Bourne.,2012-08-08,135,en,"Action, Thriller","assassin, espionage, wolf, maryland, sequel, covert operation, sniper rifle, rooftop, exploding house, laptop, tracking device, fake id, pharmaceutical lab, government conspiracy, manila philippines, hunted, false passport, alberta canada, jason bourne, dramatic, admiring",130000000,276600000,14.7749,6.253,6291
58574,Sherlock Holmes: A Game of Shadows,"There is a new criminal mastermind at large (Professor Moriarty) and not only is he Holmes’ intellectual equal, but his capacity for evil and lack of conscience may give him an advantage over the detective.",2011-11-22,129,en,"Action, Adventure, Mystery","london, england, paris, france, detective, detective inspector, sequel, steampunk, buddy, criminal mastermind, 19th century, sherlock holmes, whodunnit",125000000,334615000,13.4142,7.146,11170
634492,Madame Web,"Forced to confront revelations about her past, paramedic Cassandra Webb forges a relationship with three young women destined for powerful futures...if they can all survive a deadly present.",2024-02-14,117,en,"Action, Fantasy","new york city, spider, based on comic, teenage girl, super power, paramedic, manhattan, new york city, spider web, clairvoyant, woman director, origin story, 2000s, vision of the future",80000000,100498764,15.7766,5.267,2715
2567,The Aviator,"A biopic depicting the life of filmmaker and aviation pioneer Howard Hughes from 1927 to 1947, during which time he became a successful film producer and an aviation magnate, while simultaneously growing more unstable due to severe obsessive-compulsive disorder.",2004-12-17,170,en,Drama,"ladykiller, pilot, biography, based on true story, womanizer, phobia, aviation, period drama, u.s. congress, flying boat, test flight",110000000,213719942,13.9302,7.2,6019
1167307,David,"From the songs of his mother’s heart to the whispers of a faithful God, David’s story begins in quiet devotion. When the giant Goliath rises to terrorize a nation, a young shepherd armed with only a sling, a few stones, and unshakable faith steps forward. Pursued by power and driven by purpose, his journey tests the limits of loyalty, love, and courage—culminating in a battle not just for a crown, but for the soul of a kingdom.",2025-12-14,109,en,"Animation, Family, Drama, History, Adventure","aggression, bible, musical, religion, prophet, giant man, david vs. goliath, old testament, ancient regime, primitive civilization, shepherd boy, 3d animation, independent film, philistine, bible prophecy, battles, biblical epic, songs, faith in god, winners vs. losers",60900000,85865995,14.9902,8.0,200
792293,Dumb Money,"Vlogger Keith Gill sinks his life savings into GameStop stock and posts about it. When social media starts blowing up, so do his life and the lives of everyone following him. As a stock tip becomes a movement, everyone gets rich—until the billionaires fight back, and both sides find their worlds turned upside down.",2023-09-15,105,en,"History, Comedy, Drama","massachusetts, manipulation of the media, based on true story, securities, stocks and bonds , stock price, social media, stock market, meditative, dramedy, philosophical, investing, investment, stockholder, stock swindle, insider trading, vlogger, brother brother relationship, internet scam, social media influencer, finance trading, inspirational, critical, internet personality, intense, gamestop, audacious, defiant, dignified, earnest, instructive, powerful, urgent, 2020s",30000000,20703794,15.2335,6.7,862
1632181,Accidental Partners,Two women discover they were both scammed by the same man (who also got them pregnant). They form an alliance to take revenge.,2026-03-12,110,es,"Comedy, Romance",,0,0,14.9169,8.8,389
20662,Robin Hood,"When soldier Robin happens upon the dying Robert of Loxley, he promises to return the man's sword to his family in Nottingham. There, he assumes Robert's identity; romances his widow, Marion; and draws the ire of the town's sheriff and King John's henchman, Godfrey.",2010-05-12,140,en,"Action, Adventure, History, Drama","robin hood, archer, sherwood forest, knight, historical fiction, bow and arrow, middle ages (476-1453), medieval, king of england, 12th century, whimsical, appreciative, vibrant",200000000,321669741,13.143,6.4,5159
401981,Red Sparrow,"Prima ballerina Dominika Egorova faces a bleak and uncertain future after she suffers an injury that ends her career. She soon turns to Sparrow School, a secret intelligence service that trains exceptional young people to use their minds and bodies as weapons. Dominika emerges as the most dangerous Sparrow after completing the sadistic training process. As she comes to terms with her new abilities, she meets a CIA agent who tries to convince her that he is the only person she can trust.",2018-02-28,140,en,"Thriller, Mystery","central intelligence agency (cia), sexual abuse, budapest, hungary, based on novel or book, self sacrifice, spy, patriotism, seduction, training, double agent, chechnya, hospital, torture, mole, female spy, mortal danger, deceit, uncle niece relationship, u.s. embassy, moscow, russia, russian spy, paranoid, grim, spy thriller, bolshoi ballet, ballet performance, secret code, prima ballerina, complex, mother daughter relationship, theatre, asset, home health aide, secret meeting, suspenseful, gorky park, intense, bitter, audacious",69000000,151572634,14.8773,6.533,6489
257445,Goosebumps,"After moving to a small town, Zach Cooper finds a silver lining when he meets next door neighbor Hannah, the daughter of bestselling Goosebumps series author R.L. Stine. When Zach unintentionally unleashes real monsters from their manuscripts and they begin to terrorize the town, it’s suddenly up to Stine, Zach and Hannah to get all of them back in the books where they belong.",2015-08-05,103,en,"Adventure, Horror, Comedy","based on novel or book, magic, halloween, yeti, werewolf, based on children's book, family, new home, recluse, theme park, autumn, horror for children, book comes to life, ventriloquist's dummy, praying mantis, new school, girl next door, 3d animation, monsters",58000000,158952243,14.4226,6.319,4075
399170,Logan Lucky,"Trying to reverse a family curse, brothers Jimmy and Clyde Logan set out to execute an elaborate robbery during the legendary Coca-Cola 600 race at the Charlotte Motor Speedway.",2017-08-17,119,en,"Comedy, Crime, Action, Drama","sibling relationship, north carolina, cockroach, heist, race car driver, nascar, prison break",29000000,48453605,15.3726,6.736,3959
283366,Miss Peregrine's Home for Peculiar Children,A teenager finds himself transported to an island where he must help protect a group of orphans with special powers from creatures intent on destroying them.,2016-09-28,127,en,"Adventure, Fantasy","wales, children's home, shapeshifting, falcon, time travel, orphan, super power, nostalgic, 1940s, based on young adult novel, peregrine",110000000,296482446,13.5322,6.841,10634
496450,"Miraculous: Ladybug & Cat Noir, The Movie","After a guardian of magical jewels turns an awkward girl and a popular boy into superheroes, they can never reveal their identities — even to each other.",2023-07-05,105,fr,"Animation, Fantasy, Action, Romance, Family","paris, france, magic, superhero, musical, butterfly, based on tv series, 3d animation, teenager",86000000,40208268,14.2338,7.6,986
299687,The 5th Wave,16-year-old Cassie Sullivan tries to survive in a world devastated by the waves of an alien invasion that has already decimated the population and knocked mankind back to the Stone Age.,2016-01-14,112,en,"Science Fiction, Adventure, Action","based on novel or book, dystopia, alien, alien invasion, human subjugation, environmental disaster, based on young adult novel",38000000,109906372,13.149,5.9,6167
437342,The First Omen,"When a young American woman is sent to Rome to begin a life of service to the church, she encounters a darkness that causes her to question her own faith and uncovers a terrifying conspiracy that hopes to bring about the birth of evil incarnate.",2024-04-03,119,en,Horror,"rome, italy, nun, prophecy, italy, 1970s, halloween, satanism, devil's son, revelation, anti-christ, prequel, priest, female protagonist, church, dark secret, shocking, religious horror, suspenseful",30000000,53992802,14.528,6.795,1404
503919,The Lighthouse,Two lighthouse keepers try to maintain their sanity while living on a remote and mysterious New England island in the 1890s.,2019-10-18,109,en,"Drama, Fantasy, Thriller","island, nightmare, isolation, mermaid, hallucination, lighthouse, based on true story, lighthouse keeper   , black and white, storm, male masturbation, new england, madness, drunkenness, 19th century, isolated island, grimdark, lovecraftian, psychological horror, 1890s, awestruck, foreboding",11000000,18262464,15.1719,7.463,5805
521777,Good Boys,A group of young boys on the cusp of becoming teenagers embark on an epic quest to fix their broken drone before their parents get home.,2019-08-14,90,en,Comedy,"drone, best friend, first kiss, sex toy, tween, generation z, child protagonist, spin the bottle, playful, hilarious, cheerful",20000000,111037232,13.522,6.834,2076
2118,L.A. Confidential,Three detectives in the corrupt and brutal L.A. police force of the 1950s use differing methods to uncover a conspiracy behind the shotgun slayings of the patrons at an all-night diner.,1997-09-19,138,en,"Crime, Mystery, Thriller","corruption, based on novel or book, call girl, shotgun, detective, femme fatale, domestic violence, whodunit, corpse, district attorney, movie star, good cop bad cop, neo-noir, 1950s",35000000,126216940,13.6768,7.8,5752
6844,The Ten Commandments,"Escaping death, a Hebrew infant is raised in a royal household to become a prince. Upon discovery of his true heritage, Moses embarks on a personal quest to reclaim his destiny as the leader and liberator of the Hebrew people.",1956-10-05,220,en,"Drama, History","egypt, israel, moses, ten commandments, christianity, slavery, miracle, bible, judaism, religion, ancient egypt, old testament, pharaoh, passover, christian film, distressing, 13th century bc, biblical epic, vistavision",13000000,122700000,14.3767,7.8,1935
570670,The Invisible Man,"When Cecilia's abusive ex takes his own life and leaves her his fortune, she suspects his death was a hoax. As a series of coincidences turn lethal, Cecilia works to prove that she is being hunted by someone nobody can see.",2020-02-26,124,en,"Thriller, Science Fiction, Horror","based on novel or book, pregnancy, architect, fake suicide, stalker, remake, murder, domestic abuse, scientist, police detective, death, invisible person, mental hospital, angry, woman in peril, invisible man, frightened",7000000,144492724,13.7367,7.084,6480
204082,Homefront,"Phil Broker, a retired DEA agent, leads a quiet life with his daughter Maddy, until a school bullying incident draws them into a conflict with Morgan “Gator” Bodine, a local crime boss.",2013-11-12,100,en,"Action, Thriller","drug dealer, daughter, based on novel or book, police, parent child relationship, police operation, ex-cop, bayou, rural area, undercover cop, drug dealing, motorcycle gang, drugs, revenge motive, father and daughter",22000000,51695362,14.7764,6.947,3965
22538,Scott Pilgrim vs. the World,"As bass guitarist for a garage-rock band, Scott Pilgrim has never had trouble getting a girlfriend; usually, the problem is getting rid of them. But when Ramona Flowers skates into his heart, he finds she has the most troublesome baggage of all: an army of ex-boyfriends who will stop at nothing to eliminate him from her list of suitors.",2010-08-12,113,en,"Action, Comedy, Romance","video game, skateboarding, ex-boyfriend, ex-girlfriend, toronto, canada, animated scene, dating, guitar player, break-up, based on graphic novel, group of friends, whipping, hipster, underage girlfriend, unconsciousness, vegan, aftercreditsstinger, garage band, band competition, psychological drama",73000000,51825248,13.9632,7.485,8896
449443,Den of Thieves,A gritty crime saga which follows the lives of an elite unit of the LA County Sheriff's Dept. and the state's most successful bank robbery crew as the outlaws plan a seemingly impossible heist on the Federal Reserve Bank.,2018-01-18,140,en,"Crime, Thriller, Action","police brutality, detective, fbi, assault rifle, deputy sheriff, investigation, strip club, donut, heist, shootout, los angeles, california, divorce, bank robbery, hostage situation, death, ex-marine, security, armored truck, ex military, aggressive, domineering, donut shop, bar, intense",30000000,80509622,14.239,6.878,3519
82507,Sinister,"True-crime writer Ellison Oswalt is in a slump; he hasn't had a best seller in more than 10 years and is becoming increasingly desperate for a hit. So, when he discovers the existence of a snuff film showing the deaths of a family, he vows to solve the mystery. He moves his own family into the victims' home and gets to work. However, when old film footage and other clues hint at the presence of a supernatural force, Ellison learns that living in the house may be fatal.",2012-10-04,110,en,"Horror, Thriller, Mystery","drowning, pennsylvania, usa, writing, child murder, snuff, tape, home movie footage, murder, massacre, power outage, held captive, hanging, death, car fire, novelist, attic, occult, super 8mm footage, found footage, moving in, book writing, supernatural horror, sinister, ominous",3000000,82515113,14.713,6.872,6241
19908,Zombieland,"Columbus has made a habit of running from what scares him. Tallahassee doesn't have fears. If he did, he'd kick their ever-living ass. In a world overrun by zombies, these two are perfectly evolved survivors. But now, they're about to stare down the most terrifying prospect of all: each other.",2009-10-02,88,en,"Comedy, Horror","washington dc, usa, sibling relationship, saving the world, circus, post-apocalyptic future, gore, parody, road trip, zombie, survival horror, amusement park, twinkie, body count, zombification, disposing of a dead body, loner, aftercreditsstinger, zombie apocalypse, satirical, fear of clowns, joyous, absurd, hilarious, amused, sarcastic",23600000,102391540,13.9946,7.258,13509
18491,Neon Genesis Evangelion: The End of Evangelion,"SEELE orders an all-out attack on NERV, aiming to destroy the Evas before Gendo can advance his own plans for the Human Instrumentality Project. Shinji is pushed to the limits of his sanity as he is forced to decide the fate of humanity.",1997-07-19,87,ja,"Animation, Science Fiction, Drama, Fantasy, Action","philosophy, insanity, post-apocalyptic future, futuristic, end of the world, mecha, avant-garde, meaningless existence, rebirth, anime, psychological terror, anxious, based on tv series, existential horror, alternate ending, experimental surrealism, complicated, distressing, sincere, sympathetic",7500000,26000000,14.7636,8.26,1968
1572,Die Hard: With a Vengeance,"New York detective John McClane is back and kicking bad-guy butt in the third installment of this action-packed series, which finds him teaming with civilian Zeus Carver to prevent the loss of innocent lives. McClane thought he'd seen it all, until a genius named Simon engages McClane, his new ""partner"" -- and his beloved city -- in a deadly game that demands their concentration.",1995-05-19,128,en,"Action, Thriller","new york city, taxi, gold, helicopter, robbery, police, bomb, riddle, detective, fbi, sequel, flashback, revenge, shootout, explosion, nypd, cargo ship, wild goose chase, simon says, dump truck, harlem, new york city, aqueduct, bomb threat, action hero, deadly game, federal reserve bank, nyc subway, assertive, excited",90000000,366101666,13.3675,7.284,6857
1267905,The Roses,"Life seems easy for picture-perfect couple Ivy and Theo: successful careers, a loving marriage, great kids. But beneath the façade of their supposed ideal life, a storm is brewing – as Theo's career nosedives while Ivy's own ambitions take off, a tinderbox of fierce competition and hidden resentment ignites.",2025-08-27,105,en,"Comedy, Drama, Romance","husband wife relationship, based on novel or book, dark comedy, remake, failing marriage, aspiring architect, jealous of someone's success, female chef, critical, intense",30000000,51989385,15.3521,6.636,786
9602,Coming to America,"An African prince decides it’s time for him to find a princess... and his mission leads him and his most loyal friend to Queens, New York. In disguise as an impoverished immigrant, the pampered prince quickly finds himself a new job, new friends, new digs, new enemies and lots of trouble.",1988-06-29,117,en,"Comedy, Romance","new york city, fast food restaurant, prince, fake identity, heir to the throne, royal family, fish out of water, rich man, searching for love, rich family, satirical, pretending to be poor, absurd, hilarious, ambiguous, amused, exhilarated, familiar, melodramatic, african american romance, african royalty",30000000,288752301,14.6874,6.885,4894
330459,Rogue One: A Star Wars Story,A rogue band of resistance fighters unite for a mission to steal the Death Star plans and bring a new hope to the galaxy.,2016-12-14,133,en,"Action, Adventure, Science Fiction","rebellion, spacecraft, rebel, space battle, space travel, prequel, female protagonist, space western, suicide mission, robot, spin off, space opera, alien language, against the odds, blind man",200000000,1056057273,14.6576,7.51,16793
13648,Resident Evil: Degeneration,"Leon S. Kennedy and Claire Redfield must battle a rogue warrior seeking revenge after unleashing the deadly G-Virus, whilst a mutated monster goes on a rampage.",2008-02-13,97,ja,"Animation, Horror, Action, Science Fiction","biological weapon, dystopia, post-apocalyptic future, infection, zombie, based on video game, adult animation, anime, genetic mutation",0,403117,15.3724,6.809,1203
9340,The Goonies,"Young teen Mikey Walsh and his friends set off on a quest to find Pirate One-Eyed Willie's treasure in hopes of saving their homes from demolition. However, on their quest to find the treasure, they run into a family of recently escaped criminals, determined to capture the kids and reach the treasure first.",1985-06-07,114,en,"Adventure, Comedy, Family","gang of thieves, treasure map, oregon, usa, gunfight, pirate, childhood friends, booby trap, water slide, foreclosure, walking the plank, lost treasure, social outcast, pirate ship, henchmen",19000000,69649283,14.8764,7.513,6425
1624,Liar Liar,"Forced by his son's birthday wish, fast-talking attorney and habitual liar Fletcher Reede must tell the truth for the next 24 hours.",1997-03-21,86,en,"Comedy, Fantasy","california, workaholic, truth, honesty, liar, lawyer, courtroom, ex-husband ex-wife relationship, wishes come true, dramedy, lies, father son relationship, attorney, birthday wish, son's birthday, divorce court",45000000,302710615,14.6292,6.72,6428
942,Lethal Weapon 2,Riggs and Murtaugh are on the trail of South African diplomats using their immunity to engage in criminal activities.,1989-07-07,114,en,"Action, Thriller, Crime","showdown, police, loss of loved one, sequel, mixed martial arts (mma), gang, los angeles, california, police detective, buddy cop, diplomatic immunity, lapd, maverick cop, action hero, shooting",25000000,227853986,14.5204,7.0,3886
969492,Land of Bad,"When a Delta Force special ops mission goes terribly wrong, Air Force drone pilot Reaper has 48 hours to remedy what has devolved into a wild rescue operation. With no weapons and no communication other than the drone above, the ground mission suddenly becomes a full-scale battle when the team is discovered by the enemy.",2024-02-09,113,en,"Action, War, Thriller","brotherhood, air force, battle, behind enemy lines, special ops, rescue operation, life‑or‑death stakes, drone support, mission gone wrong, enemy fighters, tactical combat, intense firefights, constant pressure",18000000,7021101,15.9775,7.3,1600
9339,Click,"A married workaholic, Michael Newman doesn't have time for his wife and children, not if he's to impress his ungrateful boss and earn a well-deserved promotion. So when he meets Morty, a loopy sales clerk, he gets the answer to his prayers: a magical remote that allows him to bypass life's little distractions with increasingly hysterical results.",2006-06-23,107,en,"Comedy, Drama, Fantasy","dying and death, regret, workaholic, heart attack, architect, liposuction, time travel, remote control, obesity, hospital, wedding, dog, second chance, fatherhood, alternative reality, absurd, time jump",82500000,240685326,14.057,6.313,7785
1252309,Tell Me What You Want,"After his father's death, Eric Zimmerman travels to Spain to oversee his company's branches. In Madrid, he falls for Judith and engage in an intense, erotic relationship full of exploration. However, Eric fears his secret may end their affair.",2024-11-29,114,es,"Romance, Drama","spain, based on novel or book, woman director, erotic romance, cine español",0,2265661,14.9865,6.1,319
11932,Bride of Chucky,"For ten years, the tortured soul of serial killer Charles Lee Ray has been imprisoned inside a child's doll. Chucky is reborn when his old flame, Tiffany, rescues his battered doll parts from a police impound. But Chucky wants his new playmate cut down to size, so he transforms his blushing bride into a stunning little terror. Chucky and Tiffany can't wait to start their own homicidal honeymoon. When this demonic duo hits the road and hooks up with a pair of unsuspecting newlyweds, they leave a trail of murder and mayhem behind them. Chucky's back!",1998-10-15,89,en,"Horror, Comedy","voodoo, halloween, route 66, sequel, evil doll, killer doll, serial killer, slasher, doll, killer toys, toy comes to life, aggressive, possessed doll, supernatural power",25000000,50688658,14.7283,6.1,2169
4638,Hot Fuzz,"Former London constable Nicholas Angel finds it difficult to adapt to his new assignment in the sleepy British village of Sandford. Not only does he miss the excitement of the big city, but he also has a well-meaning oaf for a partner. However, when a series of grisly accidents rocks Sandford, Angel smells something rotten in the idyllic village.",2007-02-14,121,en,"Crime, Action, Comedy","countryside, police, village, arrest, parody, partner, murder, rural area, conspiracy, serial killer, gunfight, police force, buddy cop, buddy comedy, accident, cornetto trilogy",12000000,80600000,15.0349,7.571,8631
107846,Escape Plan,"Ray Breslin is the world's foremost authority on structural security. After analyzing every high security prison and learning a vast array of survival skills so he can design escape-proof prisons, his skills are put to the test. He's framed and incarcerated in a master prison he designed himself. He needs to escape and find the person who put him behind bars.",2013-10-09,115,en,"Action, Thriller","ship, prison warden, prison escape, escape artist, maximum security prison",50000000,137328301,15.3249,6.72,5753
9792,The Hills Have Eyes,"Based on Wes Craven's 1977 suspenseful cult classic, The Hills Have Eyes is the story of a family road trip that goes terrifyingly awry when the travelers become stranded in a government atomic zone. Miles from nowhere, the Carter family soon realizes the seemingly uninhabited wasteland is actually the breeding ground of a blood-thirsty mutant family...and they are the prey.",2006-03-10,107,en,"Horror, Thriller","van, rape, ambush, gas station, new mexico, gore, remake, serial killer, slasher, brutality, cannibal, killer, desert, family holiday, madness, reboot, ghost town, lost in the desert, nuclear testing, human monster",15000000,69623713,14.2578,6.49,3484
12133,Step Brothers,"Brennan Huff and Dale Doback might be grown men. But that doesn't stop them from living at home and turning into jealous, competitive stepbrothers when their single parents marry. Brennan's constant competition with Dale strains his mom's marriage to Dale's dad, leaving everyone to wonder whether they'll ever see eye to eye.",2008-07-25,98,en,Comedy,"becoming an adult, hostility, autonomy, childhood trauma, stepbrother, slacker, man child, buddy, aftercreditsstinger, duringcreditsstinger, absurd, disgusted, ridiculous",65000000,128100000,15.2365,6.562,3529
13207,Friday the 13th,A group of young adults visit a boarded up campsite named Crystal Lake where they soon encounter the mysterious Jason Voorhees and his deadly intentions.,2009-02-11,97,en,"Horror, Thriller","halloween, remake, slasher, cabin in the woods, axe murder, camp counselor, reboot",19000000,91509154,16.3618,5.777,2942
296524,Deepwater Horizon,"A story set on the offshore drilling rig Deepwater Horizon, which exploded during April 2010 and created the worst oil spill in U.S. history.",2016-09-28,107,en,"Drama, Action","rescue, sea, post-traumatic stress disorder (ptsd), based on true story, disaster, explosion, oil spill, trapped, oil rig , disaster movie, gulf of mexico, bp, melodramatic",110000000,121790376,13.944,6.904,5056
848326,Rebel Moon - Part One: A Child of Fire,"When the ruthless forces of the Motherworld threaten a quiet farming village on a distant moon, a mysterious outsider becomes its best hope for survival.",2023-12-15,134,en,"Science Fiction, Action, Adventure","rebellion, space war, space, female protagonist, militarism, space opera, family values, authoritarianism, space adventure, action hero, female warrior, political crisis, rebel gangs, alien spaceship, space vessel, awestruck",83000000,0,14.1229,6.215,2710
37136,The Naked Gun: From the Files of Police Squad!,"When the bumbling Lieutenant Frank Drebin investigates events following the shooting of his partner, he stumbles upon an attempt to assassinate Queen Elizabeth II.",1988-12-02,86,en,"Comedy, Crime","assassination, police, aquarium, baseball, satire, parody, slapstick comedy, los angeles, california, terrorism, illegal drugs, criminal investigation, buddy cop, hypnotize, anarchic comedy, good versus evil, based on tv series, exhilarated, bumbling detective",12000000,152356177,14.7404,7.278,4689
201085,Crimson Peak,"In the aftermath of a family tragedy, an aspiring author is torn between love for her childhood friend and the temptation of a mysterious outsider. Trying to escape the ghosts of her past, she is swept away to a house that breathes, bleeds… and remembers.",2015-10-13,119,en,"Horror, Mystery, Romance, Drama, Thriller","psychopath, poison, halloween, haunted house, mining, murder, gothic, incest, ghost, old mansion, gothic romance, brutal murder, dramatic, suspenseful, comforting, ghoulish",55000000,74700000,13.8208,6.66,5364
319,True Romance,"Clarence marries hooker Alabama, steals cocaine from her pimp, and tries to sell it in Hollywood, while the owners of the coke try to reclaim it.",1993-09-09,119,en,"Action, Crime, Romance","hotel, parent child relationship, movie business, detective, mexican standoff, pimp, cocaine, ex-cop, love, murder, on the run, mafia, comic book shop, los angeles, california, drugs, detroit, michigan, illegal prostitution, sicilian, gun violence, aspiring actor, neo-noir, intimate, love on the run, suspenseful, intense, comforting, euphoric",12500000,12600000,14.5589,7.5,3184
17578,The Adventures of Tintin,"Intrepid young reporter, Tintin, and his loyal dog, Snowy, are thrust into a world of high adventure when they discover a ship carrying an explosive secret. As Tintin is drawn into a centuries-old mystery, Ivan Ivanovitch Sakharine suspects him of stealing a priceless treasure. Tintin and Snowy, with the help of salty, cantankerous Captain Haddock and bumbling detectives, Thompson and Thomson, travel half the world, one step ahead of their enemies, as Tintin endeavors to find the Unicorn, a sunken ship that may hold a vast fortune, but also an ancient curse.",2011-10-24,107,en,"Adventure, Animation, Mystery","treasure, riddle, morocco, belgium, treasure hunt, liquor, based on comic, sunken treasure, reporter, belgian, motion capture, 1950s, 3d animation, excited",130000000,373993951,12.8608,6.933,5988
512195,Red Notice,"An Interpol-issued Red Notice is a global alert to hunt and capture the world's most wanted. But when a daring heist brings together the FBI's top profiler and two rival criminals, there's no telling what will happen.",2021-11-04,118,en,"Action, Comedy, Crime","fbi, interpol, cleopatra, heist, art thief",160000000,178143,15.8883,6.715,6648
400160,The SpongeBob Movie: Sponge on the Run,"When his best friend Gary is suddenly snatched away, SpongeBob takes Patrick on a madcap mission far beyond Bikini Bottom to save their pink-shelled pal.",2020-08-14,95,en,"Adventure, Animation, Comedy, Family, Fantasy","sequel, part live action, based on tv series, 3d animation",60000000,4810790,15.3383,7.39,3035
252,Willy Wonka & the Chocolate Factory,"When eccentric candy man Willy Wonka promises a lifetime supply of sweets and a tour of his chocolate factory to five lucky kids, penniless Charlie Bucket seeks the golden ticket that will make him a winner.",1971-06-29,100,en,"Family, Fantasy, Comedy","factory worker, factory, based on novel or book, chocolate, candy, overweight child, grandparent grandchild relationship, tv addicted person, affectation, chewing gum, musical, single, teacher, based on children's book, poor kid, eccentric man, grandfather grandson relationship, playful, irreverent, candy bar, absurd, whimsical, melodramatic, mocking, sarcastic",3000000,2361799,14.4414,7.483,4090
4476,Legends of the Fall,"In early 20th-century Montana, Col. William Ludlow lives on a ranch in the wilderness with his sons, Alfred, Tristan, and Samuel. Eventually, the unconventional but close-knit family are bound by loyalty, tested by war, and torn apart by love, as told over the course of several decades in this epic saga.",1994-12-23,133,en,"Drama, Western, Romance, War","sibling relationship, post-traumatic stress disorder (ptsd), based on novel or book, world war i, journey around the world, montana, loyalty, ranch, affectation, native american, tragedy, interracial marriage, sibling rivalry, falling in love, interracial friendship, 1910s, 1900s, political aspiration, father son relationship, brother brother relationship, prohibition, beautiful landscapes, u.s. army soldier",30000000,160638883,14.056,7.4,2954
9928,Robots,"Rodney Copperbottom is a young robot inventor who dreams of making the world a better place, until the evil Ratchet takes over Bigweld Industries. Now, Rodney's dreams – and those of his friends – are in danger of becoming obsolete.",2005-03-10,90,en,"Animation, Comedy, Family, Science Fiction","inventor, businessman, villain, steampunk, robot, dishonesty, 3d animation, whimsical, amused, hopeful",75000000,262511490,13.5493,6.509,5076
206487,Predestination,"Predestination chronicles the life of a Temporal Agent sent on an intricate series of time-travel journeys designed to prevent future killers from committing their crimes. Now, on his final assignment, the Agent must stop the one criminal that has eluded him throughout time and prevent a devastating attack in which thousands of lives will be lost.",2014-08-28,98,en,"Science Fiction, Thriller","mission, orphanage, pregnancy, bomber, secret organization, time travel, bartender, time machine, intersexuality, fate, terrorism, based on short story, loner, shocking, time paradox, philosophical, intersex, temporal agent, determinism, baffled, excited",5500000,5386852,13.9463,7.415,7347
9982,Chicken Little,"When the sky really is falling and sanity has flown the coop, who will rise to save the day? Together with his hysterical band of misfit friends, Chicken Little must hatch a plan to save the planet from alien invasion and prove that the world's biggest hero is a little chicken.",2005-11-04,81,en,"Animation, Family, Comedy","fish, small town, space marine, superhero, chicken, cartoon, alien, coming of age, computer animation, best friend, alien invasion, animals, duringcreditsstinger, spaceship, talking animal, 3d animation, awestruck",150000000,314400000,14.7337,5.922,4271
766,Army of Darkness,"Ash, a handsome, shotgun-toting, chainsaw-armed department store clerk, is time warped backwards into England's Dark Ages, where he romances a beauty and faces legions of the undead.",1992-10-31,89,en,"Fantasy, Horror, Comedy","witch, skeleton, swordplay, supermarket, prophecy, shotgun, halloween, castle, time travel, catapult, incantation, time frame, pit, windmill, undead, sequel, knight, zombie, chainsaw, middle ages (476-1453), book of the dead, evil dead, necronomicon, doppelgänger, psychotronic, disturbed, hero's journey, 13th century, isekai, mischievous, lovecraftian, witty, hilarious, admiring, dignified, enchant",11000000,21502976,13.4188,7.3,3691
686,Contact,"A radio astronomer receives the first extraterrestrial radio signal ever picked up on Earth. As the world powers scramble to decipher the message and decide upon a course of action, she must make some difficult decisions between her beliefs, the truth, and reality.",1997-07-11,150,en,"Drama, Science Fiction, Mystery","based on novel or book, nasa, extraterrestrial technology, new mexico, prime number, radio wave, wormhole, fanatic, spirituality, religion, scientist, sabotage, ham radio, astronomy, alien contact, mechanical engineering, observatory, eccentric man, radio telescope, defiant",90000000,171120329,13.4014,7.4,5205
340102,The New Mutants,"Five young mutants, just discovering their abilities while held in a secret facility against their will, fight to escape their past sins and save themselves.",2020-08-26,94,en,"Science Fiction, Horror","superhero, mutant, based on comic, superhero team, captivity, psychological drama, suspenseful, tense, audacious",67000000,49169594,13.8531,6.046,3826
967847,Ghostbusters: Frozen Empire,"The Spengler family returns to where it all started - the iconic New York City firehouse - to team up with the original Ghostbusters, who've developed a top-secret research lab to take busting ghosts to the next level. But when the discovery of an ancient artifact unleashes an evil force, Ghostbusters new and old must join forces to protect their home and save the world from a second Ice Age.",2024-03-20,115,en,"Fantasy, Adventure, Comedy","new york city, supernatural, halloween, ghostbuster, sequel, teenage girl, ghost, duringcreditsstinger, research laboratory, evil force, ice, monsters, ancient artifact, frozen apocalypse, paranormal expert, young ghostbuster, spectral invasion, family teamwork",100000000,201967521,14.267,6.426,2307
30497,The Texas Chain Saw Massacre,"Five friends head out to rural Texas to visit the grave of a grandfather. On the way, they stumble across what appears to be a deserted house, only to discover something sinister within. Something armed with a chainsaw.",1974-10-11,83,en,Horror,"van, gas station, sadistic, texas, leatherface, hitchhiker, slaughterhouse, slasher, chainsaw, cannibal, family, polaroid, grave robber, disturbed, cannibalism, psychological horror, suspenseful, vacation gone wrong, antagonistic, frightened, one day, b-horror, splatter horror",140000,30926225,15.0296,7.292,3974
581,Dances with Wolves,"Wounded Civil War soldier John Dunbar tries to commit suicide—and becomes a hero instead. As a reward, he's assigned to his dream post, a remote junction on the Western frontier, and soon makes unlikely friends with the local Sioux tribe.",1990-11-09,181,en,"Adventure, Drama, Western","friendship, mutiny, countryside, based on novel or book, unsociability, wolf, culture clash, self-discovery, freedom, desertion, language barrier, dakota, native american, kansas, usa, sioux, tennessee, snow, pawnee tribe, 19th century, lakota, bison, somber, early america, provocative, dramatic, intense, powerful",22000000,424208848,14.5067,7.84,4836
753342,Napoleon,"An epic that details the checkered rise and fall of French Emperor Napoleon Bonaparte and his relentless journey to power through the prism of his addictive, volatile relationship with his wife, Josephine.",2023-11-22,158,en,"History, War, Drama","empire, france, general, biography, napoleon bonaparte, based on true story, napoleonic wars, 18th century, 19th century, violence",165000000,222435664,13.5734,6.3,3271
936108,Smurfs,"When Papa Smurf is mysteriously taken by evil wizards, Razamel and Gargamel, Smurfette leads the Smurfs on a mission into the real world to save him. With the help of new friends, the Smurfs must discover what defines their destiny to save the universe.",2025-06-30,89,en,"Animation, Family, Fantasy","musical, portal, based on comic, shocking, live action and animation, estranged brother, abduction, brother brother relationship, adventure, amused, mocking, art shift",58000000,124157356,13.5418,5.7,290
44115,127 Hours,The true story of mountain climber Aron Ralston's remarkable adventure to save himself after a fallen boulder crashes on his arm and traps him in an isolated canyon in Utah.,2010-11-12,94,en,"Adventure, Drama, Thriller","canyon, based on novel or book, utah, photography, despair, hiking, biography, engineer, based on true story, alone, mountain biking, struggle for survival, trapped, boulder, cavern, video recorder, adventurer, disturbed, rock climbing, isolated, hikers, memories, hallucinations, desperation, distressing",18000000,35700000,13.0037,7.091,8314
267935,The BFG,"An orphan little girl befriends a benevolent giant who takes her to Giant Country, where they attempt to stop the man-eating giants that are invading the human world.",2016-06-01,117,en,"Adventure, Family, Fantasy","london, england, england, queen, little girl, orphan, cannibal, based on children's book, giant, candid, evil brother, live action remake, comforting",140000000,195243411,13.3304,6.287,3719
414,Batman Forever,"Batman faces off against two foes: the schizophrenic, horribly scarred former District Attorney Harvey Dent, aka Two-Face, and the Riddler, a disgruntled ex-Wayne Enterprises inventor seeking revenge against his former employer by unleashing his brain-sucking weapon on Gotham City's residents. As the caped crusader also copes with tortured memories of his parents' murder, he has a new romance, with psychologist Chase Meridian.",1995-06-16,121,en,"Action, Crime, Fantasy","riddle, superhero, villain, rose, based on comic, sequel, partner, robin, broken neck, psychologist, criminal, district attorney, millionaire, super power, falling down stairs, tied up, beretta, knocked out, disfigurement, father figure, good versus evil",100000000,336529144,14.2246,5.464,5764
71676,Ghost Rider: Spirit of Vengeance,"When the devil resurfaces with aims to take over the world in human form, Johnny Blaze reluctantly comes out of hiding to transform into the flame-spewing supernatural hero Ghost Rider -- and rescue a 10-year-old boy from an unsavory end.",2011-12-10,96,en,"Action, Fantasy, Thriller","dying and death, skeleton, angel, monk, superhero, anti hero, eastern europe, cult, pact with the devil, biker, based on comic, sequel, motorcycle, devil, demon, dark hero, flamethrower, super power, devil worship",57000000,132563930,13.9469,5.023,4204
1477317,Your Fault: London,"Nick and Noah are both embarking on life-changing adventures that are threatening to pull them apart—Nick in business with his father and Noah starting a fresh chapter at Oxford University. Now living separate lives, and meeting new people, they find themselves entangled in temptations, rivalries, and betrayals and their bond is tested like never before. As secrets unravel and temptation rises, they must fight to hold onto each other—or risk losing everything.",2026-06-17,123,en,"Romance, Drama","based on novel or book, sequel, steamy romance",0,0,15.0903,7.4,198
359940,"Three Billboards Outside Ebbing, Missouri","After seven months have passed without a culprit in her daughter's murder case, Mildred Hayes makes a bold move, painting three signs leading into her town with a controversial message directed at Bill Willoughby, the town's revered chief of police. When his second-in-command Officer Jason Dixon, an immature mother's boy with a penchant for violence, gets involved, the battle between Mildred and Ebbing's law enforcement is only exacerbated.",2017-12-01,115,en,"Crime, Drama","small town, police brutality, missouri, alcoholism, murder, cancer, teenage girl, police corruption, racism, biting, guilty conscience, angry, serious, grieving mother, tragic",15000000,162729321,13.7953,8.1,11211
725201,The Gray Man,"When a shadowy CIA agent uncovers damning agency secrets, he's hunted across the globe by a sociopathic rogue operative who's put a bounty on his head.",2022-07-13,128,en,"Action, Thriller","central intelligence agency (cia), based on novel or book, hitman, kidnapping, agent, rogue agent, hunted, ex-cia agent",200000000,454023,14.0901,6.902,4473
274855,Geostorm,"After an unprecedented series of natural disasters threatened the planet, the world's leaders came together to create an intricate network of satellites to control the global climate and keep everyone safe. But now, something has gone wrong: the system built to protect Earth is attacking it, and it becomes a race against the clock to uncover the real threat before a worldwide geostorm wipes out everything and everyone along with it.",2017-10-12,109,en,"Action, Science Fiction, Thriller","future, artificial intelligence (a.i.), weather manipulation, end of the world, murder, space, conspiracy, disaster, apocalypse, storm, space station, space shuttle, catastrophe, disaster movie, global threat, environmental disaster, overpopulated world",120000000,221600160,12.5838,6.127,5347
558,Spider-Man 2,"Peter Parker is going through a major identity crisis. Burned out from being Spider-Man, he decides to shelve his superhero alter ego, which leaves the city suffering in the wake of carnage left by the evil Doc Ock. In the meantime, Parker still can't act on his feelings for Mary Jane Watson, a girl he's loved since childhood. A certain anger begins to brew in his best friend Harry Osborn as well...",2004-06-25,127,en,"Action, Adventure, Science Fiction","new york city, dual identity, love of one's life, secret identity, superhero, pizza boy, based on comic, sequel, romance, doctor, scientist, tentacle, death, super villain, young adult",200000000,788976453,14.1397,7.333,16964
392044,Murder on the Orient Express,Genius Belgian detective Hercule Poirot investigates the murder of an American tycoon aboard the Orient Express train.,2017-11-03,114,en,"Mystery, Drama, Crime","princess, based on novel or book, venice, italy, professor, detective, investigation, orient express, knife, europe, remake, murder, snow, whodunit, train, stabbing, alps mountains, murder mystery, 1930s, steam train, istanbul",55000000,352800000,13.0951,6.705,10747
1214931,Nuremberg,"In postwar Germany, an American psychiatrist must determine whether Nazi prisoners are fit to go on trial for war crimes, and finds himself in a complex battle of intellect and ethics with Hermann Göring, Hitler's right-hand man.",2025-11-06,149,en,"History, Drama","based on novel or book, world war ii, nuremberg trials, based on true story, nuremberg, germany, post world war ii, historical drama, 1940s, hermann göring",11800000,37009109,13.7489,7.605,1438
37094,Falling Down,An ordinary man frustrated with the various flaws he sees in society begins to psychotically and violently lash out against them.,1993-02-26,113,en,"Crime, Drama, Thriller","detective, rocket launcher, fast food restaurant, retirement, traffic jam, gang, los angeles, california, divorce, anger, cynical, psychotic, inequality, road rage, urban decay, laid off, disturbed, aggressive, philosophical, unassuming, price gouging, person snapping, suspenseful, critical, intense, antagonistic, farcical",25000000,40903593,14.3274,7.4,4273
1000866,The Marching Band,"A world-famous orchestra conductor discovers the brother he never knew he had — a school cafeteria worker who plays trombone in a local marching band. Detecting his brother's exceptional musical talent, he takes it upon himself to rectify the injustice of fate.",2024-11-27,102,fr,"Comedy, Drama, Music","brotherhood, marching band, adopted, orchestra conductor, brother brother relationship, amused, sympathetic, tragic",6100000,26252618,18.1222,7.3,523
43947,I Spit on Your Grave,"A beautiful woman from the city, Jennifer Hills, rents an isolated cabin in the country to write her latest novel. Soon, a group of local lowlifes subject her to a nightmare of degradation, rape, and violence.",2010-06-17,108,en,"Thriller, Crime, Horror","rape, fondling, remake, revenge, writer, garden shears, rape and revenge, emasculation, audacious, splatter horror",2000000,572809,14.4331,6.51,2681
9739,Demolition Man,"In 1996, brash L.A. detective John Spartan and maniac killer Simon Phoenix are both sentenced to decades in a cryogenic prison as punishment for a rescue mission gone wrong. When Phoenix escapes 36 years later to wreak havoc on the future, Spartan is awakened to capture his nemesis the old-fashioned way.",1993-10-08,115,en,"Crime, Action, Science Fiction","future, martial arts, helicopter, police, psychopath, crime fighter, dystopia, museum, social control, cryogenics, utopia, fistfight, prison escape, product placement, betrayal, shootout, cyberpunk, explosion, foot chase, warden, subterranean, totalitarianism, censorship, culture shock, knitting, 2030s",57000000,159055768,13.7605,6.774,4287
576845,Last Night in Soho,"A young girl, passionate about fashion design, is mysteriously able to enter the 1960s where she encounters her idol, a dazzling wannabe singer. But 1960s London is not what it seems, and time seems to be falling apart with shady consequences.",2021-10-09,117,en,"Horror, Mystery, Thriller","london, england, nightmare, go-go dancer, time travel, nostalgia, fashion designer, murder, soho london, burlesque, clairvoyant, fashion design, mysterious, 1960s, somber, mirror, pub, psychological horror, suspenseful, amused, audacious",43000000,22957625,13.0297,7.256,4042
37834,Knight and Day,"A fugitive couple goes on a glamorous and sometimes deadly adventure where nothing and no one – even themselves – are what they seem. Amid shifting alliances and unexpected betrayals, they race across the globe, with their survival ultimately hinging on the battle of truth vs. trust.",2010-06-15,109,en,"Action, Comedy","central intelligence agency (cia), airport, inventor, kidnapping, boston, massachusetts, spy, traitor, invention, protection, betrayal, on the run, fish out of water, train, attraction, boy genius, drugged, tropical island, crash landing, airplane trip, duringcreditsstinger, motorcycle chase, seville, spain, unassuming, action comedy, lighthearted, rogue spy, salzburg, austria",117000000,261989769,14.446,6.239,5047
80278,The Impossible,"In December 2004, close-knit family Maria, Henry and their three sons begin their winter vacation in Thailand. But the day after Christmas, the idyllic holiday turns into an incomprehensible nightmare when a terrifying roar rises from the depths of the sea, followed by a wall of black water that devours everything in its path. Though Maria and her family face their darkest hour, unexpected displays of kindness and courage ameliorate their terror.",2012-09-09,113,en,"Drama, Thriller, History","human vs nature, natural disaster, thailand, based on true story, tsunami, historical fiction, family vacation, struggle for survival, survival horror, tidal wave, catastrophe, swept away, separation from family, boxing day, disaster movie, shocking, whitewashing, man vs nature",45000000,198100000,13.9853,7.379,6868
565,The Ring,Journalist Rachel Keller investigates a strange videotape that may be behind the untimely deaths of four teenagers. There is an urban legend about this tape: the viewer will die seven days after watching it. Rachel tracks down the video... and watches it. Now she has just seven days to unravel the mystery of the Ring in order to save herself and her son.,2002-10-18,115,en,"Horror, Mystery","journalist, island, drowning, investigation, supernatural, horse, telephone, paranormal, remake, urban legend, curse, female protagonist, cabin in the woods, ghost, well, videotape, mysterious death, terrifying, absurd, intense",48000000,249348933,13.4755,6.709,6894
1263532,Beast Race,"In future Rio de Janeiro, a young leader of the resistance must enter a deadly parkour-inspired competition in order to save his sister's life.",2026-03-17,124,pt,"Action, Science Fiction, Thriller","bet, dystopia, post-apocalyptic future, parkour, game, dark future, running race, social inequality, futuro distópico, dying race",0,0,12.0372,6.9,124
189,Sin City: A Dame to Kill For,Some of Sin City's most hard-boiled citizens cross paths with a few of its more reviled inhabitants.,2014-08-20,102,en,"Action, Crime, Thriller","detective, dystopia, dominatrix, sequel, murder, twins, based on graphic novel, neo-noir",65000000,39407616,13.1324,6.401,4277
614934,Elvis,"The life story of Elvis Presley as seen through the complicated relationship with his enigmatic manager, Colonel Tom Parker.",2022-06-22,159,en,"Music, History, Drama","rock 'n' roll, biography, singer, music business, rock singer, 1950s, famous song, joyous, apathetic, joyful, biographical, biopic",85000000,288670284,13.3521,7.439,4033
12405,Slumdog Millionaire,"A teenager reflects on his life after being accused of cheating on the Indian version of ""Who Wants to be a Millionaire?"".",2008-11-12,121,en,"Drama, Romance","based on novel or book, slum, cheating, suspicion, mumbai (bombay), india, game show, quiz, orphan, duringcreditsstinger, taj mahal, india, defiant",15000000,378400000,12.5022,7.726,11618
298,Ocean's Thirteen,"Danny Ocean's team of criminals are back and composing a plan more personal than ever. When ruthless casino owner Willy Bank doublecrosses Reuben Tishkoff, causing a heart attack, Danny Ocean vows that he and his team will do anything to bring down Willy Bank along with everything he's got. Even if it means asking for help from an enemy.",2007-06-05,122,en,"Crime, Thriller","casino, heart attack, con man, master thief, hidden camera, sequel, revenge, las vegas, double cross, diamond heist, explosives expert, pretending to be rich, labor strike, security system, casino owner, professional thief, artificial earthquake, master plan, computer hacker, robbery crew, contortionist, grand opening",85000000,311312624,14.4668,6.732,7100
447404,Pokémon Detective Pikachu,"In a world where people collect pocket-size monsters (Pokémon) to do battle, a boy comes across an intelligent monster who seeks to be a detective.",2019-05-03,105,en,"Action, Adventure, Fantasy","amnesia, detective, car crash, whodunit, based on video game, missing person, missing parent, buddy comedy, neo-noir, live action and animation, amused",150000000,450063166,13.2676,6.896,7531
5925,The Great Escape,"The Nazis, exasperated at the number of escapes from their prison camps by a relatively small number of Allied prisoners, relocate them to a high-security 'escape-proof' camp to sit out the remainder of the war. Undaunted, the prisoners plan one of the most ambitious escape attempts of World War II. Based on a true story.",1963-07-03,173,en,"Adventure, Drama, War","prison, uniform, swastika, prisoner, based on novel or book, nazi, escape, optimism, freedom, machinegun, switzerland, shower, dystopia, baseball, world war ii, prisoner of war, claustrophobia, attempt to escape, barbed wire, based on true story, prison guard, prison escape, tragedy, solitary confinement, motorcycle, alps mountains, british officer, 1940s, luftwaffe, soldiers, audacious, hopeful",4000000,11700000,14.373,7.9,2953
379149,The Foreigner,Quan is a humble London businessman whose long-buried past erupts in a revenge-fueled vendetta when the only person left for him to love – his teenage daughter – dies in an Irish Republican Army car bombing. His relentless search to find the terrorists leads to a cat-and-mouse conflict with a British government official whose own past may hold the clues to the identities of the elusive killers.,2017-09-28,114,en,"Action, Thriller, Crime","martial arts, london, england, based on novel or book, restaurant owner, ira (irish republican army), ireland, united kingdom, bomb explosion, grieving father, revenge thriller, hidden past, political conspiracy, personal vendetta, quest for justice, counterterrorism unit, high‑stakes drama, father’s revenge",35000000,145374099,13.0329,6.98,3038
841,Dune,"In the year 10,191, the most precious substance in the universe is the spice Melange. The spice extends life. The spice expands consciousness. The spice is vital to space travel.  The spice exists on only one planet in the entire universe, the vast desert planet Arrakis, also known as Dune.  Its native inhabitants, the Fremen, have long held a prophecy that a man would come, a messiah who would lead them to true freedom.",1984-12-14,136,en,"Action, Science Fiction, Adventure","witch, empire, galaxy, rebellion, future, space marine, army, monster, based on novel or book, prophecy, atomic bomb, mutation, telepathy, traitor, dystopia, emperor, insurgence, space travel, space war, spice, duke, chosen one, jihad, invasion, baron, steampunk, conflict, execution, explosion, fictional war, drugs, desert, incest, giant worm, space opera, future war, messiah, denunciation, lies, suspenseful, excited",40000000,31502434,15.315,6.2,3556
158852,Tomorrowland,"Bound by a shared destiny, a bright, optimistic teen bursting with scientific curiosity and a former boy-genius inventor jaded by disillusionment embark on a danger-filled mission to unearth the secrets of an enigmatic place somewhere in time and space that exists in their collective memory as ""Tomorrowland.""",2015-05-19,130,en,"Adventure, Family, Mystery, Science Fiction","inventor, apocalypse, destiny, dreamer, quest, futuristic car, futuristic city, uplifting, superversive",190000000,209200000,13.2061,6.312,7517
205775,In the Heart of the Sea,"In the winter of 1820, the New England whaling ship Essex is assaulted by something no one could believe—a whale of mammoth size and will, and an almost human sense of vengeance.",2015-12-03,122,en,"Thriller, Drama, Adventure, Action, History","sea, suicide, ship, ocean, whale, shipwreck, hunger, based on true story, survival, stranded, cannibal, whaling, death, new england, lost at sea, whaling ship, starvation, 19th century, whale oil, nantucket",100000000,93900000,14.6945,6.791,4520
13600,City of Ember,"For generations, the people of the City of Ember have flourished in an amazing world of glittering lights. But Ember's once powerful generator is failing and the great lamps that illuminate the city are starting to flicker. Now, two teenagers, in a race against time, must search Ember for clues that will unlock the ancient mystery of the city's existence, before the the lights go out forever.",2008-10-07,95,en,"Adventure, Family, Fantasy","underground world, dystopia, mayor, post-apocalyptic future, puzzle, steampunk, box, pipeworks",55000000,17869048,14.4662,6.4,1960
1584,The School of Rock,"Fired from his band and hard up for cash, guitarist and vocalist Dewey Finn finagles his way into a job as a fifth-grade substitute teacher at a private school, where he secretly begins teaching his straight-A students the finer points of rock 'n' roll and the power of sticking it to the man. But as the school’s stern principal closes in and the Battle of the Bands looms, Dewey must risk everything to prove that rock 'n' roll can change lives.",2003-10-03,110,en,"Comedy, Family, Music","rock 'n' roll, musician, private school, music competition, substitute teacher, elementary school, teacher, rock music, contest, rock band, rock concert, hilarious, amused, awestruck, comforting",35000000,131098967,14.0683,7.09,6401
36643,The World Is Not Enough,"Greed, revenge, world dominance and high-tech terrorism – it's all in a day's work for Bond, who's on a mission to protect a beautiful oil heiress from a notorious terrorist. In a race against time that culminates in a dramatic submarine showdown, Bond works to defuse the international power struggle that has the world's oil supply hanging in the balance.",1999-11-17,128,en,"Adventure, Action, Thriller","mission, london, england, submarine, oil, boat chase, mi6, heiress, bilbao, spain, british secret service, snowmobile, azerbaijan, james bond",135000000,361832400,14.6608,6.3,3383
68737,Seventh Son,"John Gregory, who is a seventh son of a seventh son and also the local spook, has protected the country from witches, boggarts, ghouls and all manner of things that go bump in the night. However John is not young anymore, and has been seeking an apprentice to carry on his trade. Most have failed to survive. The last hope is a young farmer's son named Thomas Ward.",2014-12-12,102,en,"Adventure, Fantasy","based on novel or book, magic, chosen one, witch hunt, dark fantasy, evil witch, sword and sorcery, based on young adult novel",95000000,114178613,14.2307,5.531,2717
2024,The Patriot,"After proving himself on the field of battle in the French and Indian War, Benjamin Martin wants nothing more to do with such things, preferring the simple life of a farmer. But when his son Gabriel enlists in the army to defend their new nation, America, against the British, Benjamin reluctantly returns to his old life to protect his son.",2000-06-28,165,en,"Drama, History, War, Action","daughter, mission, general, southern usa, loss of loved one, rebel, patriotism, insurgence, gore, south carolina, based on true story, sword fight, historical fiction, soldier, patriot, 18th century, american revolution, revolutionary war",110000000,215294342,14.4119,7.2,4499
396422,Annabelle: Creation,"Several years after the tragic death of their little girl, a doll maker and his wife welcome a nun and several girls from a shuttered orphanage into their home, soon becoming the target of the doll maker's possessed creation—Annabelle.",2017-08-03,110,en,Horror,"halloween, prequel, evil doll, demon, spin off, demonic possession, ghost, aftercreditsstinger, duringcreditsstinger",15000000,306592201,12.2151,6.6,6102
8960,Hancock,"Hancock is a down-and-out superhero who's forced to employ a PR expert to help repair his image when the public grows weary of all the damage he's inflicted during his lifesaving heroics. The agent's idea of imprisoning the antihero to make the world miss him proves successful, but will Hancock stick to his new sense of purpose or slip back into old habits?",2008-07-01,92,en,"Fantasy, Action","love of one's life, flying, alcohol, advertising expert, superhero, pokies, forbidden love, lovers, invulnerability, affection, alcoholism, los angeles, california, duringcreditsstinger, desperate",150000000,629400000,11.8094,6.357,10512
9023,Spirit: Stallion of the Cimarron,A captured mustang remains determined to return to his herd no matter what.,2002-05-24,83,en,"Animation, Adventure, Family, Drama, Western","freedom, villain, mustang, rivalry, wildlife, animals, cavalry, indian war, eyebrow, wild horse, pets, sentimental, comforting, melodramatic",80000000,122563539,14.2316,7.7,5033
871,Planet of the Apes,"Astronaut Taylor crash lands on a distant planet ruled by apes who use a primitive race of humans for experimentation and sport. Soon Taylor finds himself among the hunted, his life in the hands of a benevolent chimpanzee scientist.",1968-02-07,112,en,"Science Fiction, Adventure, Drama, Action","space marine, bondage, human evolution, based on novel or book, gorilla, dystopia, chimpanzee, slavery, time travel, space travel, distant future, apocalypse, astronaut, ape, human subjugation, authoritarian, callous, demeaning, hopeful, mean spirited, apes",5800000,32589624,15.4132,7.657,4127
95,Armageddon,"When an asteroid threatens to collide with Earth, NASA honcho Dan Truman determines the only way to stop it is to drill into its surface and detonate a nuclear bomb. This leads him to renowned driller Harry Stamper, who agrees to helm the dangerous space mission provided he can bring along his own hotshot crew. Among them is the cocksure A.J. who Harry thinks isn't good enough for his daughter, until the mission proves otherwise.",1998-07-01,151,en,"Action, Science Fiction, Adventure","daughter, race against time, space marine, moon, washington dc, usa, saving the world, cataclysm, paris, france, asteroid, self sacrifice, nasa, loss of loved one, natural disaster, u.s. air force, end of the world, space, disaster, wedding, astronaut, duringcreditsstinger, disaster movie, heroic mission, aggressive, daring rescue, space centre, somber, bold, cliché",140000000,553799566,13.6693,6.833,8858
1242011,Together,"Years into their relationship, Tim and Millie find themselves at a crossroads as they move to the country, abandoning all that is familiar in their lives except each other. With tensions already flaring, a nightmarish encounter with a mysterious, unnatural force threatens to corrupt their lives, their love, and their flesh.",2025-07-14,102,en,"Horror, Romance","countryside, musician, cave, cult, woods, romance, teacher, church, couple, psychotic, supernatural horror, body horror, psychological horror, baffled",17000000,34747399,13.3215,6.9,1369
81005,Jack the Giant Slayer,"The story of an ancient war that is reignited when a young farmhand unwittingly opens a gateway between our world and a fearsome race of giants. Unleashed on the Earth for the first time in centuries, the giants strive to reclaim the land they once lost, forcing the young man, Jack into the battle of his life to stop them. Fighting for a kingdom, its people, and the love of a brave princess, he comes face to face with the unstoppable warriors he thought only existed in legend–and gets the chance to become a legend himself.",2013-02-27,114,en,"Fantasy, Action, Adventure","nostalgic, based on fairy tale, giant, cliché",195000000,197700000,14.3269,5.9,5368
2019,Hard Target,"When a woman's father goes missing, she enlists a local to aid in her search.  The pair soon discover that her father has died at the hands of a wealthy sportsman who hunts homeless men as a form of recreation.",1993-04-27,99,en,"Action, Thriller, Crime","martial arts, showdown, psychopath, new orleans, louisiana, mercenary, fistfight, money, organized crime, drifter, one man army, union, one against many, sailor, warrior, human prey, action hero, manhunt",18000000,74189677,14.4071,6.512,1396
9902,Wrong Turn,"Chris crashes into a carload of other young people, and the group of stranded motorists is soon lost in the woods of West Virginia, where they're hunted by three cannibalistic mountain men who are grossly disfigured by generations of inbreeding.",2003-05-30,84,en,"Horror, Thriller","life and death, loss of loved one, job interview, mountain, gore, forest, west virginia, slasher, hillbilly, cannibal, car wreck, survival horror, duringcreditsstinger, voyeur, inbreed, road, cannibalism",12600000,28650575,13.2065,6.4,3124
929,Godzilla,"French nuclear tests irradiate an iguana into a giant monster that viciously attacks freighter ships in the Pacific Ocean. A team of experts, including Niko Tatopoulos, conclude that the oversized reptile is the culprit. Before long, the giant lizard is loose in Manhattan as the US military races to destroy the monster before it reproduces and it's spawn takes over the world.",1998-05-20,138,en,"Science Fiction, Action, Thriller","new york city, atomic bomb, missile, intelligence, pregnancy, destroy, boat accident, giant monster, atomic bomb test, us army, flowerpot, creature, kaiju, military, animal horror, godzilla, disrespectful",130000000,379014294,14.1702,5.659,4371
1581,The Holiday,"Two women, one American and one British, swap homes at Christmastime following bad breakups. Each woman finds romance with a local man but realizes that the imminent return home may end the relationship.",2006-12-05,136,en,"Comedy, Romance","london, england, holiday, movie business, christmas party, country house, vacation, surrey, romance, los angeles, california, multiple storylines, woman director, christmas, christmas romance, house swapping, holiday romance, bold, vibrant",85000000,205233866,14.3123,7.1,5759
966,The Magnificent Seven,An oppressed Mexican peasant village hires seven gunfighters to help defend their homes.,1960-10-12,128,en,Western,"friendship, gunslinger, village, horse, mercenary, remake, bandit, farmer, cowboy, hired gun, inspirational",2000000,19500000,14.2132,7.5,2059
400535,Sicario: Day of the Soldado,Agent Matt Graver teams up with operative Alejandro Gillick to prevent Mexican drug cartels from smuggling terrorists across the United States border.,2018-06-27,122,en,"Action, Crime, Thriller","rescue, central intelligence agency (cia), corruption, usa–mexico border, sequel, shootout, explosion, brutality, black ops, sign languages, neo-noir, drug war, mexican cartel, covert operations, cartel warfare",35000000,75836683,13.3052,6.9,4208
4614,The Sum of All Fears,"When the president of Russia suddenly dies, a man whose politics are virtually unknown succeeds him. The change in political leaders sparks paranoia among American CIA officials, so CIA director Bill Cabot recruits a young analyst to supply insight and advice on the situation. Then the unthinkable happens: a nuclear bomb explodes in a U.S. city, and America is quick to blame the Russians.",2002-05-31,124,en,"Thriller, Action, Drama","central intelligence agency (cia), usa president, based on novel or book, atomic bomb, spy, cold war, intelligence, chechnya, intelligence agency, nuclear explosion, terrorism, jack ryan, ex military, russian president, baltimore, maryland, cia analyst, arms inspection, imminent threat",68000000,193921372,13.7689,6.376,2047
238615,Self/less,An extremely wealthy elderly man dying from cancer undergoes a radical medical procedure that transfers his consciousness to the body of a healthy young man but everything may not be as good as it seems when he starts to uncover the mystery of the body's origins and the secret organization that will kill to keep its secrets.,2015-07-10,117,en,"Science Fiction, Action, Thriller","immortality, lie, terminal illness, laboratory, cancer, transhumanism, doctor, body-swap, death, false memory, soul transference, rich man, mind transfer, host body, body snatching, eternal",26000000,31807156,13.515,6.426,3379
762441,A Quiet Place: Day One,"As New York City is invaded by alien creatures who hunt by sound, a woman named Sam fights to survive with her cat.",2024-06-26,100,en,"Horror, Science Fiction, Thriller","escape, cat, alien, prequel, survival, survivalist, fear, alien invasion, spin off, survival horror, alien monster, noise, silence, quiet, sci-fi horror",67000000,261907653,14.2429,6.629,3588
395990,Death Wish,A mild-mannered father is transformed into a killing machine after his family is torn apart by a violent act.,2018-03-01,107,en,"Action, Crime, Thriller, Drama","robbery, based on novel or book, police, gun, kidnapping, detective, remake, vigilante, shootout, dark hero, criminal, death of wife, father daughter relationship, vigilante justice, provocative",30000000,34017028,13.2706,6.239,2895
858017,I Saw the TV Glow,"In late-90s suburbia, a lonely teenager meets a girl at school who introduces him to a mysterious late-night T.V. show — a vision of a supernatural world pulsing beneath their own. As time goes on, however, questions begin to arise about why the show sometimes seems more real than their own lives. In the pale glow of the television, their view of reality begins to crack.",2024-05-03,100,en,"Drama, Horror","high school, friendship, loss of sense of reality, sexuality, identity, obsession, surrealism, asthma, sleepover, nostalgia, buried alive, suburbia, coming of age, loneliness, arcade, vhs, tv show in film, guilt, lgbt, lgbt teen, nostalgic, planetarium, running away, gender dysphoria, existentialism, disturbed, 1990s, repression, escapism, desperate, subconscious, 2000s, 2010s, gay theme, queer horror, movie theater, bar, independent film, body horror, teenager, liminal space, nonbinary director, romantic, earnest, hopeful, tragic",10000000,5407916,13.3828,6.206,808
13186,Wrong Turn 2: Dead End,Retired military commander Colonel Dale Murphy hosts the simulated post-apocalyptic reality show where participants are challenged to survive a remote West Virginia wasteland. But the show turns into a nightmarish showdown when each realizes they are being hunted by an inbred family of cannibals determined to make them all dinner!,2007-08-25,97,en,"Horror, Thriller","competition, dynamite, forest, west virginia, sequel, woods, road accident, slasher, cannibal, incest, survival horror, ex soldier, voyeur, genetic mutation",4000000,0,12.2094,6.18,1621
9543,Prince of Persia: The Sands of Time,"A rogue prince reluctantly joins forces with a mysterious princess and together, they race against dark forces to safeguard an ancient dagger capable of releasing the Sands of Time – gift from the gods that can reverse time and allow its possessor to rule the world.",2010-05-19,116,en,"Adventure, Fantasy, Action","persia, sandstorm, brother against brother, armageddon, based on video game",200000000,336365676,13.6218,6.313,7350
391713,Lady Bird,"Lady Bird McPherson, a strong willed, deeply opinionated, artistic 17 year old comes of age in Sacramento. Her relationship with her mother and her upbringing are questioned and tested as she plans to head off to college.",2017-09-01,94,en,"Drama, Comedy","friendship, loss of virginity, coming of age, teen angst, high school graduation, teenage girl, best friend, loss of job, high school student, catholic school, first love, semi autobiographical, sacramento, woman director, father daughter relationship, mother daughter relationship, college applications, 2000s, inspirational",10000000,79000000,14.3042,7.2,9187
552178,Dark Waters,"A tenacious attorney uncovers a dark secret that connects a growing number of unexplained deaths to one of the world's largest corporations. In the process, he risks everything — his future, his family, and his own life — to expose the truth.",2019-11-22,127,en,"Drama, Thriller","pollution, grave, biography, based on true story, lawsuit, west virginia, cancer, lawyer, biting, farmer, water pollution, government corruption, mysterious, paranoid, grim, 1990s, somber, based on magazine, newspaper or article, anxious, legal thriller, chemical contamination, blood test, clinical, suspenseful, critical, foreboding, ominous",20000000,13601384,14.0629,7.5,2622
9334,The Scorpion King,"In ancient Egypt, peasant Mathayus is hired to exact revenge on the powerful Memnon and the sorceress Cassandra, who are ready to overtake Balthazar's village. Amid betrayals, thieves, abductions and more, Mathayus strives to bring justice to his complicated world.",2002-04-18,92,en,"Action, Adventure, Fantasy","egypt, temple, magic, sword fight, prequel, battlefield, fictional war, spin off, desert, ancient egypt, tyrant, warrior, action hero, sword and sorcery, supernatural power, assertive",60000000,165333180,12.3175,5.6,3469
11778,The Deer Hunter,"Three steelworkers enlist in the army and are sent to Vietnam, one leaving behind a rushed marriage, the others a shared love. What they encounter during the war changes their lives forever.",1978-12-08,183,en,"Drama, War","vietnam war, vietnam veteran, small town, suicide, vietnam, post-traumatic stress disorder (ptsd), escape, pennsylvania, usa, saigon, friends, russian roulette, wedding, deer hunting, steel worker, anti war, revolver, drunkenness, viet cong, romantic triangle, complex, friends love same woman, prisoner of war camp, slavic american",15000000,49000000,14.1823,8.0,4400
49520,The Change-Up,"Lifelong friends Dave and Mitch are envious of the other's life. Mitch thinks Dave has it all: a beautiful, loving family and a high-paying job at a prestigious law firm. But Dave thinks Mitch’s stress-free playboy life without obligation or consequence is the real dream come true. One fateful drunken night, they both admit that they wish they had the other’s life while peeing in a fountain when lightning strikes. The next morning, they wake up, hungover, in each other’s bodies! With time not on their side, Mitch and Dave comically struggle to avoid completely destroying each other’s lives before they can find a way to get their old ones back.",2011-08-05,112,en,Comedy,"jealousy, bachelor, fountain, sarcasm, wish, slacker, lawyer, co-workers relationship, twins, body-swap, envy, opposites, duringcreditsstinger, aspiring actor, family man, body switch, weed, job switch, best friends, lifelong friendship, living the dream",52000000,75500000,13.1367,6.158,3065
602734,Spiral: From the Book of Saw,"Working in the shadow of an esteemed police veteran, brash Detective Ezekiel “Zeke” Banks and his rookie partner take charge of a grisly investigation into murders that are eerily reminiscent of the city’s gruesome past.  Unwittingly entrapped in a deepening mystery, Zeke finds himself at the center of the killer’s morbid game.",2021-05-12,93,en,"Horror, Mystery","sequel, murder, police corruption, survival horror, body count, procedural, father son relationship, mystery killings, murder of a policeman, death game",20000000,40618920,13.5529,5.881,2375
499701,Dora and the Lost City of Gold,"Dora, a girl who has spent most of her life exploring the jungle with her parents, now must navigate her most dangerous adventure yet: high school. Always the explorer, Dora quickly finds herself leading Boots (her best friend, a monkey), Diego, and a rag tag group of teens on an adventure to save her parents and solve the impossible mystery behind a lost Inca civilization.",2019-08-08,102,en,"Family, Comedy, Adventure","peru, museum, fox, based on cartoon, jungle, lost city, quicksand, monkey, lost civilization, teenage protagonist, playful, based on tv series, live action, admiring, amused, appreciative, enthusiastic",49000000,120600000,14.6459,6.6,1869
289,Casablanca,"In Casablanca, Morocco in December 1941, a cynical American expatriate meets a former lover, with unforeseen complications.",1943-01-15,102,en,"Drama, Romance","corruption, nazi, escape, love triangle, resistance, spy, patriotism, casablanca, morocco, vichy regime, visa, nationalism, world war ii, morocco, film noir, black and white, war, psychological drama, romantic",878000,10462500,13.8792,8.14,6246
10200,The Day the Earth Stood Still,"A representative of an alien race that went through drastic evolution to survive its own climate change, Klaatu comes to Earth to assess whether humanity can prevent the environmental damage they have inflicted on their own planet. When barred from speaking to the United Nations, he decides humankind shall be exterminated so the planet can survive.",2008-12-10,104,en,"Drama, Science Fiction, Thriller","spacecraft, government, panic, extraterrestrial technology, ultimatum, evacuation, tank, alien, remake, ufo, end of the world, social commentary, giant robot, power outage, interrogation, environmentalism, threat, alien contact, messenger, nanobots, disintegration",80000000,233093859,12.9255,5.668,3893
157433,Pet Sematary,"Dr. Louis Creed and his wife, Rachel, move from Boston to Ludlow, in rural Maine, with their two young children. Hidden in the woods near the new family home, Ellie, their eldest daughter, discovers a mysterious cemetery where the pets of community members are buried.",2019-04-04,101,en,Horror,"husband wife relationship, countryside, based on novel or book, cat, remake, tragedy, maine, zombie, pet cemetery, indian burial ground, neighbor neighbor relationship, pets, father daughter relationship, traumatized woman",21000000,113118226,13.6869,5.736,3516
341174,Fifty Shades Darker,"When a wounded Christian Grey tries to entice a cautious Ana Steele back into his life, she demands a new arrangement before she will give him another chance. As the two begin to build trust and find stability, shadowy figures from Christian’s past start to circle the couple, determined to destroy their hopes for a future together.",2017-02-08,118,en,"Drama, Romance","based on novel or book, boat, eroticism, kiss, sequel, bdsm, dreary",55000000,381545846,13.3156,6.468,8014
375262,The Favourite,"England, early 18th century. The close relationship between Queen Anne and Sarah Churchill is threatened by the arrival of Sarah's cousin, Abigail Hill, resulting in a bitter rivalry between the two cousins to be the Queen's favourite.",2018-11-23,120,en,"History, Comedy, Drama","great britain, queen, rivalry, rabbit, lgbt, 18th century, cousin relationship, duchess, palace intrigue, aristocracy, british monarchy, war of the spanish succession, drop disease, queen anne",15000000,95918706,14.5807,7.5,6058
3981,What Women Want,"Advertising executive Nick Marshall is as cocky as they come, but what happens to a chauvinistic guy when he can suddenly hear what women are thinking? Nick gets passed over for a promotion, but after an accident enables him to hear women's thoughts, he puts his newfound talent to work against Darcy, his new boss, who seems to be infatuated with him.",2000-12-15,127,en,"Comedy, Romance","telepathy, romcom, womanizer, single father, super power, teenage daughter, misogyny, advertising executive, woman director, female psyche, romantic, amused, appreciative",70000000,374100000,14.4933,6.451,4549
294272,Pete's Dragon,"For years, old wood carver Mr. Meacham has delighted local children with his tales of the fierce dragon that resides deep in the woods of the Pacific Northwest. To his daughter, Grace, who works as a forest ranger, these stories are little more than tall tales... until she meets Pete, a mysterious 10-year-old with no family and no home who claims to live in the woods with a giant, green dragon named Elliott. And from Pete's descriptions, Elliott seems remarkably similar to the dragon from Mr. Meacham's stories. With the help of Natalie, an 11-year-old girl whose father Jack owns the local lumber mill, Grace sets out to determine where Pete came from, where he belongs, and the truth about this dragon.",2016-08-10,103,en,"Adventure, Family, Fantasy","feral child, remake, dragon, orphan, 1980s, live action and animation, live action remake",65000000,143695338,13.594,6.4,2379
482321,Ron's Gone Wrong,"In a world where walking, talking, digitally connected bots have become children's best friends, an 11-year-old finds that his robot buddy doesn't quite work the same as the others do.",2021-10-14,107,en,"Animation, Science Fiction, Family, Comedy","family, best friend forever",57000000,60692022,14.6494,7.849,2080
59967,Looper,"In the year 2044, time travel has not yet been invented but in 30 years it will have been. When the mob wants to get rid of someone, they will send their target into the past where a looper, a hired gun, like Joe is waiting to mop up. Joe is getting rich and life is good until the day the mob decides to close the loop, sending back Joe's future self for assassination.",2012-09-26,118,en,"Action, Thriller, Science Fiction","future, suicide, assassin, dystopia, drug addiction, time travel, retirement, tragedy, murder, organized crime, execution, criminal, contract killer, neo-noir, 2040s, suspenseful",30000000,47042000,12.5156,6.918,11219
1991,Death Proof,"Austin's hottest DJ, Jungle Julia, sets out into the night to unwind with her two friends Shanna and Arlene. Covertly tracking their moves is Stuntman Mike, a scarred rebel leering from behind the wheel of his muscle car, revving just feet away.",2007-05-22,113,en,"Action, Thriller","sports car, sadism, psychopath, disc jockey, ladykiller, exploitation, gore, stunt, female friendship, women's prison, stalker, stuntman, grindhouse, beaten to death, slasher, sadist, cynical, killer car, macabre, duringcreditsstinger, angry, aggressive, domineering, frantic, malicious, mischievous, bloody, april march, hilarious, intense, sinister, apathetic, audacious, cruel, enraged, harsh, mean spirited, powerful",25000000,31126421,14.2567,6.8,5814
7451,xXx,"Xander Cage is your standard adrenaline junkie with no fear and a lousy attitude. When the US Government ""recruits"" him to go on a mission, he's not exactly thrilled. His mission: to gather information on an organization that may just be planning the destruction of the world, led by the nihilistic Yorgi.",2002-08-09,124,en,"Action, Adventure, Thriller, Crime, Drama","mission, biological weapon, sports car, cold war, prague, czech republic, nsa agent, adrenaline junkie, thrill seeker",70000000,277448382,13.654,5.989,5041
7484,Open Season,"Boog, a domesticated 900lb. Grizzly bear finds himself stranded in the woods 3 days before Open Season. Forced to rely on Elliot, a fast-talking mule deer, the two form an unlikely friendship and must quickly rally other forest animals if they are to form a rag-tag army against the hunters.",2006-09-27,86,en,"Animation, Family, Adventure, Comedy","hunter, chase, bunny, garage, mountain, grizzly bear, villain, forest, deer, bear, hunt, talking animal, 3d animation",85000000,200811689,13.8375,6.2,3080
449562,The Hustle,"Two female scam artists, one low rent and the other high class, compete to swindle a naïve tech prodigy out of his fortune. A remake of the 1988 comedy ""Dirty Rotten Scoundrels.""",2019-05-09,94,en,"Comedy, Crime","bet, competition, affectation, con artist, swindler, remake, aftercreditsstinger, con woman, candid, satirical, appreciative, awestruck, celebratory, cheerful, cliché, enthusiastic, euphoric, mocking, optimistic",21000000,97400000,13.836,6.2,2758
1497463,All That We Never Were,"19-year-old Leah navigates a coming-of-age journey in the wake of a tragic car accident that claims her parents. Relocated to a coastal town under the care of her brother’s best friend Axel, Leah grapples with grief, haunting nightmares and a fractured sense of self.",2026-06-04,114,es,"Drama, Romance","based on novel or book, grief, detached, romantic drama, romantic",0,0,13.8188,8.195,100
445571,Game Night,"Max and Annie's weekly game night gets kicked up a notch when Max's brother Brooks arranges a murder mystery party -- complete with fake thugs and federal agents. So when Brooks gets kidnapped, it's all supposed to be part of the game. As the competitors set out to solve the case, they start to learn that neither the game nor Brooks are what they seem to be. The friends soon find themselves in over their heads as each twist leads to another unexpected turn over the course of one chaotic night.",2018-02-15,100,en,"Mystery, Comedy, Crime","jealousy, husband wife relationship, married couple, sarcasm, dark comedy, insult, revenge, neighbor, dog, game, group of friends, corvette stingray, creepy neighbor, aftercreditsstinger, embarrasment, brother brother relationship, board games, high concept",37000000,117501013,13.8039,6.848,6506
77931,The Smurfs 2,"The evil wizard Gargamel creates a couple of mischievous Smurf-like creatures called the Naughties that he hopes will let him harness the all-powerful, magical Smurf-essence. But when he discovers that only a real Smurf can give him what he wants, and only a secret spell that Smurfette knows can turn the Naughties into real Smurfs, Gargamel kidnaps Smurfette and brings her to Paris, where he has been winning the adoration of millions as the world¹s greatest sorcerer. It's up to Papa, Clumsy, Grouchy, and Vanity to return to our world, reunite with their human friends Patrick and Grace Winslow, and rescue her! Will Smurfette, who has always felt different from the other Smurfs, find a new connection with the Naughties Vexy and Hackus or will the Smurfs convince her that their love for her is True Blue?",2013-07-30,105,en,"Fantasy, Family, Comedy, Animation","magic, based on comic, sequel, aftercreditsstinger, duringcreditsstinger, live action and animation, 3d animation",105000000,347434178,13.7934,5.747,2416
974262,Descendants: The Rise of Red,"After the Queen of Hearts incites a coup on Auradon, her rebellious daughter Red and Cinderella's perfectionist daughter Chloe join forces and travel back in time to try to undo the traumatic event that set Red's mother down her villainous path.",2024-07-11,92,en,"Fantasy, Adventure, Family, Comedy","descendant, time travel, musical, sequel, spin off, cinderella, wonderland",0,0,13.7834,6.7,530
1241436,Warfare,"A platoon of Navy SEALs embarks on a dangerous mission in Ramadi, Iraq, with the chaos and brotherhood of war retold through their memories of the event.",2025-04-09,95,en,"War, Action","u.s. navy seal, docudrama, iraq war, platoon, desert, behind enemy lines, real time, rookie, post 9/11, 2000s",20000000,34902602,13.7753,7.1,1628
133121,Resident Evil: Damnation,"U.S. federal agent Leon S. Kennedy sneaks into the ""East Slavic Republic"" to verify rumors that Bio-Organic Weapons (BOWs) are being used in the country's civil war, which the U.S. and Russia are making preparations to jointly intervene in. Right after his infiltration, the U.S. government orders him to leave immediately. Determined to uncover the truth, Leon ignores the order and enters the battlefield to end the chain of tragedies caused by the BOWs.",2012-09-25,100,ja,"Action, Animation, Science Fiction, Horror","mind control, biological weapon, dystopia, political instability, gore, infection, sequel, zombie, based on video game, survival horror, adult animation, parasite underneath skin, military operation, anime, genetic mutation, unkillable monster",0,2325035,13.7704,6.888,1026
370663,Below Her Mouth,An unexpected affair quickly escalates into a heart-stopping reality for two women whose passionate connection changes their lives forever.,2017-02-10,91,en,"Drama, Romance","sexual identity, infidelity, female friendship, love, lesbian relationship, female protagonist, love affair, lust, lesbian sex, sexual desire, lgbt, woman director, erotic movie, gender identity, lesbian, girls' love (gl)",0,33673,13.7621,6.8,1324
9631,The Negotiator,"The police try to arrest expert hostage negotiator Danny Roman, who insists he's being framed for his partner's murder in what he believes is an elaborate conspiracy. Thinking there's evidence in the Internal Affairs offices that might clear him, he takes everyone in the office hostage and demands that another well-known negotiator be brought in to handle the situation and secretly investigate the conspiracy.",1998-07-29,140,en,"Action, Crime, Drama, Thriller","chicago, illinois, corruption, police, hostage, innocence, pension, hostage-taking, murder, conspiracy, bullet wound, urban setting, negotiator",50000000,44547681,13.753,7.116,2501
1397485,Girls Like Girls,"After her mother's passing, 17-year-old Coley navigates new feelings of intimacy with Sonya in rural Oregon, where both girls must overcome their mutual uncertainties and self-doubt to embrace their connection.",2026-06-18,95,en,"Romance, Drama","based on novel or book, coming of age, based on song, poem or rhyme, first love, lgbt, queer, lesbian, girls' love (gl), sapphic",0,1913765,13.7296,7.514,69
348893,Boyka: Undisputed IV,"In the fourth installment of the fighting franchise, Boyka is shooting for the big leagues when an accidental death in the ring makes him question everything he stands for. When he finds out the wife of the man he accidentally killed is in trouble, Boyka offers to fight in a series of impossible battles to free her from a life of servitude.",2016-08-01,87,en,"Action, Drama, Thriller, Crime","prison, martial arts, sports, wife, affectation, sequel, accidental death, fighting, hostile, critical, intense, ambivalent, antagonistic, appreciative, assertive, authoritarian, complicated, conceited, defiant, disheartening, earnest, empathetic, excited, gentle",0,63500000,13.7095,7.2,1507
391,A Fistful of Dollars,"The Man With No Name enters the Mexican village of San Miguel in the midst of a power struggle among the three Rojo brothers and sheriff John Baxter. When a regiment of Mexican soldiers bearing gold intended to pay for new weapons is waylaid by the Rojo brothers, the stranger inserts himself into the middle of the long-simmering battle, selling false information to both sides for his own benefit.",1964-09-12,99,it,Western,"gunslinger, based on novel or book, hostility, greed, gang war, remake, murder, gun battle, spaghetti western, middleman, rivals, gun death, pitting ones enemy's against each other, techniscope",200000,14500000,13.7025,7.8,4879
10202,Bedtime Stories,Skeeter Bronson is a down-on-his-luck guy who's always telling bedtime stories to his niece and nephew. But his life is turned upside down when the fantastical stories he makes up for entertainment inexplicably turn into reality. Can a bewildered Skeeter manage his own unruly fantasies now that the outrageous characters and situations from his mind have morphed into actual people and events?,2008-12-24,99,en,"Fantasy, Comedy, Family, Romance","wishes come true, escapade, disorder, imaginary, miraculous event, imaginary kingdom, life turned upside down, nothing goes right",80000000,212874864,13.6918,6.161,3054
83542,Cloud Atlas,"A set of six nested stories spanning time between the 19th century and a distant post-apocalyptic future. Cloud Atlas explores how the actions and consequences of individual lives impact one another throughout the past, the present and the future. Action, mystery and romance weave through the story as one soul is shaped from a killer into a hero and a single act of kindness ripples across centuries to inspire a revolution in the distant future.  Based on the award winning novel by David Mitchell. Directed by Tom Tykwer and the Wachowskis.",2012-10-26,172,en,"Drama, Science Fiction","future, artificial intelligence (a.i.), based on novel or book, san francisco, california, clone, dystopia, lgbt, multiple storylines, duringcreditsstinger, century, woman director, 1930s, awestruck",102000000,130482868,13.6781,6.899,7698
509,Notting Hill,London bookstore owner William Thacker's quiet life turns upside down when a chance encounter with famous actress Anna Scott sparks an unlikely romance challenged by their vastly different worlds.,1999-05-21,124,en,"Romance, Comedy","new love, london, england, bookshop, roommates, press conference, paparazzi, interview, romcom, birthday party, fame, falling in love, group of friends, tabloid, valentine's day, movie star, nostalgic, social differences, movie set, dinner party, dating woes, wealth differences, awkward situation, movie theater, unexpected romance, best friends, unlikely romance, bookstore owner, famous actress, comforting, charming romances and delightful chemistry, bookshop owner",42000000,363889678,13.6773,7.261,6903
1241921,A Big Bold Beautiful Journey,"Sarah and David are single strangers who meet at a mutual friend’s wedding and soon, through a surprising twist of fate, find themselves on a funny, fantastical, sweeping adventure together where they get to re-live important moments from their respective pasts, illuminating how they got to where they are in the present... and possibly getting a chance to alter their futures.",2025-09-17,109,en,"Romance, Fantasy, Drama","door, journey, memories",45000000,22393413,13.6715,6.1,445
9593,Last Action Hero,"After his father's death, a young boy finds solace in action movies featuring an indestructible cop. Given a magic ticket by a theater manager, he is transported into the film and teams up with the cop to stop a villain who escapes into the real world.",1993-06-18,131,en,"Fantasy, Action, Comedy","hero, magic, villain, parody, child in peril, film in film, breaking the fourth wall, spoof, magical object, cartoon cat, ticket, self-referential, projectionist, child's point of view, action hero, good versus evil",85000000,137298489,13.6713,6.489,3116
11674,101 Dalmatians,"An evil, high-fashion designer plots to steal Dalmatian puppies in order to make an extravagant fur coat, but instead creates an extravagant mess.",1996-11-27,103,en,"Family, Comedy","london, england, fur, fashion designer, puppy, fur coat, based on children's book, dog, dalmatian, female villain, pets, live action remake, playful",54000000,320689294,13.6692,5.9,3733
755566,Day Shift,An LA vampire hunter has a week to come up with the cash to pay for his kid's tuition and braces. Trying to make a living these days just might kill him.,2022-08-05,114,en,"Action, Horror, Comedy","california, vampire, vampire hunter (slayer), los angeles, california, buddy comedy",100000000,0,13.6652,6.734,2291
37710,The Tourist,"American tourist Frank meets mysterious British woman Elise on the train to Venice. Romance seems to bud, but there's more to her than meets the eye.",2010-12-08,103,en,"Action, Thriller, Romance","hotel, paris, france, undercover agent, venice, italy, fake identity, boat chase",100000000,278731369,13.6634,6.189,5871
509967,6 Underground,"After faking his death, a tech billionaire recruits a team of international operatives for a bold and bloody mission to take down a brutal dictator.",2019-12-10,128,en,"Action, Comedy, Thriller","dictator, florence, italy, shootout, fictitious country, evil dictator, anxious, street shootout, ridiculous",150000000,0,13.8483,6.328,5314
13374,Ice Princess,"With the help of her coach, her mom, and the boy who drives the Zamboni, nothing can stop Casey Carlyle from realizing her dream to be a champion figure skater.",2005-03-17,98,en,"Family, Drama, Comedy","sports, competition, rivalry, high school sports, love, teen movie, figure skating, teenage girl, school, female protagonist, university, teacher student relationship, new england, ice skating, mother daughter relationship, female coach, ice skater, high school athlete, adoring, defiant, enthusiastic",25000000,27645491,14.4334,6.4,967
786,Almost Famous,"In 1973, a precocious 15-year-old aspiring rock journalist lands a dream assignment from Rolling Stone to tour with a rising rock band, embarking on a coming-of-age journey as he discovers the exhilarating and heartbreaking realities behind rock stardom.",2000-09-15,124,en,"Drama, Music","concert, rock 'n' roll, drug addiction, groupie, music journalist, based on true story, coming of age, promiscuity, on the road, rock band, domineering mother, reconciliation, semi autobiographical, innocence lost, bus trip, aspiring writer, music tour, mischievous, cautionary, teenager, amused, celebratory, frustrated, powerful",60000000,47386287,13.4019,7.503,3243
36586,Blade II,"Blade forms an uneasy alliance with the vampire council in order to combat the Reapers, who are feeding on vampires.",2002-03-22,117,en,"Fantasy, Horror, Action, Thriller","martial arts, mutation, vampire, lasersight, superhero, katana, supernatural, based on comic, vampire hunter (slayer), revenge, tragic villain, super power, reaper, sword duel, urban gothic, anxious, good versus evil",54000000,155010032,13.1865,6.573,5424
206647,Spectre,"A cryptic message from Bond’s past sends him on a trail to uncover a sinister organization. While M battles political forces to keep the secret service alive, Bond peels back the layers of deceit to reveal the terrible truth behind SPECTRE.",2015-10-26,148,en,"Action, Adventure, Thriller","based on novel or book, spy, secret society, secret agent, austria, sequel, boat chase, mi6, british secret service, united kingdom, day of the dead, james bond, ambiguous",245000000,880707597,12.0732,6.572,11503
581528,"The Gangster, the Cop, the Devil","After barely surviving a brutal attack by a sadistic serial killer, crime boss Jang Dong-su is left humiliated. Determined to catch the killer known as K, he forms an uneasy alliance with Jung Tae-seok, a relentless and incorruptible detective who often disrupts his illegal business. However, while Jang Dong-su wants K dead, Jung Tae-suk is determined to bring him to justice. With a deal in place—whoever finds K first will decide his fate—the hunt begins, blurring the lines between crime and law.",2019-05-15,110,ko,"Action, Crime, Thriller","police, gangster, based on true story, serial killer, gang, dramatic, defiant",6500000,25775371,19.0854,7.881,1581
846422,The Old Guard 2,Andy and her team of immortal warriors fight with renewed purpose as they face a powerful new foe threatening their mission to protect humanity.,2025-07-01,107,en,"Action, Fantasy","immortality, based on comic, sequel, interracial romance, lgbt, found family, queer, gay theme, body horror",0,0,16.1071,5.9,1051
254320,The Lobster,"In a dystopian near future, single people, according to the laws of The City, are taken to The Hotel, where they are obliged to find a romantic partner in forty-five days or are transformed into animals and sent off into The Woods.",2015-10-15,119,en,"Comedy, Drama, Romance","hotel, suicide attempt, boat, dystopia, woods, romance, punishment, revenge, swimming, grave digging, dead rabbit, blind woman, manhunt, shooting an animal, irreverent, farcical, scathing",4000000,15700000,13.2955,7.0,7100
82693,Silver Linings Playbook,"After losing his job and wife, and spending time in an institution, a former teacher winds up living with his parents. He wants to rebuild his life and reconcile with his wife, but his father would be happy if he shared his obsession with the Philadelphia Eagles. Things get complicated when he meets Tiffany Maxwell who offers to help him reconnect with his wife if he will do something very important for her in exchange.",2012-11-16,122,en,"Drama, Comedy, Romance","depression, infidelity, dancing, friendship, philadelphia, pennsylvania, based on novel or book, italian american, widow, superstition, letter, dance competition, mental institution, obsessed fan, therapy, mental illness, ex-wife, institutionalization, death of husband, sports gambling, unfaithful wife, obsessed with a woman, father son relationship, adulterous wife, cheerful, philadelphia eagles, former teacher, football fans, release from psychiatric institution",21000000,236412453,11.7608,7.154,12865
60304,Hansel & Gretel: Witch Hunters,"After getting a taste for blood as children, Hansel and Gretel have become the ultimate vigilantes, hell-bent on retribution. Now, unbeknownst to them, Hansel and Gretel have become the hunted, and must face an evil far greater than witches... their past.",2013-01-17,88,en,"Fantasy, Horror, Action","witch, gun, witch burning, black magic, troll, steampunk, witchcraft, evil, witch hunt, evil witch, based on fairy tale, duringcreditsstinger, nude swimming, child abduction, blood moon",50000000,226349749,12.909,6.11,7242
222935,The Fault in Our Stars,"Despite the tumor-shrinking medical miracle that has bought her a few years, Hazel has never been anything but terminal, her final chapter inscribed upon diagnosis. But when a patient named Augustus Waters suddenly appears at Cancer Kid Support Group, Hazel's story is about to be completely rewritten.",2014-06-03,126,en,"Romance, Drama","based on novel or book, support group, amsterdam, netherlands, cancer, valentine's day, star crossed lovers, teen drama, oxygen tank, based on young adult novel, sentimental",14000000,307166834,13.0708,7.588,11708
1979,Fantastic Four: Rise of the Silver Surfer,"The Fantastic Four return to the big screen as a new and all powerful enemy threatens the Earth. The seemingly unstoppable 'Silver Surfer', but all is not what it seems and there are old and new enemies that pose a greater threat than the intrepid superheroes realize.",2007-06-13,92,en,"Science Fiction, Adventure, Action","mask, surfboard, helicopter, fire, airplane, superhero, transformation, satellite, forest, resurrection, based on comic, sequel, space, wedding, explosion, scientist, interrogation, double cross, military, earth in peril, superhuman strength, duringcreditsstinger, invisibility, silver surfer, forcefield, elasticity, teamwork, suspenseful, amused",130000000,301913131,12.6593,5.636,8598
522162,Midway,"The story of the Battle of Midway, and the leaders and soldiers who used their instincts, fortitude and bravery to overcome massive odds.",2019-11-06,138,en,"War, History, Drama, Action","world war ii, u.s. navy, based on true story, battle of midway, pacific war, historical fiction, pacific theater, naval warfare, 1940s",100000000,127400000,11.7478,7.101,2817
916224,Suzume,"Suzume, 17, lost her mother as a little girl. On her way to school, she meets a mysterious young man. But her curiosity unleashes a calamity that endangers the entire population of Japan, and so Suzume embarks on a journey to set things right.",2022-11-11,122,ja,"Animation, Drama, Adventure, Fantasy","magic, door, natural disaster, calamity, travel, teenage girl, female protagonist, shrine, supernatural creature, enviromental, journey, anime, great east japan earthquake, great kantō earthquake, adventure, miyagi, japan, bewildered, disaster aftermath",13000000,314992206,11.9238,7.887,1853
21058,Spring in a Small Town,A married couple living in a desolate small town in post-WWII China are paid a surprise visit by an old friend of the husband's.,1948-02-01,94,zh,"Drama, Romance","small town, spring, family relationships, loveless marriage, 1940s",0,0,12.8502,7.2,109
65754,The Girl with the Dragon Tattoo,"Disgraced journalist Mikael Blomkvist investigates the disappearance of a weary patriarch's niece from 40 years ago. He is aided by the pierced, tattooed, punk computer hacker named Lisbeth Salander. As they work together in the investigation, Blomkvist and Salander uncover immense corruption beyond anything they have ever imagined.",2011-12-14,158,en,"Thriller, Crime, Mystery","journalist, island, rape, hacker, based on novel or book, nazi, journalism, sweden, investigation, punk rock, scandinavia, stockholm, sweden, remake, antisocial personality disorder, disappearance, serial killer, hacking, sadist, biting, bible quote, dead cat, millennium, based on movie, aggressive, abuse, cold case, locked room mystery, dreary, missing girl, cruel",90000000,232617430,12.6594,7.386,7816
158015,The Purge,"Given the country's overcrowded prisons, the U.S. government begins to allow 12-hour periods of time in which all illegal activity is legal. During one of these free-for-alls, a family must protect themselves from a home invasion.",2013-05-31,85,en,"Science Fiction, Horror, Thriller","california, dystopia, barricade, bloody fight, home invasion, survival horror, blood lust, rich vs poor, constitutional convention, legalized murder, social allegory, purge, bloody, bloody death, family's house",3000000,91266581,13.8555,6.244,9024
316727,The Purge: Election Year,"Two years after choosing not to kill the man who killed his son, former police sergeant Leo Barnes has become head of security for Senator Charlene Roan, the front runner in the next Presidential election due to her vow to eliminate the Purge. On the night of what should be the final Purge, a betrayal from within the government forces Barnes and Roan out onto the street where they must fight to survive the night.",2016-06-29,109,en,"Action, Horror, Thriller","dystopia, sequel, survival horror, calvary, legalized murder, purge, attack on politician, military attack",10000000,118587880,14.7069,6.38,5596
1259102,Eternity,"In an afterlife where souls have one week to decide where to spend eternity, Joan is faced with the impossible choice between the man she spent her life with and her first love, who died young and has waited decades for her to arrive.",2025-11-10,114,en,"Romance, Comedy, Drama","afterlife, widow, marriage, romcom, woman between two men, first love, death of husband, eternity, death of spouse, reflective, difficult choice, memories, loving, fantasy, reminiscent, souls",12000000,32867848,13.2371,7.105,863
9392,The Descent,"After a personal tragedy, Sarah joins her friends on a caving expedition in the Appalachian Mountains. But when a rockfall traps them deep underground, their adventure turns into a nightmare. As they search for a way out, the group discovers they are not alone—lurking in the darkness are savage, cave-dwelling creatures. With rising tension and dwindling trust, the women must fight to survive against both the predators and each other.",2005-07-08,100,en,"Adventure, Horror","panic, darkness, mutant, expedition, cave, claustrophobia, trauma, gore, female friendship, rope, climbing, appalachia, friends, female protagonist, best friend, creature, survival horror, grieving, speleology, camcorder, suspenseful, ambivalent",3500000,57130027,14.0145,7.0,4597
1029955,Kinds of Kindness,"A triptych fable following a man without choice who tries to take control of his own life; a policeman who is alarmed that his wife who was missing-at-sea has returned and seems a different person; and a woman determined to find a specific someone with a special ability, who is destined to become a prodigious spiritual leader.",2024-05-30,164,en,"Comedy, Drama","husband wife relationship, dark comedy, anthology, sexual violence, mental illness, moral dilemma, shocking, dramedy, absurdism, victim blaming, self-harm, greek tragedy, cannibalism, drugging someone, suspenseful, sexual content, sex cult",15000000,16398509,14.1731,6.5,1365
568,Apollo 13,"The true story of technical troubles that scuttle the Apollo 13 lunar mission in 1970, risking the lives of astronaut Jim Lovell and his crew, with the failed journey turning into a thrilling saga of heroism. Drifting more than 200,000 miles from Earth, the astronauts work furiously with the ground crew to avert tragedy.",1995-06-30,140,en,"Drama, History","rescue, florida, race against time, moon, nasa, spaceman, based on true story, houston, texas, survival, space, disaster, explosion, astronaut, hypothermia, apollo program, lunar mission, spacecraft accident, inspirational",52000000,355237933,13.0692,7.463,6134
617653,The Last Duel,"King Charles VI declares that Knight Jean de Carrouges settle his dispute with his squire, Jacques Le Gris, by challenging him to a duel.",2021-10-13,153,en,"Drama, History, Thriller","rape, based on novel or book, castle, male friendship, normandy, france, based on true story, trial, battlefield, knight, duel, battle, historical, catholic, sword duel, rape and revenge, historical drama, trial by combat, nobleman, squire, 14th century, knighthood, medieval france, medieval times, conceited",100000000,30552111,13.4682,7.4,4020
274870,Passengers,"A spacecraft traveling to a distant colony planet and transporting thousands of people has a malfunction in its sleep chambers. As a result, two passengers are awakened 90 years early.",2016-12-21,116,en,"Drama, Romance, Science Fiction","android, spacecraft, asteroid, isolation, shower, hibernation, swimming pool, automation, space, robot, space station, lying, gravity, trapped in space, shocking, malfunction, cryonics, proprietary, fusion reactor",110000000,303144152,12.6315,6.955,14530
4233,Scream 2,"Two years after the Woodsboro murders, Sidney Prescott acclimates to college life while someone donning the Ghostface costume begins a new string of killings.",1997-12-12,120,en,"Horror, Mystery","mask, halloween, college, ohio, campus, sequel, slaughter, serial killer, slasher, university, self-referential, copycat killer, approving",24000000,172363301,12.7585,6.524,4912
6947,The Village,"When a willful young man tries to venture beyond his sequestered Pennsylvania hamlet, his actions set off a chain of chilling incidents that will alter the community forever.",2004-07-30,108,en,"Drama, Mystery, Thriller","pennsylvania, usa, twist, forest, rural area, blindness, courtship, mentally handicapped man, aura, village council, bosque, plot twist",60000000,256700000,13.1393,6.493,4740
1042834,Eden,"A group of disillusioned outsiders abandon modern society in search of a new beginning. Settling on a remote, uninhabited island, their utopian dream quickly unravels as they discover that the greatest threat isn’t the brutal climate or deadly wildlife, but each other.",2025-04-03,129,en,"Thriller, Drama","relationship problems, survival, neighborhood, neighbor neighbor relationship, aggressive, isolated island, life on the margin, struggle for independence, casual, admiring, adoring, appreciative, arrogant",50000000,1907486,12.702,6.688,754
36955,True Lies,"A fearless, globe-trotting, terrorist-battling secret agent has his life turned upside down when he discovers his wife might be having an affair with a used car salesman while terrorists smuggle nuclear war heads into the United States.",1994-07-15,141,en,"Action, Thriller","florida, horseback riding, gun, kidnapping, spy, florida keys, secret agent, terrorism, terrorist plot, top secret, mushroom cloud, jackhammer, special agent, key west, mischievous, appreciative",115000000,378900000,14.6252,7.103,4748
531309,Brightburn,"What if a child from another world crash-landed on Earth, but instead of becoming a hero to mankind, he proved to be something far more sinister?",2019-05-09,91,en,"Horror, Science Fiction, Drama","husband wife relationship, countryside, child murder, country life, kansas, usa, super power, super villain, father son relationship, mother son relationship",6000000,33224654,11.5285,6.2,3625
365177,Borderlands,"Returning to her home planet, an infamous bounty hunter forms an unexpected alliance with a team of unlikely heroes. Together, they battle monsters and dangerous bandits to protect a young girl who holds the key to unimaginable power.",2024-08-07,101,en,"Action, Science Fiction, Comedy","outlaw, based on video game, unlikely friendship, talking robot, missing girl, band of misfits, mysterious power, dangerous quest, vault hunters, psychotic enemies, post‑apocalyptic chaos, space western vibe, funny robot",115000000,33017367,13.87,5.525,1586
819,Sleepers,Two gangsters seek revenge on the state jail worker who during their stay at a youth prison sexually abused them. A sensational court hearing takes place to charge him for the crimes.,1996-10-18,147,en,"Crime, Drama, Thriller","child abuse, sexual abuse, based on novel or book, court case, court, gangster, repayment, sadistic, narration, pastor, irish-american, juvenile prison, revenge, murder, organized crime, gang, juvenile delinquent, reform school, manhattan, new york city, prank gone wrong, 1980s, kids, 1960s, courtroom drama, legal drama, hell's kitchen, catholic church",44000000,165600000,13.5068,7.598,4047
804150,Cocaine Bear,"Inspired by a true story, an oddball group of cops, criminals, tourists and teens converge in a Georgia forest where a 500-pound black bear goes on a murderous rampage after unintentionally ingesting cocaine.",2023-02-22,95,en,"Thriller, Comedy, Crime","cocaine, animal attack, georgia, based on true story, rampage, duringcreditsstinger, woman director, animal horror, satirical, black bear, apex predator, casual",32500000,88314672,15.0445,5.988,2545
23168,The Town,A proficient group of thieves rob a bank and hold the manager hostage. Things begin to get complicated when one of the crew members falls in love with her.,2010-09-15,125,en,"Crime, Drama, Thriller","drug dealer, based on novel or book, ambulance, boston, massachusetts, money laundering, irish-american, bank manager, massachusetts, florist, flower shop, stolen money, hold-up robbery, volunteer, heist, friends, boston garden, shootout, police chase, best friend, bank robbery, car fire, fenway park, criminal gang, desperate, fbi agent, violence",37000000,154026136,13.0752,7.225,5850
1480,Touch of Evil,"A border-town bombing draws Mexican investigator Miguel Vargas into a corruption-ridden police investigation led by crooked captain Hank Quinlan, setting off a deadly struggle over power, justice, and truth.",1958-03-30,111,en,"Crime, Thriller, Drama","hotel, gangster, brothel, border, investigation, honeymoon, usa–mexico border, car bomb, film noir, black and white",829000,2247500,15.4122,7.742,1650
33,Unforgiven,"William Munny is a retired, once-ruthless killer turned gentle widower and hog farmer. To help support his two motherless children, he accepts one last bounty-hunter mission to find the men who brutalized a prostitute. Joined by his former partner and a cocky greenhorn, he takes on a corrupt sheriff.",1992-08-07,130,en,Western,"prostitute, sheriff, right and justice, regret, wyoming, usa, kansas, usa, revenge, mutilation, one last job, reputation, 19th century, englishman, somber, pig farmer, excited",14400000,159157447,13.1682,7.914,5124
497582,Enola Holmes,"While searching for her missing mother, intrepid teen Enola Holmes uses her sleuthing skills to outsmart big brother Sherlock and help a runaway lord.",2020-09-22,124,en,"Adventure, Mystery, Crime","based on novel or book, detective, child prodigy, victorian england, female protagonist, period drama, female detective, speculative, runaway teen, books, mother daughter relationship, brother sister relationship, teen adventure, sherlock holmes, absurd, childish love interest, cliché, farcical",21000000,0,13.5145,7.213,6848
856,Who Framed Roger Rabbit,"Toon star Roger is worried that his wife Jessica is playing pattycake with someone else, so the studio hires detective Eddie Valiant to snoop on her. But the stakes are quickly raised when Marvin Acme is found dead and Roger is the prime suspect.",1988-06-22,104,en,"Fantasy, Animation, Comedy, Crime","lovesickness, based on novel or book, falsely accused, movie business, innocence, suspicion of murder, cartoon, villain, mental breakdown, whodunit, los angeles, california, private detective, movie star, cartoon rabbit, neo-noir, 1940s, live action and animation, dreary, shaggy dog story",50600000,351500000,13.4558,7.542,6361
2164,Stargate,"An interstellar teleportation device, found in Egypt, leads to a planet with humans resembling ancient Egyptians who worship the god Ra.",1994-10-28,121,en,"Action, Adventure, Science Fiction","egypt, teleportation, pyramid, space travel, uprising, space, androgyny, space western, timebomb, death of son, nuclear weapons, space opera, hieroglyph, egyptian mythology, egyptology",55000000,196567262,13.4859,7.0,3984
9488,Spy Kids 2: The Island of Lost Dreams,"Exploring the further adventures of Carmen and Juni Cortez, who have now joined the family spy business as Level 2 OSS agents. Their new mission is to save the world from a mad scientist living on a volcanic island populated by an imaginative menagerie of creatures. On this bizarre island, none of the Cortez's gadgets work and they must rely on their wits--and each other--to survive and save the day.",2002-08-07,100,en,"Family, Action, Adventure, Comedy, Science Fiction","island, experiment, spy, wretch, secret organization, villain, rivalry, sequel, scientist, secrecy",38000000,119723358,13.4752,5.653,2405
1358005,Office Romance,"Jackie, President and CEO of Air Cruz, runs a tight ship in her business, including a rigid anti-fraternization policy for all her employees. When a new sexy lawyer begins working for her, that policy becomes very tested.",2026-06-04,115,en,"Romance, Comedy","romcom, lawyer, ceo, airline, office romance, shocking, love story",0,0,13.4749,6.4,383
1226578,Longlegs,"FBI Agent Lee Harker is a gifted new recruit assigned to the unsolved case of an elusive serial killer. As the case takes complex turns, unearthing evidence of the occult, Harker discovers a personal connection to the merciless killer and must race against time to stop him before he claims the lives of another innocent family.",2024-07-10,101,en,"Crime, Horror, Mystery","homicide, fbi, religion and supernatural, haunting, satanism, barn, satanist, code, oregon, usa, flashback, murder, serial killer, religion, female protagonist, corpse, series of murders, violent death, killing spree, catholic, death, death in family, occult, satanic cult, clairvoyant, crime spree, rookie, crime investigation, manic, sadistic psychopath, unsettling, scary doll, accomplice, 1990s, dread, creepy doll, psychological terror, complex, singing in a car, haunted doll, homicide investigation, supernatural horror, female investigator, children in danger, psychological horror",10000000,127961936,13.4676,6.522,2890
581726,Infinite,"Evan McCauley has skills he never learned and memories of places he has never visited. Self-medicated and on the brink of a mental breakdown, a secret group that call themselves “Infinites” come to his rescue, revealing that his memories are real.",2021-09-09,106,en,"Science Fiction, Action, Adventure","based on novel or book, secret organization, reincarnation, memories, matter of fact, straightforward",0,0,13.4644,6.6,2223
302699,Central Intelligence,"Calvin Joyner, a mild-mannered accountant whose high school glory days are long behind him, reconnects with an awkward pal from high school through Facebook. After meeting up, Calvin’s mundane life takes an unexpectedly thrilling turn when he's thrust into the world of international espionage.",2016-06-15,107,en,"Action, Comedy","central intelligence agency (cia), espionage, spy, secret agent, high school reunion, reconnect, accountant, radical transformation, high school classmates, glory days",50000000,216972543,13.4589,6.414,6502
2832,Identity,"Complete strangers stranded at a remote desert motel during a raging storm soon find themselves the target of a deranged murderer. As their numbers thin out, the travelers begin to turn on each other, as each tries to figure out who the killer is.",2003-04-25,90,en,"Mystery, Thriller","prostitute, prisoner, psychopath, nevada, detective, rain, motel, weather, ex-cop, murder, stranded, serial killer, slasher, psychological thriller, whodunit, storm, psychiatrist, convict, thunderstorm, rainstorm, split personality, mental disorders, murder mystery, dissociative identity disorder, isolated place",28000000,90259536,13.4578,7.178,4551
1635,The Island,"In 2019, Lincoln Six-Echo is a resident of a seemingly ""Utopian"" but contained facility. Like all of the inhabitants of this carefully-controlled environment, Lincoln hopes to be chosen to go to The Island — reportedly the last uncontaminated location on the planet. But Lincoln soon discovers that everything about his existence is a lie.",2005-07-21,136,en,"Action, Thriller, Science Fiction","genetics, love of one's life, escape, freedom, dystopia, transhumanism, false memory, plague, human clone, 2010s, organ trafficking, sympathetic",126000000,162949164,13.4543,6.694,6086
1621,Trading Places,A snobbish investor and a wily street con-artist find their positions reversed as part of a bet by two callous millionaires.,1983-06-07,116,en,Comedy,"new year's eve, prostitute, philadelphia, pennsylvania, butler, christmas party, satire, rags to riches, broker, beggar, wager, stockbroker, fish out of water, millionaire, commodities, investor, hoodlum, wrongful arrest, rich snob, christmas, riches to rags, new year, mischievous, christmas eve, irreverent, absurd, dramatic, hilarious, amused, disrespectful, exhilarated",15000000,90404800,13.4485,7.229,3781
522938,Rambo: Last Blood,"After fighting his demons for decades, John Rambo now lives in peace on his family ranch in Arizona, but his rest is interrupted when Gabriela, the granddaughter of his housekeeper María, disappears after crossing the border into Mexico to meet her biological father. Rambo, who has become a true father figure for Gabriela over the years, undertakes a desperate and dangerous journey to find her.",2019-09-18,89,en,"Action, Thriller, Drama","post-traumatic stress disorder (ptsd), arizona, human trafficking, sequel, revenge, father figure, horse ranch, mexican american border, revenge plot, mexican cartel, rescue operation, inner demons, close‑quarters combat, cartel violence, underground tunnels, surrogate family, ruthless antagonists, protective guardian",50000000,91500000,13.4466,6.539,4352
14001,Dead Silence,"Jamie returns to his hometown in search of answers to his wife's murder, which occurred after receiving a weird package containing a ventriloquist dummy named Billy, which may be linked to the legend of ventriloquist Mary Shaw. Destined to find out the truth, Jamie goes to the town of Raven's Fair, where Shaw used to perform and is buried. But Jamie is in for more than he expected.",2007-03-16,89,en,Horror,"funeral, legend, tombstone, detective, supernatural, clown, flashback, ventriloquist, urban legend, curse, mansion, widower, gothic, doll, ghost story, ventriloquist's dummy, supernatural horror",20000000,22382047,13.4314,6.454,2522
820525,After Everything,"Besieged by writer’s block and the crushing breakup with Tessa, Hardin travels to Portugal in search of a woman he wronged in the past – and to find himself. Hoping to win back Tessa, he realizes he needs to change his ways before he can make the ultimate commitment.",2023-09-13,93,en,"Romance, Drama","based on novel or book, alcohol, forgiveness, lisbon, portugal, trauma, writer's block, sequel, love, grief, author, wedding, biting, anger, blunt, social media, troubled past, candid, dysfunctional relationship, breaking up with boyfriend, based on young adult novel, fanfic",14000000,10644463,13.4287,6.891,1021
9461,Enter the Dragon,A martial artist agrees to spy on a reclusive crime lord using his invitation to a tournament there as cover.,1973-08-17,102,en,Action,"island, martial arts, kung fu, temple, monk, spy, shaolin, sister, hong kong, shaolin monk, east asian lead, martial arts tournament, crime lord",850000,21531361,13.4231,7.414,2173
4513,30 Days of Night,"This is the story of an isolated Alaskan town that is plunged into darkness for a month each year when the sun sinks below the horizon. As the last rays of light fade, the town is attacked by a bloodthirsty gang of vampires bent on an uninterrupted orgy of destruction. Only the small town's husband-and-wife Sheriff team stand between the survivors and certain destruction.",2007-10-17,113,en,"Horror, Thriller","sunrise, winter, marriage crisis, vampire, based on comic, alaska, creature, based on graphic novel, blizzard, blood lust, polar night, horror",30000000,80276156,13.4167,6.4,3180
714,Tomorrow Never Dies,A deranged media mogul is staging international incidents to pit the world's superpowers against each other. Now James Bond must take on this evil mastermind in an adrenaline-charged battle to end his reign of terror and prevent global pandemonium.,1997-12-11,119,en,"Adventure, Action, Thriller","media tycoon, navy, london, england, china, england, missile, spy, secret intelligence service, intelligence, manipulation of the media, special car, motorcycle, secret service, hamburg, germany, news broadcaster, stealth technology, james bond",110000000,333011068,13.4032,6.4,3561
